"../../../Engine/Content/EngineResources/GradientTexture0.uasset" 0
"../../../Engine/Content/EngineResources/GradientTexture0.uexp" 1
"../../../Engine/Content/EngineResources/Black.uasset" 2
"../../../Engine/Content/EngineResources/Black.uexp" 3
"../../../Engine/Content/EditorResources/S_Actor.ubulk" 4
"../../../Engine/Content/EditorResources/S_Actor.uasset" 5
"../../../Engine/Content/EditorResources/S_Actor.uexp" 6
"../../../Engine/Plugins/Animation/ACLPlugin/Content/ACLAnimBoneCompressionSettings.uasset" 7
"../../../Engine/Plugins/Animation/ACLPlugin/Content/ACLAnimBoneCompressionSettings.uexp" 8
"../../../Engine/Plugins/2D/Paper2D/Content/PlaceholderTextures/DummySpriteTexture.ubulk" 9
"../../../Engine/Plugins/2D/Paper2D/Content/PlaceholderTextures/DummySpriteTexture.uasset" 10
"../../../Engine/Plugins/2D/Paper2D/Content/PlaceholderTextures/DummySpriteTexture.uexp" 11
"../../../Engine/Plugins/2D/Paper2D/Content/DummySprite.uasset" 12
"../../../Engine/Plugins/2D/Paper2D/Content/DummySprite.uexp" 13
"../../../Engine/Plugins/2D/Paper2D/Content/DefaultPaperTerrainMaterial.uasset" 14
"../../../Engine/Plugins/2D/Paper2D/Content/DefaultPaperTerrainMaterial.uexp" 15
"../../../Engine/Plugins/NNE/NNEDenoiser/Content/NNEDTOM_Output_Default.uasset" 16
"../../../Engine/Plugins/NNE/NNEDenoiser/Content/NNEDTOM_Output_Default.uexp" 17
"../../../Engine/Plugins/NNE/NNEDenoiser/Content/NNEDTOM_Output_Alpha.uasset" 18
"../../../Engine/Plugins/NNE/NNEDenoiser/Content/NNEDTOM_Output_Alpha.uexp" 19
"../../../Engine/Plugins/NNE/NNEDenoiser/Content/NNEDTIM_ColorAlbedoNormal_Default.uasset" 20
"../../../Engine/Plugins/NNE/NNEDenoiser/Content/NNEDTIM_ColorAlbedoNormal_Default.uexp" 21
"../../../Engine/Plugins/NNE/NNEDenoiser/Content/NNEDTIM_ColorAlbedoNormal_Alpha.uasset" 22
"../../../Engine/Plugins/NNE/NNEDenoiser/Content/NNEDTIM_ColorAlbedoNormal_Alpha.uexp" 23
"../../../Engine/Plugins/NNE/NNEDenoiser/Content/NNEDOM_Output_Default.uasset" 24
"../../../Engine/Plugins/NNE/NNEDenoiser/Content/NNEDOM_Output_Default.uexp" 25
"../../../Engine/Plugins/NNE/NNEDenoiser/Content/NNEDOM_Output_Alpha.uasset" 26
"../../../Engine/Plugins/NNE/NNEDenoiser/Content/NNEDOM_Output_Alpha.uexp" 27
"../../../Engine/Plugins/NNE/NNEDenoiser/Content/NNEDIM_HighQuality_Default.uasset" 28
"../../../Engine/Plugins/NNE/NNEDenoiser/Content/NNEDIM_HighQuality_Default.uexp" 29
"../../../Engine/Plugins/NNE/NNEDenoiser/Content/NNEDIM_HighQuality_Alpha.uasset" 30
"../../../Engine/Plugins/NNE/NNEDenoiser/Content/NNEDIM_HighQuality_Alpha.uexp" 31
"../../../Engine/Plugins/NNE/NNEDenoiser/Content/NNEDIM_ColorAlbedoNormal_Default.uasset" 32
"../../../Engine/Plugins/NNE/NNEDenoiser/Content/NNEDIM_ColorAlbedoNormal_Default.uexp" 33
"../../../Engine/Plugins/NNE/NNEDenoiser/Content/NNEDIM_ColorAlbedoNormal_Alpha.uasset" 34
"../../../Engine/Plugins/NNE/NNEDenoiser/Content/NNEDIM_ColorAlbedoNormal_Alpha.uexp" 35
"../../../Engine/Content/Functions/Engine_MaterialFunctions02/WorldPositionOffset/CameraOffset.uasset" 36
"../../../Engine/Content/Functions/Engine_MaterialFunctions02/WorldPositionOffset/CameraOffset.uexp" 37
"../../../Engine/Plugins/Animation/ControlRig/Content/M_Manip.uasset" 38
"../../../Engine/Plugins/Animation/ControlRig/Content/M_Manip.uexp" 39
"../../../Engine/Content/EditorResources/S_TriggerSphere.uasset" 40
"../../../Engine/Content/EditorResources/S_TriggerSphere.uexp" 41
"../../../Engine/Content/EditorResources/S_TriggerCapsule.uasset" 42
"../../../Engine/Content/EditorResources/S_TriggerCapsule.uexp" 43
"../../../Engine/Content/EditorResources/S_TriggerBox.uasset" 44
"../../../Engine/Content/EditorResources/S_TriggerBox.uexp" 45
"../../../Engine/Content/EditorResources/S_Trigger.ubulk" 46
"../../../Engine/Content/EditorResources/S_Trigger.uasset" 47
"../../../Engine/Content/EditorResources/S_Trigger.uexp" 48
"../../../Engine/Content/EditorResources/S_Terrain.ubulk" 49
"../../../Engine/Content/EditorResources/S_Terrain.uasset" 50
"../../../Engine/Content/EditorResources/S_Terrain.uexp" 51
"../../../Engine/Content/EditorResources/S_Solver.ubulk" 52
"../../../Engine/Content/EditorResources/S_Solver.uasset" 53
"../../../Engine/Content/EditorResources/S_Solver.uexp" 54
"../../../Engine/Content/EditorResources/S_BoxReflectionCapture.uasset" 55
"../../../Engine/Content/EditorResources/S_BoxReflectionCapture.uexp" 56
"../../../Engine/Content/EditorResources/BSPVertex.uasset" 57
"../../../Engine/Content/EditorResources/BSPVertex.uexp" 58
"../../../Engine/Content/EditorMaterials/PreviewShadowIndicator.ubulk" 59
"../../../Engine/Content/EditorMaterials/PreviewShadowIndicator.uasset" 60
"../../../Engine/Content/EditorMaterials/PreviewShadowIndicator.uexp" 61
"../../../Engine/Content/EditorMaterials/PreviewShadowIndicatorMaterial.uasset" 62
"../../../Engine/Content/EditorMaterials/PreviewShadowIndicatorMaterial.uexp" 63
"../../../Engine/Content/EditorMaterials/PhAT_UnselectedMaterial.uasset" 64
"../../../Engine/Content/EditorMaterials/PhAT_UnselectedMaterial.uexp" 65
"../../../Engine/Content/EditorMaterials/PhAT_NoCollisionMaterial.uasset" 66
"../../../Engine/Content/EditorMaterials/PhAT_NoCollisionMaterial.uexp" 67
"../../../Engine/Content/EditorLandscapeResources/WhiteSquareTexture.uasset" 68
"../../../Engine/Content/EditorLandscapeResources/WhiteSquareTexture.uexp" 69
"../../../Engine/Content/EditorLandscapeResources/LayerVisMaterial.uasset" 70
"../../../Engine/Content/EditorLandscapeResources/LayerVisMaterial.uexp" 71
"../../../Engine/Content/Functions/Engine_MaterialFunctions02/Utility/BreakOutFloat2Components.uasset" 72
"../../../Engine/Content/Functions/Engine_MaterialFunctions02/Utility/BreakOutFloat2Components.uexp" 73
"../../../Engine/Content/Functions/Engine_MaterialFunctions01/Texturing/ScaleUVsByCenter.uasset" 74
"../../../Engine/Content/Functions/Engine_MaterialFunctions01/Texturing/ScaleUVsByCenter.uexp" 75
"../../../Engine/Content/Functions/Engine_MaterialFunctions02/WorldPositionOffset/LocalPosition.uasset" 76
"../../../Engine/Content/Functions/Engine_MaterialFunctions02/WorldPositionOffset/LocalPosition.uexp" 77
"../../../Engine/Content/EngineMaterials/DefaultDiffuse.ubulk" 78
"../../../Engine/Content/EngineMaterials/DefaultDiffuse.uasset" 79
"../../../Engine/Content/EngineMaterials/DefaultDiffuse.uexp" 80
"../../../Engine/Content/Functions/Engine_MaterialFunctions01/Texturing/TextureCropping.uasset" 81
"../../../Engine/Content/Functions/Engine_MaterialFunctions01/Texturing/TextureCropping.uexp" 82
"../../../Engine/Content/Functions/Engine_MaterialFunctions02/ExampleContent/DebugNumberStrip.uasset" 83
"../../../Engine/Content/Functions/Engine_MaterialFunctions02/ExampleContent/DebugNumberStrip.uexp" 84
"../../../Engine/Content/Functions/Engine_MaterialFunctions01/Debug/DebugIntValues.uasset" 85
"../../../Engine/Content/Functions/Engine_MaterialFunctions01/Debug/DebugIntValues.uexp" 86
"../../../Engine/Content/EditorLandscapeResources/LandscapeLayerUsageMaterial.uasset" 87
"../../../Engine/Content/EditorLandscapeResources/LandscapeLayerUsageMaterial.uexp" 88
"../../../Engine/Content/EditorLandscapeResources/DefaultAlphaTexture.uasset" 89
"../../../Engine/Content/EditorLandscapeResources/DefaultAlphaTexture.uexp" 90
"../../../Engine/Content/EditorLandscapeResources/LandscapeDirtyMaterial.uasset" 91
"../../../Engine/Content/EditorLandscapeResources/LandscapeDirtyMaterial.uexp" 92
"../../../Engine/Content/Functions/Engine_MaterialFunctions02/Utility/VectorLength.uasset" 93
"../../../Engine/Content/Functions/Engine_MaterialFunctions02/Utility/VectorLength.uexp" 94
"../../../Engine/Content/Functions/Engine_MaterialFunctions02/WorldPositionOffset/ObjectScale.uasset" 95
"../../../Engine/Content/Functions/Engine_MaterialFunctions02/WorldPositionOffset/ObjectScale.uexp" 96
"../../../Engine/Content/Functions/Engine_MaterialFunctions02/Utility/BreakOutFloat3Components.uasset" 97
"../../../Engine/Content/Functions/Engine_MaterialFunctions02/Utility/BreakOutFloat3Components.uexp" 98
"../../../Engine/Content/Functions/Engine_MaterialFunctions02/SafeNormalize.uasset" 99
"../../../Engine/Content/Functions/Engine_MaterialFunctions02/SafeNormalize.uexp" 100
"../../../Engine/Plugins/Editor/SpeedTreeImporter/Content/SpeedTree9/UnpackInteger3.uasset" 101
"../../../Engine/Plugins/Editor/SpeedTreeImporter/Content/SpeedTree9/UnpackInteger3.uexp" 102
"../../../Engine/Plugins/Editor/SpeedTreeImporter/Content/SpeedTree9/UnpackDirection.uasset" 103
"../../../Engine/Plugins/Editor/SpeedTreeImporter/Content/SpeedTree9/UnpackDirection.uexp" 104
"../../../Engine/Plugins/Editor/SpeedTreeImporter/Content/SpeedTree9/game_wind_noise.ubulk" 105
"../../../Engine/Plugins/Editor/SpeedTreeImporter/Content/SpeedTree9/game_wind_noise.uasset" 106
"../../../Engine/Plugins/Editor/SpeedTreeImporter/Content/SpeedTree9/game_wind_noise.uexp" 107
"../../../Engine/Plugins/Editor/SpeedTreeImporter/Content/SpeedTree9/SpeedTreeWindMotion.uasset" 108
"../../../Engine/Plugins/Editor/SpeedTreeImporter/Content/SpeedTree9/SpeedTreeWindMotion.uexp" 109
"../../../Engine/Plugins/Editor/SpeedTreeImporter/Content/SpeedTree9/SpeedTreeBranchMotion.uasset" 110
"../../../Engine/Plugins/Editor/SpeedTreeImporter/Content/SpeedTree9/SpeedTreeBranchMotion.uexp" 111
"../../../Engine/Content/Functions/Engine_MaterialFunctions02/ObjectLocalBounds.uasset" 112
"../../../Engine/Content/Functions/Engine_MaterialFunctions02/ObjectLocalBounds.uexp" 113
"../../../Engine/Content/Functions/Engine_MaterialFunctions02/UVs/BoundingBoxBased_0-1_UVW.uasset" 114
"../../../Engine/Content/Functions/Engine_MaterialFunctions02/UVs/BoundingBoxBased_0-1_UVW.uexp" 115
"../../../Engine/Plugins/Editor/SpeedTreeImporter/Content/SpeedTree9/SpeedTreeWind.uasset" 116
"../../../Engine/Plugins/Editor/SpeedTreeImporter/Content/SpeedTree9/SpeedTreeWind.uexp" 117
"../../../Engine/Plugins/Editor/SpeedTreeImporter/Content/SpeedTree9/SpeedTreeCameraFacing.uasset" 118
"../../../Engine/Plugins/Editor/SpeedTreeImporter/Content/SpeedTree9/SpeedTreeCameraFacing.uexp" 119
"../../../Engine/Plugins/Editor/SpeedTreeImporter/Content/SpeedTree9/EmptyNormal.uasset" 120
"../../../Engine/Plugins/Editor/SpeedTreeImporter/Content/SpeedTree9/EmptyNormal.uexp" 121
"../../../Engine/Plugins/Editor/SpeedTreeImporter/Content/SpeedTree9/Empty.uasset" 122
"../../../Engine/Plugins/Editor/SpeedTreeImporter/Content/SpeedTree9/Empty.uexp" 123
"../../../Engine/Plugins/Editor/SpeedTreeImporter/Content/SpeedTree9/SpeedTreeMaster.uasset" 124
"../../../Engine/Plugins/Editor/SpeedTreeImporter/Content/SpeedTree9/SpeedTreeMaster.uexp" 125
"../../../Engine/Plugins/Editor/SpeedTreeImporter/Content/SpeedTree9/SpeedTreeBillboard.uasset" 126
"../../../Engine/Plugins/Editor/SpeedTreeImporter/Content/SpeedTree9/SpeedTreeBillboard.uexp" 127
"../../../Engine/Plugins/Editor/SpeedTreeImporter/Content/SpeedTree9/SpeedTreeBillboardMaster.uasset" 128
"../../../Engine/Plugins/Editor/SpeedTreeImporter/Content/SpeedTree9/SpeedTreeBillboardMaster.uexp" 129
"../../../Engine/Plugins/BlockoutToolPlugin/Content/Textures/T_Blockout_Actor_Icon.ubulk" 130
"../../../Engine/Plugins/BlockoutToolPlugin/Content/Textures/T_Blockout_Actor_Icon.uasset" 131
"../../../Engine/Plugins/BlockoutToolPlugin/Content/Textures/T_Blockout_Actor_Icon.uexp" 132
"../../../Engine/Content/EngineMaterials/T_Default_Material_Grid_M.ubulk" 133
"../../../Engine/Content/EngineMaterials/T_Default_Material_Grid_M.uasset" 134
"../../../Engine/Content/EngineMaterials/T_Default_Material_Grid_M.uexp" 135
"../../../Engine/Content/Functions/Engine_MaterialFunctions01/Opacity/CameraDepthFade.uasset" 136
"../../../Engine/Content/Functions/Engine_MaterialFunctions01/Opacity/CameraDepthFade.uexp" 137
"../../../Engine/Content/EngineMaterials/T_Default_Material_Grid_N.ubulk" 138
"../../../Engine/Content/EngineMaterials/T_Default_Material_Grid_N.uasset" 139
"../../../Engine/Content/EngineMaterials/T_Default_Material_Grid_N.uexp" 140
"../../../Engine/Content/EngineMaterials/WorldGridMaterial.uasset" 141
"../../../Engine/Content/EngineMaterials/WorldGridMaterial.uexp" 142
"../../../Engine/Plugins/BlockoutToolPlugin/Content/Meshes/SM_Blockout_Box.ubulk" 143
"../../../Engine/Plugins/BlockoutToolPlugin/Content/Meshes/SM_Blockout_Box.uasset" 144
"../../../Engine/Plugins/BlockoutToolPlugin/Content/Meshes/SM_Blockout_Box.uexp" 145
"../../../Engine/Plugins/BlockoutToolPlugin/Content/Blueprints/Utility/BlockoutToolsFunctions.uasset" 146
"../../../Engine/Plugins/BlockoutToolPlugin/Content/Blueprints/Utility/BlockoutToolsFunctions.uexp" 147
"../../../Engine/Plugins/BlockoutToolPlugin/Content/Blueprints/Blockout_Window.uasset" 148
"../../../Engine/Plugins/BlockoutToolPlugin/Content/Blueprints/Blockout_Window.uexp" 149
"../../../Engine/Content/EditorBlueprintResources/StandardMacros.uasset" 150
"../../../Engine/Content/EditorBlueprintResources/StandardMacros.uexp" 151
"../../../Engine/Plugins/BlockoutToolPlugin/Content/Meshes/SM_Blockout_Box_Right.ubulk" 152
"../../../Engine/Plugins/BlockoutToolPlugin/Content/Meshes/SM_Blockout_Box_Right.uasset" 153
"../../../Engine/Plugins/BlockoutToolPlugin/Content/Meshes/SM_Blockout_Box_Right.uexp" 154
"../../../Engine/Plugins/BlockoutToolPlugin/Content/Meshes/SM_Blockout_Box_Centered.ubulk" 155
"../../../Engine/Plugins/BlockoutToolPlugin/Content/Meshes/SM_Blockout_Box_Centered.uasset" 156
"../../../Engine/Plugins/BlockoutToolPlugin/Content/Meshes/SM_Blockout_Box_Centered.uexp" 157
"../../../Engine/Plugins/BlockoutToolPlugin/Content/Blueprints/Utility/EBlockoutAlignment.uasset" 158
"../../../Engine/Plugins/BlockoutToolPlugin/Content/Blueprints/Utility/EBlockoutAlignment.uexp" 159
"../../../Engine/Plugins/BlockoutToolPlugin/Content/Blueprints/Blockout_Tube.uasset" 160
"../../../Engine/Plugins/BlockoutToolPlugin/Content/Blueprints/Blockout_Tube.uexp" 161
"../../../Engine/Plugins/BlockoutToolPlugin/Content/Meshes/SM_Blockout_Step_Sloped_Linear.ubulk" 162
"../../../Engine/Plugins/BlockoutToolPlugin/Content/Meshes/SM_Blockout_Step_Sloped_Linear.uasset" 163
"../../../Engine/Plugins/BlockoutToolPlugin/Content/Meshes/SM_Blockout_Step_Sloped_Linear.uexp" 164
"../../../Engine/Plugins/BlockoutToolPlugin/Content/Meshes/SM_Blockout_Step_Box.ubulk" 165
"../../../Engine/Plugins/BlockoutToolPlugin/Content/Meshes/SM_Blockout_Step_Box.uasset" 166
"../../../Engine/Plugins/BlockoutToolPlugin/Content/Meshes/SM_Blockout_Step_Box.uexp" 167
"../../../Engine/Plugins/BlockoutToolPlugin/Content/Blueprints/Utility/EBlockoutStairsType.uasset" 168
"../../../Engine/Plugins/BlockoutToolPlugin/Content/Blueprints/Utility/EBlockoutStairsType.uexp" 169
"../../../Engine/Plugins/BlockoutToolPlugin/Content/Blueprints/Blockout_Stairs_Linear_Manual.uasset" 170
"../../../Engine/Plugins/BlockoutToolPlugin/Content/Blueprints/Blockout_Stairs_Linear_Manual.uexp" 171
"../../../Engine/Plugins/BlockoutToolPlugin/Content/Blueprints/Blockout_Stairs_Linear.uasset" 172
"../../../Engine/Plugins/BlockoutToolPlugin/Content/Blueprints/Blockout_Stairs_Linear.uexp" 173
"../../../Engine/Plugins/BlockoutToolPlugin/Content/Meshes/SM_Blockout_Step_Sloped_Centered.ubulk" 174
"../../../Engine/Plugins/BlockoutToolPlugin/Content/Meshes/SM_Blockout_Step_Sloped_Centered.uasset" 175
"../../../Engine/Plugins/BlockoutToolPlugin/Content/Meshes/SM_Blockout_Step_Sloped_Centered.uexp" 176
"../../../Engine/Plugins/BlockoutToolPlugin/Content/Meshes/SM_Blockout_Step_Box_Centered.ubulk" 177
"../../../Engine/Plugins/BlockoutToolPlugin/Content/Meshes/SM_Blockout_Step_Box_Centered.uasset" 178
"../../../Engine/Plugins/BlockoutToolPlugin/Content/Meshes/SM_Blockout_Step_Box_Centered.uexp" 179
"../../../Engine/Plugins/BlockoutToolPlugin/Content/Blueprints/Blockout_Stairs_Curved.uasset" 180
"../../../Engine/Plugins/BlockoutToolPlugin/Content/Blueprints/Blockout_Stairs_Curved.uexp" 181
"../../../Engine/Plugins/BlockoutToolPlugin/Content/Meshes/SM_Blockout_Sphere_Q4.ubulk" 182
"../../../Engine/Plugins/BlockoutToolPlugin/Content/Meshes/SM_Blockout_Sphere_Q4.uasset" 183
"../../../Engine/Plugins/BlockoutToolPlugin/Content/Meshes/SM_Blockout_Sphere_Q4.uexp" 184
"../../../Engine/Plugins/BlockoutToolPlugin/Content/Meshes/SM_Blockout_Sphere_Q3.ubulk" 185
"../../../Engine/Plugins/BlockoutToolPlugin/Content/Meshes/SM_Blockout_Sphere_Q3.uasset" 186
"../../../Engine/Plugins/BlockoutToolPlugin/Content/Meshes/SM_Blockout_Sphere_Q3.uexp" 187
"../../../Engine/Plugins/BlockoutToolPlugin/Content/Meshes/SM_Blockout_Sphere_Q2.ubulk" 188
"../../../Engine/Plugins/BlockoutToolPlugin/Content/Meshes/SM_Blockout_Sphere_Q2.uasset" 189
"../../../Engine/Plugins/BlockoutToolPlugin/Content/Meshes/SM_Blockout_Sphere_Q2.uexp" 190
"../../../Engine/Plugins/BlockoutToolPlugin/Content/Meshes/SM_Blockout_Sphere_Q1.ubulk" 191
"../../../Engine/Plugins/BlockoutToolPlugin/Content/Meshes/SM_Blockout_Sphere_Q1.uasset" 192
"../../../Engine/Plugins/BlockoutToolPlugin/Content/Meshes/SM_Blockout_Sphere_Q1.uexp" 193
"../../../Engine/Plugins/BlockoutToolPlugin/Content/Meshes/SM_Blockout_Hemisphere_Q4.ubulk" 194
"../../../Engine/Plugins/BlockoutToolPlugin/Content/Meshes/SM_Blockout_Hemisphere_Q4.uasset" 195
"../../../Engine/Plugins/BlockoutToolPlugin/Content/Meshes/SM_Blockout_Hemisphere_Q4.uexp" 196
"../../../Engine/Plugins/BlockoutToolPlugin/Content/Meshes/SM_Blockout_Hemisphere_Q3.ubulk" 197
"../../../Engine/Plugins/BlockoutToolPlugin/Content/Meshes/SM_Blockout_Hemisphere_Q3.uasset" 198
"../../../Engine/Plugins/BlockoutToolPlugin/Content/Meshes/SM_Blockout_Hemisphere_Q3.uexp" 199
"../../../Engine/Plugins/BlockoutToolPlugin/Content/Meshes/SM_Blockout_Hemisphere_Q2.ubulk" 200
"../../../Engine/Plugins/BlockoutToolPlugin/Content/Meshes/SM_Blockout_Hemisphere_Q2.uasset" 201
"../../../Engine/Plugins/BlockoutToolPlugin/Content/Meshes/SM_Blockout_Hemisphere_Q2.uexp" 202
"../../../Engine/Plugins/BlockoutToolPlugin/Content/Meshes/SM_Blockout_Hemisphere_Q1.ubulk" 203
"../../../Engine/Plugins/BlockoutToolPlugin/Content/Meshes/SM_Blockout_Hemisphere_Q1.uasset" 204
"../../../Engine/Plugins/BlockoutToolPlugin/Content/Meshes/SM_Blockout_Hemisphere_Q1.uexp" 205
"../../../Engine/Plugins/BlockoutToolPlugin/Content/Blueprints/Blockout_Sphere.uasset" 206
"../../../Engine/Plugins/BlockoutToolPlugin/Content/Blueprints/Blockout_Sphere.uexp" 207
"../../../Engine/Plugins/BlockoutToolPlugin/Content/Blueprints/Blockout_Skewbox.uasset" 208
"../../../Engine/Plugins/BlockoutToolPlugin/Content/Blueprints/Blockout_Skewbox.uexp" 209
"../../../Engine/Plugins/BlockoutToolPlugin/Content/Meshes/SM_Blockout_Ramp.ubulk" 210
"../../../Engine/Plugins/BlockoutToolPlugin/Content/Meshes/SM_Blockout_Ramp.uasset" 211
"../../../Engine/Plugins/BlockoutToolPlugin/Content/Meshes/SM_Blockout_Ramp.uexp" 212
"../../../Engine/Plugins/BlockoutToolPlugin/Content/Blueprints/Blockout_Ramp.uasset" 213
"../../../Engine/Plugins/BlockoutToolPlugin/Content/Blueprints/Blockout_Ramp.uexp" 214
"../../../Engine/Plugins/BlockoutToolPlugin/Content/Meshes/SM_Blockout_Railing_Pole.ubulk" 215
"../../../Engine/Plugins/BlockoutToolPlugin/Content/Meshes/SM_Blockout_Railing_Pole.uasset" 216
"../../../Engine/Plugins/BlockoutToolPlugin/Content/Meshes/SM_Blockout_Railing_Pole.uexp" 217
"../../../Engine/Plugins/BlockoutToolPlugin/Content/Meshes/SM_Blockout_Railing_Open.ubulk" 218
"../../../Engine/Plugins/BlockoutToolPlugin/Content/Meshes/SM_Blockout_Railing_Open.uasset" 219
"../../../Engine/Plugins/BlockoutToolPlugin/Content/Meshes/SM_Blockout_Railing_Open.uexp" 220
"../../../Engine/Plugins/BlockoutToolPlugin/Content/Meshes/SM_Blockout_Railing_Closed.ubulk" 221
"../../../Engine/Plugins/BlockoutToolPlugin/Content/Meshes/SM_Blockout_Railing_Closed.uasset" 222
"../../../Engine/Plugins/BlockoutToolPlugin/Content/Meshes/SM_Blockout_Railing_Closed.uexp" 223
"../../../Engine/Plugins/BlockoutToolPlugin/Content/Blueprints/Utility/EBlockoutRailingType.uasset" 224
"../../../Engine/Plugins/BlockoutToolPlugin/Content/Blueprints/Utility/EBlockoutRailingType.uexp" 225
"../../../Engine/Plugins/BlockoutToolPlugin/Content/Blueprints/Blockout_Railing.uasset" 226
"../../../Engine/Plugins/BlockoutToolPlugin/Content/Blueprints/Blockout_Railing.uexp" 227
"../../../Engine/Plugins/BlockoutToolPlugin/Content/Blueprints/Blockout_Doorway.uasset" 228
"../../../Engine/Plugins/BlockoutToolPlugin/Content/Blueprints/Blockout_Doorway.uexp" 229
"../../../Engine/Plugins/BlockoutToolPlugin/Content/Meshes/SM_Blockout_Cylinder_Q4.ubulk" 230
"../../../Engine/Plugins/BlockoutToolPlugin/Content/Meshes/SM_Blockout_Cylinder_Q4.uasset" 231
"../../../Engine/Plugins/BlockoutToolPlugin/Content/Meshes/SM_Blockout_Cylinder_Q4.uexp" 232
"../../../Engine/Plugins/BlockoutToolPlugin/Content/Meshes/SM_Blockout_Cylinder_Q3.ubulk" 233
"../../../Engine/Plugins/BlockoutToolPlugin/Content/Meshes/SM_Blockout_Cylinder_Q3.uasset" 234
"../../../Engine/Plugins/BlockoutToolPlugin/Content/Meshes/SM_Blockout_Cylinder_Q3.uexp" 235
"../../../Engine/Plugins/BlockoutToolPlugin/Content/Meshes/SM_Blockout_Cylinder_Q2.ubulk" 236
"../../../Engine/Plugins/BlockoutToolPlugin/Content/Meshes/SM_Blockout_Cylinder_Q2.uasset" 237
"../../../Engine/Plugins/BlockoutToolPlugin/Content/Meshes/SM_Blockout_Cylinder_Q2.uexp" 238
"../../../Engine/Plugins/BlockoutToolPlugin/Content/Meshes/SM_Blockout_Cylinder_Q1.ubulk" 239
"../../../Engine/Plugins/BlockoutToolPlugin/Content/Meshes/SM_Blockout_Cylinder_Q1.uasset" 240
"../../../Engine/Plugins/BlockoutToolPlugin/Content/Meshes/SM_Blockout_Cylinder_Q1.uexp" 241
"../../../Engine/Plugins/BlockoutToolPlugin/Content/Blueprints/Blockout_Cylinder.uasset" 242
"../../../Engine/Plugins/BlockoutToolPlugin/Content/Blueprints/Blockout_Cylinder.uexp" 243
"../../../Engine/Plugins/BlockoutToolPlugin/Content/Meshes/SM_Blockout_Corner_Ramp.ubulk" 244
"../../../Engine/Plugins/BlockoutToolPlugin/Content/Meshes/SM_Blockout_Corner_Ramp.uasset" 245
"../../../Engine/Plugins/BlockoutToolPlugin/Content/Meshes/SM_Blockout_Corner_Ramp.uexp" 246
"../../../Engine/Plugins/BlockoutToolPlugin/Content/Blueprints/Blockout_Corner_Ramp.uasset" 247
"../../../Engine/Plugins/BlockoutToolPlugin/Content/Blueprints/Blockout_Corner_Ramp.uexp" 248
"../../../Engine/Plugins/BlockoutToolPlugin/Content/Meshes/SM_Blockout_Curved_Corner_Outer_Q4.ubulk" 249
"../../../Engine/Plugins/BlockoutToolPlugin/Content/Meshes/SM_Blockout_Curved_Corner_Outer_Q4.uasset" 250
"../../../Engine/Plugins/BlockoutToolPlugin/Content/Meshes/SM_Blockout_Curved_Corner_Outer_Q4.uexp" 251
"../../../Engine/Plugins/BlockoutToolPlugin/Content/Meshes/SM_Blockout_Curved_Corner_Outer_Q3.ubulk" 252
"../../../Engine/Plugins/BlockoutToolPlugin/Content/Meshes/SM_Blockout_Curved_Corner_Outer_Q3.uasset" 253
"../../../Engine/Plugins/BlockoutToolPlugin/Content/Meshes/SM_Blockout_Curved_Corner_Outer_Q3.uexp" 254
"../../../Engine/Plugins/BlockoutToolPlugin/Content/Meshes/SM_Blockout_Curved_Corner_Outer_Q2.ubulk" 255
"../../../Engine/Plugins/BlockoutToolPlugin/Content/Meshes/SM_Blockout_Curved_Corner_Outer_Q2.uasset" 256
"../../../Engine/Plugins/BlockoutToolPlugin/Content/Meshes/SM_Blockout_Curved_Corner_Outer_Q2.uexp" 257
"../../../Engine/Plugins/BlockoutToolPlugin/Content/Meshes/SM_Blockout_Curved_Corner_Outer_Q1.ubulk" 258
"../../../Engine/Plugins/BlockoutToolPlugin/Content/Meshes/SM_Blockout_Curved_Corner_Outer_Q1.uasset" 259
"../../../Engine/Plugins/BlockoutToolPlugin/Content/Meshes/SM_Blockout_Curved_Corner_Outer_Q1.uexp" 260
"../../../Engine/Plugins/BlockoutToolPlugin/Content/Meshes/SM_Blockout_Curved_Corner_Inner_Q4.ubulk" 261
"../../../Engine/Plugins/BlockoutToolPlugin/Content/Meshes/SM_Blockout_Curved_Corner_Inner_Q4.uasset" 262
"../../../Engine/Plugins/BlockoutToolPlugin/Content/Meshes/SM_Blockout_Curved_Corner_Inner_Q4.uexp" 263
"../../../Engine/Plugins/BlockoutToolPlugin/Content/Meshes/SM_Blockout_Curved_Corner_Inner_Q3.ubulk" 264
"../../../Engine/Plugins/BlockoutToolPlugin/Content/Meshes/SM_Blockout_Curved_Corner_Inner_Q3.uasset" 265
"../../../Engine/Plugins/BlockoutToolPlugin/Content/Meshes/SM_Blockout_Curved_Corner_Inner_Q3.uexp" 266
"../../../Engine/Plugins/BlockoutToolPlugin/Content/Meshes/SM_Blockout_Curved_Corner_Inner_Q2.ubulk" 267
"../../../Engine/Plugins/BlockoutToolPlugin/Content/Meshes/SM_Blockout_Curved_Corner_Inner_Q2.uasset" 268
"../../../Engine/Plugins/BlockoutToolPlugin/Content/Meshes/SM_Blockout_Curved_Corner_Inner_Q2.uexp" 269
"../../../Engine/Plugins/BlockoutToolPlugin/Content/Meshes/SM_Blockout_Curved_Corner_Inner_Q1.ubulk" 270
"../../../Engine/Plugins/BlockoutToolPlugin/Content/Meshes/SM_Blockout_Curved_Corner_Inner_Q1.uasset" 271
"../../../Engine/Plugins/BlockoutToolPlugin/Content/Meshes/SM_Blockout_Curved_Corner_Inner_Q1.uexp" 272
"../../../Engine/Plugins/BlockoutToolPlugin/Content/Blueprints/Blockout_Corner_Curved.uasset" 273
"../../../Engine/Plugins/BlockoutToolPlugin/Content/Blueprints/Blockout_Corner_Curved.uexp" 274
"../../../Engine/Plugins/BlockoutToolPlugin/Content/Meshes/SM_Blockout_Cone_Q4.ubulk" 275
"../../../Engine/Plugins/BlockoutToolPlugin/Content/Meshes/SM_Blockout_Cone_Q4.uasset" 276
"../../../Engine/Plugins/BlockoutToolPlugin/Content/Meshes/SM_Blockout_Cone_Q4.uexp" 277
"../../../Engine/Plugins/BlockoutToolPlugin/Content/Meshes/SM_Blockout_Cone_Q3.ubulk" 278
"../../../Engine/Plugins/BlockoutToolPlugin/Content/Meshes/SM_Blockout_Cone_Q3.uasset" 279
"../../../Engine/Plugins/BlockoutToolPlugin/Content/Meshes/SM_Blockout_Cone_Q3.uexp" 280
"../../../Engine/Plugins/BlockoutToolPlugin/Content/Meshes/SM_Blockout_Cone_Q2.ubulk" 281
"../../../Engine/Plugins/BlockoutToolPlugin/Content/Meshes/SM_Blockout_Cone_Q2.uasset" 282
"../../../Engine/Plugins/BlockoutToolPlugin/Content/Meshes/SM_Blockout_Cone_Q2.uexp" 283
"../../../Engine/Plugins/BlockoutToolPlugin/Content/Meshes/SM_Blockout_Cone_Q1.ubulk" 284
"../../../Engine/Plugins/BlockoutToolPlugin/Content/Meshes/SM_Blockout_Cone_Q1.uasset" 285
"../../../Engine/Plugins/BlockoutToolPlugin/Content/Meshes/SM_Blockout_Cone_Q1.uexp" 286
"../../../Engine/Plugins/BlockoutToolPlugin/Content/Blueprints/Blockout_Cone.uasset" 287
"../../../Engine/Plugins/BlockoutToolPlugin/Content/Blueprints/Blockout_Cone.uexp" 288
"../../../Engine/Plugins/BlockoutToolPlugin/Content/Blueprints/Blockout_Box.uasset" 289
"../../../Engine/Plugins/BlockoutToolPlugin/Content/Blueprints/Blockout_Box.uexp" 290
"../../../Engine/Plugins/Animation/ControlRig/Content/Controls/ControlRigXRayMaterial.uasset" 291
"../../../Engine/Plugins/Animation/ControlRig/Content/Controls/ControlRigXRayMaterial.uexp" 292
"../../../Engine/Plugins/Animation/ControlRig/Content/Controls/ControlRigGizmoMaterial.uasset" 293
"../../../Engine/Plugins/Animation/ControlRig/Content/Controls/ControlRigGizmoMaterial.uexp" 294
"../../../Engine/Content/EngineSounds/Master.uasset" 295
"../../../Engine/Content/EngineSounds/Master.uexp" 296
"../../../Engine/Content/EngineMaterials/RemoveSurfaceMaterial.uasset" 297
"../../../Engine/Content/EngineMaterials/RemoveSurfaceMaterial.uexp" 298
"../../../Engine/Content/EngineMaterials/PreintegratedSkinBRDF.uasset" 299
"../../../Engine/Content/EngineMaterials/PreintegratedSkinBRDF.uexp" 300
"../../../Engine/Content/EngineMaterials/DefaultCalibrationGrayscale.uasset" 301
"../../../Engine/Content/EngineMaterials/DefaultCalibrationGrayscale.uexp" 302
"../../../Engine/Content/EngineMaterials/PPM_DefaultCalibrationGrayscale.uasset" 303
"../../../Engine/Content/EngineMaterials/PPM_DefaultCalibrationGrayscale.uexp" 304
"../../../Engine/Content/EngineMaterials/DefaultCalibrationColor.uasset" 305
"../../../Engine/Content/EngineMaterials/DefaultCalibrationColor.uexp" 306
"../../../Engine/Content/EngineMaterials/PPM_DefaultCalibrationColor.uasset" 307
"../../../Engine/Content/EngineMaterials/PPM_DefaultCalibrationColor.uexp" 308
"../../../Engine/Content/EngineMaterials/PhAT_JointLimitMaterial.uasset" 309
"../../../Engine/Content/EngineMaterials/PhAT_JointLimitMaterial.uexp" 310
"../../../Engine/Content/EngineMaterials/NaniteHiddenSectionMaterial.uasset" 311
"../../../Engine/Content/EngineMaterials/NaniteHiddenSectionMaterial.uexp" 312
"../../../Engine/Content/EngineMaterials/InvalidLightmapSettings.ubulk" 313
"../../../Engine/Content/EngineMaterials/InvalidLightmapSettings.uasset" 314
"../../../Engine/Content/EngineMaterials/InvalidLightmapSettings.uexp" 315
"../../../Engine/Content/EngineMaterials/M_InvalidLightmapSettings.uasset" 316
"../../../Engine/Content/EngineMaterials/M_InvalidLightmapSettings.uexp" 317
"../../../Engine/Content/EngineMaterials/MiniFont.uasset" 318
"../../../Engine/Content/EngineMaterials/MiniFont.uexp" 319
"../../../Engine/Content/EngineMaterials/GizmoMaterial.uasset" 320
"../../../Engine/Content/EngineMaterials/GizmoMaterial.uexp" 321
"../../../Engine/Content/EngineMaterials/BaseFlattenNormalMap_VT.ubulk" 322
"../../../Engine/Content/EngineMaterials/BaseFlattenNormalMap_VT.uasset" 323
"../../../Engine/Content/EngineMaterials/BaseFlattenNormalMap_VT.uexp" 324
"../../../Engine/Content/EngineMaterials/BaseFlattenDiffuseMap_VT.ubulk" 325
"../../../Engine/Content/EngineMaterials/BaseFlattenDiffuseMap_VT.uasset" 326
"../../../Engine/Content/EngineMaterials/BaseFlattenDiffuseMap_VT.uexp" 327
"../../../Engine/Content/EngineMaterials/BaseFlattenEmissiveMap_VT.ubulk" 328
"../../../Engine/Content/EngineMaterials/BaseFlattenEmissiveMap_VT.uasset" 329
"../../../Engine/Content/EngineMaterials/BaseFlattenEmissiveMap_VT.uexp" 330
"../../../Engine/Content/EngineMaterials/BaseFlattenLinearColor_VT.ubulk" 331
"../../../Engine/Content/EngineMaterials/BaseFlattenLinearColor_VT.uasset" 332
"../../../Engine/Content/EngineMaterials/BaseFlattenLinearColor_VT.uexp" 333
"../../../Engine/Content/EngineMaterials/BaseFlattenGrayscaleMap_VT.ubulk" 334
"../../../Engine/Content/EngineMaterials/BaseFlattenGrayscaleMap_VT.uasset" 335
"../../../Engine/Content/EngineMaterials/BaseFlattenGrayscaleMap_VT.uexp" 336
"../../../Engine/Content/EngineMaterials/Black_1x1_EXR_Texture_VT.ubulk" 337
"../../../Engine/Content/EngineMaterials/Black_1x1_EXR_Texture_VT.uasset" 338
"../../../Engine/Content/EngineMaterials/Black_1x1_EXR_Texture_VT.uexp" 339
"../../../Engine/Content/EngineMaterials/FlattenMaterial_WS_Normal_VT.uasset" 340
"../../../Engine/Content/EngineMaterials/FlattenMaterial_WS_Normal_VT.uexp" 341
"../../../Engine/Content/EngineMaterials/FlattenMaterial_VT.uasset" 342
"../../../Engine/Content/EngineMaterials/FlattenMaterial_VT.uexp" 343
"../../../Engine/Content/EngineMaterials/BaseFlattenNormalMap.uasset" 344
"../../../Engine/Content/EngineMaterials/BaseFlattenNormalMap.uexp" 345
"../../../Engine/Content/EngineMaterials/BaseFlattenLinearColor.uasset" 346
"../../../Engine/Content/EngineMaterials/BaseFlattenLinearColor.uexp" 347
"../../../Engine/Content/EngineMaterials/BaseFlattenDiffuseMap.uasset" 348
"../../../Engine/Content/EngineMaterials/BaseFlattenDiffuseMap.uexp" 349
"../../../Engine/Content/EngineMaterials/BaseFlattenEmissiveMap.uasset" 350
"../../../Engine/Content/EngineMaterials/BaseFlattenEmissiveMap.uexp" 351
"../../../Engine/Content/EngineMaterials/BaseFlattenGrayscaleMap.uasset" 352
"../../../Engine/Content/EngineMaterials/BaseFlattenGrayscaleMap.uexp" 353
"../../../Engine/Content/Functions/Engine_MaterialFunctions02/PivotPainter2/Black_1x1_EXR_Texture.uasset" 354
"../../../Engine/Content/Functions/Engine_MaterialFunctions02/PivotPainter2/Black_1x1_EXR_Texture.uexp" 355
"../../../Engine/Content/EngineMaterials/FlattenMaterial.uasset" 356
"../../../Engine/Content/EngineMaterials/FlattenMaterial.uexp" 357
"../../../Engine/Content/EngineMaterials/FastBlueNoise_vec2_128x128x64.uasset" 358
"../../../Engine/Content/EngineMaterials/FastBlueNoise_vec2_128x128x64.uexp" 359
"../../../Engine/Content/EngineMaterials/FastBlueNoise_scalar_128x128x8.uasset" 360
"../../../Engine/Content/EngineMaterials/FastBlueNoise_scalar_128x128x8.uexp" 361
"../../../Engine/Content/EngineMaterials/FastBlueNoise_scalar_128x128x64.uasset" 362
"../../../Engine/Content/EngineMaterials/FastBlueNoise_scalar_128x128x64.uexp" 363
"../../../Engine/Content/EngineMaterials/DefaultWhiteGrid_Low.uasset" 364
"../../../Engine/Content/EngineMaterials/DefaultWhiteGrid_Low.uexp" 365
"../../../Engine/Content/EngineMaterials/EmissiveMeshMaterial.uasset" 366
"../../../Engine/Content/EngineMaterials/EmissiveMeshMaterial.uexp" 367
"../../../Engine/Content/EngineFonts/RobotoDistanceField.uasset" 368
"../../../Engine/Content/EngineFonts/RobotoDistanceField.uexp" 369
"../../../Engine/Content/EngineMaterials/DefaultTextMaterialOpaque.uasset" 370
"../../../Engine/Content/EngineMaterials/DefaultTextMaterialOpaque.uexp" 371
"../../../Engine/Content/EngineMaterials/DefaultPostProcessMaterial.uasset" 372
"../../../Engine/Content/EngineMaterials/DefaultPostProcessMaterial.uexp" 373
"../../../Engine/Content/EngineMaterials/DefaultPhysicalMaterial.uasset" 374
"../../../Engine/Content/EngineMaterials/DefaultPhysicalMaterial.uexp" 375
"../../../Engine/Content/EngineMaterials/DefaultLightFunctionMaterial.uasset" 376
"../../../Engine/Content/EngineMaterials/DefaultLightFunctionMaterial.uexp" 377
"../../../Engine/Content/EngineMaterials/DefaultDestructiblePhysicalMaterial.uasset" 378
"../../../Engine/Content/EngineMaterials/DefaultDestructiblePhysicalMaterial.uexp" 379
"../../../Engine/Content/EngineMaterials/DefaultDeferredDecalMaterial.uasset" 380
"../../../Engine/Content/EngineMaterials/DefaultDeferredDecalMaterial.uexp" 381
"../../../Engine/Content/EngineMaterials/DefaultBokeh.uasset" 382
"../../../Engine/Content/EngineMaterials/DefaultBokeh.uexp" 383
"../../../Engine/Content/EngineMaterials/DefaultBloomKernel.uasset" 384
"../../../Engine/Content/EngineMaterials/DefaultBloomKernel.uexp" 385
"../../../Engine/Content/EngineFonts/Faces/DroidSansFallback.uexp" 386
"../../../Engine/Content/EngineFonts/Faces/DroidSansFallback.uasset" 387
"../../../Engine/Content/EngineFonts/Faces/DroidSansFallback.ufont" 388
"../../../Engine/Content/EngineFonts/Faces/RobotoBold.uexp" 389
"../../../Engine/Content/EngineFonts/Faces/RobotoBold.uasset" 390
"../../../Engine/Content/EngineFonts/Faces/RobotoBold.ufont" 391
"../../../Engine/Content/EngineFonts/Faces/RobotoBoldItalic.uexp" 392
"../../../Engine/Content/EngineFonts/Faces/RobotoBoldItalic.uasset" 393
"../../../Engine/Content/EngineFonts/Faces/RobotoBoldItalic.ufont" 394
"../../../Engine/Content/EngineFonts/Faces/RobotoItalic.uexp" 395
"../../../Engine/Content/EngineFonts/Faces/RobotoItalic.uasset" 396
"../../../Engine/Content/EngineFonts/Faces/RobotoItalic.ufont" 397
"../../../Engine/Content/EngineFonts/Faces/RobotoLight.uexp" 398
"../../../Engine/Content/EngineFonts/Faces/RobotoLight.uasset" 399
"../../../Engine/Content/EngineFonts/Faces/RobotoLight.ufont" 400
"../../../Engine/Content/EngineFonts/Faces/RobotoRegular.uexp" 401
"../../../Engine/Content/EngineFonts/Faces/RobotoRegular.uasset" 402
"../../../Engine/Content/EngineFonts/Faces/RobotoRegular.ufont" 403
"../../../Engine/Content/EngineFonts/Roboto.uasset" 404
"../../../Engine/Content/EngineFonts/Roboto.uexp" 405
"../../../Engine/Content/EngineFonts/Faces/DroidSansMono.uexp" 406
"../../../Engine/Content/EngineFonts/Faces/DroidSansMono.uasset" 407
"../../../Engine/Content/EngineFonts/Faces/DroidSansMono.ufont" 408
"../../../Engine/Content/EngineFonts/DroidSansMono.uasset" 409
"../../../Engine/Content/EngineFonts/DroidSansMono.uexp" 410
"../../../Engine/Content/Functions/Engine_MaterialFunctions02/Utility/CameraDirectionVector.uasset" 411
"../../../Engine/Content/Functions/Engine_MaterialFunctions02/Utility/CameraDirectionVector.uexp" 412
"../../../Engine/Content/EngineDebugMaterials/VolumeToRender.uasset" 413
"../../../Engine/Content/EngineDebugMaterials/VolumeToRender.uexp" 414
"../../../Engine/Content/EngineDebugMaterials/M_VolumeRenderSphereTracePP.uasset" 415
"../../../Engine/Content/EngineDebugMaterials/M_VolumeRenderSphereTracePP.uexp" 416
"../../../Engine/Content/EngineDebugMaterials/M_SimpleUnlitTranslucent.uasset" 417
"../../../Engine/Content/EngineDebugMaterials/M_SimpleUnlitTranslucent.uexp" 418
"../../../Engine/Content/EngineDebugMaterials/DebugMeshMaterial.uasset" 419
"../../../Engine/Content/EngineDebugMaterials/DebugMeshMaterial.uexp" 420
"../../../Engine/Content/EngineDebugMaterials/DebugEditorMaterial.uasset" 421
"../../../Engine/Content/EngineDebugMaterials/DebugEditorMaterial.uexp" 422
"../../../Engine/Content/EngineDamageTypes/DmgTypeBP_Environmental.uasset" 423
"../../../Engine/Content/EngineDamageTypes/DmgTypeBP_Environmental.uexp" 424
"C:/Users/Alvar/Downloads/Level Design/NAlvarez_SchoolMap/LevelDesign/Content/Materials/Meme.uasset" 425
"C:/Users/Alvar/Downloads/Level Design/NAlvarez_SchoolMap/LevelDesign/Content/Materials/Meme.uexp" 426
"C:/Users/Alvar/Downloads/Level Design/NAlvarez_SchoolMap/LevelDesign/Content/Materials/M_Meme.uasset" 427
"C:/Users/Alvar/Downloads/Level Design/NAlvarez_SchoolMap/LevelDesign/Content/Materials/M_Meme.uexp" 428
"C:/Users/Alvar/Downloads/Level Design/NAlvarez_SchoolMap/LevelDesign/Content/Foilage/Common_Hemp_Nettle_xh1kdfbqx_Mid_2K_Billboard_Opacity.ubulk" 429
"C:/Users/Alvar/Downloads/Level Design/NAlvarez_SchoolMap/LevelDesign/Content/Foilage/Common_Hemp_Nettle_xh1kdfbqx_Mid_2K_Billboard_Opacity.uasset" 430
"C:/Users/Alvar/Downloads/Level Design/NAlvarez_SchoolMap/LevelDesign/Content/Foilage/Common_Hemp_Nettle_xh1kdfbqx_Mid_2K_Billboard_Opacity.uexp" 431
"C:/Users/Alvar/Downloads/Level Design/NAlvarez_SchoolMap/LevelDesign/Content/Foilage/Common_Hemp_Nettle_xh1kdfbqx_Mid_2K_Billboard_Normal.ubulk" 432
"C:/Users/Alvar/Downloads/Level Design/NAlvarez_SchoolMap/LevelDesign/Content/Foilage/Common_Hemp_Nettle_xh1kdfbqx_Mid_2K_Billboard_Normal.uasset" 433
"C:/Users/Alvar/Downloads/Level Design/NAlvarez_SchoolMap/LevelDesign/Content/Foilage/Common_Hemp_Nettle_xh1kdfbqx_Mid_2K_Billboard_Normal.uexp" 434
"C:/Users/Alvar/Downloads/Level Design/NAlvarez_SchoolMap/LevelDesign/Content/Foilage/Common_Hemp_Nettle_xh1kdfbqx_Mid_2K_Billboard_BaseColor.ubulk" 435
"C:/Users/Alvar/Downloads/Level Design/NAlvarez_SchoolMap/LevelDesign/Content/Foilage/Common_Hemp_Nettle_xh1kdfbqx_Mid_2K_Billboard_BaseColor.uasset" 436
"C:/Users/Alvar/Downloads/Level Design/NAlvarez_SchoolMap/LevelDesign/Content/Foilage/Common_Hemp_Nettle_xh1kdfbqx_Mid_2K_Billboard_BaseColor.uexp" 437
"C:/Users/Alvar/Downloads/Level Design/NAlvarez_SchoolMap/LevelDesign/Content/Foilage/Billboard.uasset" 438
"C:/Users/Alvar/Downloads/Level Design/NAlvarez_SchoolMap/LevelDesign/Content/Foilage/Billboard.uexp" 439
"C:/Users/Alvar/Downloads/Level Design/NAlvarez_SchoolMap/LevelDesign/Content/Foilage/Common_Hemp_Nettle_xh1kdfbqx_Mid_xh1kdfbqx_VarG_LOD3.ubulk" 440
"C:/Users/Alvar/Downloads/Level Design/NAlvarez_SchoolMap/LevelDesign/Content/Foilage/Common_Hemp_Nettle_xh1kdfbqx_Mid_xh1kdfbqx_VarG_LOD3.uasset" 441
"C:/Users/Alvar/Downloads/Level Design/NAlvarez_SchoolMap/LevelDesign/Content/Foilage/Common_Hemp_Nettle_xh1kdfbqx_Mid_xh1kdfbqx_VarG_LOD3.uexp" 442
"C:/Users/Alvar/Downloads/Level Design/NAlvarez_SchoolMap/LevelDesign/Content/Foilage/Common_Hemp_Nettle_xh1kdfbqx_Mid_xh1kdfbqx_VarG_LOD3_FoliageType.uasset" 443
"C:/Users/Alvar/Downloads/Level Design/NAlvarez_SchoolMap/LevelDesign/Content/Foilage/Common_Hemp_Nettle_xh1kdfbqx_Mid_xh1kdfbqx_VarG_LOD3_FoliageType.uexp" 444
"C:/Users/Alvar/Downloads/Level Design/NAlvarez_SchoolMap/LevelDesign/Content/Foilage/Common_Hemp_Nettle_xh1kdfbqx_Mid_2K_Roughness.ubulk" 445
"C:/Users/Alvar/Downloads/Level Design/NAlvarez_SchoolMap/LevelDesign/Content/Foilage/Common_Hemp_Nettle_xh1kdfbqx_Mid_2K_Roughness.uasset" 446
"C:/Users/Alvar/Downloads/Level Design/NAlvarez_SchoolMap/LevelDesign/Content/Foilage/Common_Hemp_Nettle_xh1kdfbqx_Mid_2K_Roughness.uexp" 447
"C:/Users/Alvar/Downloads/Level Design/NAlvarez_SchoolMap/LevelDesign/Content/Foilage/Common_Hemp_Nettle_xh1kdfbqx_Mid_2K_Opacity.ubulk" 448
"C:/Users/Alvar/Downloads/Level Design/NAlvarez_SchoolMap/LevelDesign/Content/Foilage/Common_Hemp_Nettle_xh1kdfbqx_Mid_2K_Opacity.uasset" 449
"C:/Users/Alvar/Downloads/Level Design/NAlvarez_SchoolMap/LevelDesign/Content/Foilage/Common_Hemp_Nettle_xh1kdfbqx_Mid_2K_Opacity.uexp" 450
"C:/Users/Alvar/Downloads/Level Design/NAlvarez_SchoolMap/LevelDesign/Content/Foilage/Common_Hemp_Nettle_xh1kdfbqx_Mid_2K_Normal.ubulk" 451
"C:/Users/Alvar/Downloads/Level Design/NAlvarez_SchoolMap/LevelDesign/Content/Foilage/Common_Hemp_Nettle_xh1kdfbqx_Mid_2K_Normal.uasset" 452
"C:/Users/Alvar/Downloads/Level Design/NAlvarez_SchoolMap/LevelDesign/Content/Foilage/Common_Hemp_Nettle_xh1kdfbqx_Mid_2K_Normal.uexp" 453
"C:/Users/Alvar/Downloads/Level Design/NAlvarez_SchoolMap/LevelDesign/Content/Foilage/Common_Hemp_Nettle_xh1kdfbqx_Mid_2K_BaseColor.ubulk" 454
"C:/Users/Alvar/Downloads/Level Design/NAlvarez_SchoolMap/LevelDesign/Content/Foilage/Common_Hemp_Nettle_xh1kdfbqx_Mid_2K_BaseColor.uasset" 455
"C:/Users/Alvar/Downloads/Level Design/NAlvarez_SchoolMap/LevelDesign/Content/Foilage/Common_Hemp_Nettle_xh1kdfbqx_Mid_2K_BaseColor.uexp" 456
"C:/Users/Alvar/Downloads/Level Design/NAlvarez_SchoolMap/LevelDesign/Content/Foilage/Atlas.uasset" 457
"C:/Users/Alvar/Downloads/Level Design/NAlvarez_SchoolMap/LevelDesign/Content/Foilage/Atlas.uexp" 458
"C:/Users/Alvar/Downloads/Level Design/NAlvarez_SchoolMap/LevelDesign/Content/Foilage/Common_Hemp_Nettle_xh1kdfbqx_Mid_xh1kdfbqx_VarG_LOD2.ubulk" 459
"C:/Users/Alvar/Downloads/Level Design/NAlvarez_SchoolMap/LevelDesign/Content/Foilage/Common_Hemp_Nettle_xh1kdfbqx_Mid_xh1kdfbqx_VarG_LOD2.uasset" 460
"C:/Users/Alvar/Downloads/Level Design/NAlvarez_SchoolMap/LevelDesign/Content/Foilage/Common_Hemp_Nettle_xh1kdfbqx_Mid_xh1kdfbqx_VarG_LOD2.uexp" 461
"C:/Users/Alvar/Downloads/Level Design/NAlvarez_SchoolMap/LevelDesign/Content/Foilage/Common_Hemp_Nettle_xh1kdfbqx_Mid_xh1kdfbqx_VarG_LOD2_FoliageType.uasset" 462
"C:/Users/Alvar/Downloads/Level Design/NAlvarez_SchoolMap/LevelDesign/Content/Foilage/Common_Hemp_Nettle_xh1kdfbqx_Mid_xh1kdfbqx_VarG_LOD2_FoliageType.uexp" 463
"C:/Users/Alvar/Downloads/Level Design/NAlvarez_SchoolMap/LevelDesign/Content/Foilage/Common_Hemp_Nettle_xh1kdfbqx_Mid_xh1kdfbqx_VarG_LOD1.ubulk" 464
"C:/Users/Alvar/Downloads/Level Design/NAlvarez_SchoolMap/LevelDesign/Content/Foilage/Common_Hemp_Nettle_xh1kdfbqx_Mid_xh1kdfbqx_VarG_LOD1.uasset" 465
"C:/Users/Alvar/Downloads/Level Design/NAlvarez_SchoolMap/LevelDesign/Content/Foilage/Common_Hemp_Nettle_xh1kdfbqx_Mid_xh1kdfbqx_VarG_LOD1.uexp" 466
"C:/Users/Alvar/Downloads/Level Design/NAlvarez_SchoolMap/LevelDesign/Content/Foilage/Common_Hemp_Nettle_xh1kdfbqx_Mid_xh1kdfbqx_VarG_LOD1_FoliageType.uasset" 467
"C:/Users/Alvar/Downloads/Level Design/NAlvarez_SchoolMap/LevelDesign/Content/Foilage/Common_Hemp_Nettle_xh1kdfbqx_Mid_xh1kdfbqx_VarG_LOD1_FoliageType.uexp" 468
"C:/Users/Alvar/Downloads/Level Design/NAlvarez_SchoolMap/LevelDesign/Content/Foilage/Common_Hemp_Nettle_xh1kdfbqx_Mid_xh1kdfbqx_VarG_LOD0.ubulk" 469
"C:/Users/Alvar/Downloads/Level Design/NAlvarez_SchoolMap/LevelDesign/Content/Foilage/Common_Hemp_Nettle_xh1kdfbqx_Mid_xh1kdfbqx_VarG_LOD0.uasset" 470
"C:/Users/Alvar/Downloads/Level Design/NAlvarez_SchoolMap/LevelDesign/Content/Foilage/Common_Hemp_Nettle_xh1kdfbqx_Mid_xh1kdfbqx_VarG_LOD0.uexp" 471
"C:/Users/Alvar/Downloads/Level Design/NAlvarez_SchoolMap/LevelDesign/Content/Foilage/Common_Hemp_Nettle_xh1kdfbqx_Mid_xh1kdfbqx_VarG_LOD0_FoliageType.uasset" 472
"C:/Users/Alvar/Downloads/Level Design/NAlvarez_SchoolMap/LevelDesign/Content/Foilage/Common_Hemp_Nettle_xh1kdfbqx_Mid_xh1kdfbqx_VarG_LOD0_FoliageType.uexp" 473
"C:/Users/Alvar/Downloads/Level Design/NAlvarez_SchoolMap/LevelDesign/Content/Foilage/Common_Hemp_Nettle_xh1kdfbqx_Mid_xh1kdfbqx_VarF_LOD3.ubulk" 474
"C:/Users/Alvar/Downloads/Level Design/NAlvarez_SchoolMap/LevelDesign/Content/Foilage/Common_Hemp_Nettle_xh1kdfbqx_Mid_xh1kdfbqx_VarF_LOD3.uasset" 475
"C:/Users/Alvar/Downloads/Level Design/NAlvarez_SchoolMap/LevelDesign/Content/Foilage/Common_Hemp_Nettle_xh1kdfbqx_Mid_xh1kdfbqx_VarF_LOD3.uexp" 476
"C:/Users/Alvar/Downloads/Level Design/NAlvarez_SchoolMap/LevelDesign/Content/Foilage/Common_Hemp_Nettle_xh1kdfbqx_Mid_xh1kdfbqx_VarF_LOD3_FoliageType.uasset" 477
"C:/Users/Alvar/Downloads/Level Design/NAlvarez_SchoolMap/LevelDesign/Content/Foilage/Common_Hemp_Nettle_xh1kdfbqx_Mid_xh1kdfbqx_VarF_LOD3_FoliageType.uexp" 478
"C:/Users/Alvar/Downloads/Level Design/NAlvarez_SchoolMap/LevelDesign/Content/Foilage/Common_Hemp_Nettle_xh1kdfbqx_Mid_xh1kdfbqx_VarF_LOD2.ubulk" 479
"C:/Users/Alvar/Downloads/Level Design/NAlvarez_SchoolMap/LevelDesign/Content/Foilage/Common_Hemp_Nettle_xh1kdfbqx_Mid_xh1kdfbqx_VarF_LOD2.uasset" 480
"C:/Users/Alvar/Downloads/Level Design/NAlvarez_SchoolMap/LevelDesign/Content/Foilage/Common_Hemp_Nettle_xh1kdfbqx_Mid_xh1kdfbqx_VarF_LOD2.uexp" 481
"C:/Users/Alvar/Downloads/Level Design/NAlvarez_SchoolMap/LevelDesign/Content/Foilage/Common_Hemp_Nettle_xh1kdfbqx_Mid_xh1kdfbqx_VarF_LOD2_FoliageType.uasset" 482
"C:/Users/Alvar/Downloads/Level Design/NAlvarez_SchoolMap/LevelDesign/Content/Foilage/Common_Hemp_Nettle_xh1kdfbqx_Mid_xh1kdfbqx_VarF_LOD2_FoliageType.uexp" 483
"C:/Users/Alvar/Downloads/Level Design/NAlvarez_SchoolMap/LevelDesign/Content/Foilage/Common_Hemp_Nettle_xh1kdfbqx_Mid_xh1kdfbqx_VarF_LOD1.ubulk" 484
"C:/Users/Alvar/Downloads/Level Design/NAlvarez_SchoolMap/LevelDesign/Content/Foilage/Common_Hemp_Nettle_xh1kdfbqx_Mid_xh1kdfbqx_VarF_LOD1.uasset" 485
"C:/Users/Alvar/Downloads/Level Design/NAlvarez_SchoolMap/LevelDesign/Content/Foilage/Common_Hemp_Nettle_xh1kdfbqx_Mid_xh1kdfbqx_VarF_LOD1.uexp" 486
"C:/Users/Alvar/Downloads/Level Design/NAlvarez_SchoolMap/LevelDesign/Content/Foilage/Common_Hemp_Nettle_xh1kdfbqx_Mid_xh1kdfbqx_VarF_LOD1_FoliageType.uasset" 487
"C:/Users/Alvar/Downloads/Level Design/NAlvarez_SchoolMap/LevelDesign/Content/Foilage/Common_Hemp_Nettle_xh1kdfbqx_Mid_xh1kdfbqx_VarF_LOD1_FoliageType.uexp" 488
"C:/Users/Alvar/Downloads/Level Design/NAlvarez_SchoolMap/LevelDesign/Content/Foilage/Common_Hemp_Nettle_xh1kdfbqx_Mid_xh1kdfbqx_VarF_LOD0.ubulk" 489
"C:/Users/Alvar/Downloads/Level Design/NAlvarez_SchoolMap/LevelDesign/Content/Foilage/Common_Hemp_Nettle_xh1kdfbqx_Mid_xh1kdfbqx_VarF_LOD0.uasset" 490
"C:/Users/Alvar/Downloads/Level Design/NAlvarez_SchoolMap/LevelDesign/Content/Foilage/Common_Hemp_Nettle_xh1kdfbqx_Mid_xh1kdfbqx_VarF_LOD0.uexp" 491
"C:/Users/Alvar/Downloads/Level Design/NAlvarez_SchoolMap/LevelDesign/Content/Foilage/Common_Hemp_Nettle_xh1kdfbqx_Mid_xh1kdfbqx_VarF_LOD0_FoliageType.uasset" 492
"C:/Users/Alvar/Downloads/Level Design/NAlvarez_SchoolMap/LevelDesign/Content/Foilage/Common_Hemp_Nettle_xh1kdfbqx_Mid_xh1kdfbqx_VarF_LOD0_FoliageType.uexp" 493
"C:/Users/Alvar/Downloads/Level Design/NAlvarez_SchoolMap/LevelDesign/Content/Foilage/Common_Hemp_Nettle_xh1kdfbqx_Mid_xh1kdfbqx_VarE_LOD3.ubulk" 494
"C:/Users/Alvar/Downloads/Level Design/NAlvarez_SchoolMap/LevelDesign/Content/Foilage/Common_Hemp_Nettle_xh1kdfbqx_Mid_xh1kdfbqx_VarE_LOD3.uasset" 495
"C:/Users/Alvar/Downloads/Level Design/NAlvarez_SchoolMap/LevelDesign/Content/Foilage/Common_Hemp_Nettle_xh1kdfbqx_Mid_xh1kdfbqx_VarE_LOD3.uexp" 496
"C:/Users/Alvar/Downloads/Level Design/NAlvarez_SchoolMap/LevelDesign/Content/Foilage/Common_Hemp_Nettle_xh1kdfbqx_Mid_xh1kdfbqx_VarE_LOD3_FoliageType.uasset" 497
"C:/Users/Alvar/Downloads/Level Design/NAlvarez_SchoolMap/LevelDesign/Content/Foilage/Common_Hemp_Nettle_xh1kdfbqx_Mid_xh1kdfbqx_VarE_LOD3_FoliageType.uexp" 498
"C:/Users/Alvar/Downloads/Level Design/NAlvarez_SchoolMap/LevelDesign/Content/Foilage/Common_Hemp_Nettle_xh1kdfbqx_Mid_xh1kdfbqx_VarE_LOD2.ubulk" 499
"C:/Users/Alvar/Downloads/Level Design/NAlvarez_SchoolMap/LevelDesign/Content/Foilage/Common_Hemp_Nettle_xh1kdfbqx_Mid_xh1kdfbqx_VarE_LOD2.uasset" 500
"C:/Users/Alvar/Downloads/Level Design/NAlvarez_SchoolMap/LevelDesign/Content/Foilage/Common_Hemp_Nettle_xh1kdfbqx_Mid_xh1kdfbqx_VarE_LOD2.uexp" 501
"C:/Users/Alvar/Downloads/Level Design/NAlvarez_SchoolMap/LevelDesign/Content/Foilage/Common_Hemp_Nettle_xh1kdfbqx_Mid_xh1kdfbqx_VarE_LOD2_FoliageType.uasset" 502
"C:/Users/Alvar/Downloads/Level Design/NAlvarez_SchoolMap/LevelDesign/Content/Foilage/Common_Hemp_Nettle_xh1kdfbqx_Mid_xh1kdfbqx_VarE_LOD2_FoliageType.uexp" 503
"C:/Users/Alvar/Downloads/Level Design/NAlvarez_SchoolMap/LevelDesign/Content/Foilage/Common_Hemp_Nettle_xh1kdfbqx_Mid_xh1kdfbqx_VarE_LOD1.ubulk" 504
"C:/Users/Alvar/Downloads/Level Design/NAlvarez_SchoolMap/LevelDesign/Content/Foilage/Common_Hemp_Nettle_xh1kdfbqx_Mid_xh1kdfbqx_VarE_LOD1.uasset" 505
"C:/Users/Alvar/Downloads/Level Design/NAlvarez_SchoolMap/LevelDesign/Content/Foilage/Common_Hemp_Nettle_xh1kdfbqx_Mid_xh1kdfbqx_VarE_LOD1.uexp" 506
"C:/Users/Alvar/Downloads/Level Design/NAlvarez_SchoolMap/LevelDesign/Content/Foilage/Common_Hemp_Nettle_xh1kdfbqx_Mid_xh1kdfbqx_VarE_LOD1_FoliageType.uasset" 507
"C:/Users/Alvar/Downloads/Level Design/NAlvarez_SchoolMap/LevelDesign/Content/Foilage/Common_Hemp_Nettle_xh1kdfbqx_Mid_xh1kdfbqx_VarE_LOD1_FoliageType.uexp" 508
"C:/Users/Alvar/Downloads/Level Design/NAlvarez_SchoolMap/LevelDesign/Content/Foilage/Common_Hemp_Nettle_xh1kdfbqx_Mid_xh1kdfbqx_VarE_LOD0.ubulk" 509
"C:/Users/Alvar/Downloads/Level Design/NAlvarez_SchoolMap/LevelDesign/Content/Foilage/Common_Hemp_Nettle_xh1kdfbqx_Mid_xh1kdfbqx_VarE_LOD0.uasset" 510
"C:/Users/Alvar/Downloads/Level Design/NAlvarez_SchoolMap/LevelDesign/Content/Foilage/Common_Hemp_Nettle_xh1kdfbqx_Mid_xh1kdfbqx_VarE_LOD0.uexp" 511
"C:/Users/Alvar/Downloads/Level Design/NAlvarez_SchoolMap/LevelDesign/Content/Foilage/Common_Hemp_Nettle_xh1kdfbqx_Mid_xh1kdfbqx_VarE_LOD0_FoliageType.uasset" 512
"C:/Users/Alvar/Downloads/Level Design/NAlvarez_SchoolMap/LevelDesign/Content/Foilage/Common_Hemp_Nettle_xh1kdfbqx_Mid_xh1kdfbqx_VarE_LOD0_FoliageType.uexp" 513
"C:/Users/Alvar/Downloads/Level Design/NAlvarez_SchoolMap/LevelDesign/Content/Foilage/Common_Hemp_Nettle_xh1kdfbqx_Mid_xh1kdfbqx_VarD_LOD3.ubulk" 514
"C:/Users/Alvar/Downloads/Level Design/NAlvarez_SchoolMap/LevelDesign/Content/Foilage/Common_Hemp_Nettle_xh1kdfbqx_Mid_xh1kdfbqx_VarD_LOD3.uasset" 515
"C:/Users/Alvar/Downloads/Level Design/NAlvarez_SchoolMap/LevelDesign/Content/Foilage/Common_Hemp_Nettle_xh1kdfbqx_Mid_xh1kdfbqx_VarD_LOD3.uexp" 516
"C:/Users/Alvar/Downloads/Level Design/NAlvarez_SchoolMap/LevelDesign/Content/Foilage/Common_Hemp_Nettle_xh1kdfbqx_Mid_xh1kdfbqx_VarD_LOD3_FoliageType.uasset" 517
"C:/Users/Alvar/Downloads/Level Design/NAlvarez_SchoolMap/LevelDesign/Content/Foilage/Common_Hemp_Nettle_xh1kdfbqx_Mid_xh1kdfbqx_VarD_LOD3_FoliageType.uexp" 518
"C:/Users/Alvar/Downloads/Level Design/NAlvarez_SchoolMap/LevelDesign/Content/Foilage/Common_Hemp_Nettle_xh1kdfbqx_Mid_xh1kdfbqx_VarD_LOD2.ubulk" 519
"C:/Users/Alvar/Downloads/Level Design/NAlvarez_SchoolMap/LevelDesign/Content/Foilage/Common_Hemp_Nettle_xh1kdfbqx_Mid_xh1kdfbqx_VarD_LOD2.uasset" 520
"C:/Users/Alvar/Downloads/Level Design/NAlvarez_SchoolMap/LevelDesign/Content/Foilage/Common_Hemp_Nettle_xh1kdfbqx_Mid_xh1kdfbqx_VarD_LOD2.uexp" 521
"C:/Users/Alvar/Downloads/Level Design/NAlvarez_SchoolMap/LevelDesign/Content/Foilage/Common_Hemp_Nettle_xh1kdfbqx_Mid_xh1kdfbqx_VarD_LOD2_FoliageType.uasset" 522
"C:/Users/Alvar/Downloads/Level Design/NAlvarez_SchoolMap/LevelDesign/Content/Foilage/Common_Hemp_Nettle_xh1kdfbqx_Mid_xh1kdfbqx_VarD_LOD2_FoliageType.uexp" 523
"C:/Users/Alvar/Downloads/Level Design/NAlvarez_SchoolMap/LevelDesign/Content/Foilage/Common_Hemp_Nettle_xh1kdfbqx_Mid_xh1kdfbqx_VarD_LOD1.ubulk" 524
"C:/Users/Alvar/Downloads/Level Design/NAlvarez_SchoolMap/LevelDesign/Content/Foilage/Common_Hemp_Nettle_xh1kdfbqx_Mid_xh1kdfbqx_VarD_LOD1.uasset" 525
"C:/Users/Alvar/Downloads/Level Design/NAlvarez_SchoolMap/LevelDesign/Content/Foilage/Common_Hemp_Nettle_xh1kdfbqx_Mid_xh1kdfbqx_VarD_LOD1.uexp" 526
"C:/Users/Alvar/Downloads/Level Design/NAlvarez_SchoolMap/LevelDesign/Content/Foilage/Common_Hemp_Nettle_xh1kdfbqx_Mid_xh1kdfbqx_VarD_LOD1_FoliageType.uasset" 527
"C:/Users/Alvar/Downloads/Level Design/NAlvarez_SchoolMap/LevelDesign/Content/Foilage/Common_Hemp_Nettle_xh1kdfbqx_Mid_xh1kdfbqx_VarD_LOD1_FoliageType.uexp" 528
"C:/Users/Alvar/Downloads/Level Design/NAlvarez_SchoolMap/LevelDesign/Content/Foilage/Common_Hemp_Nettle_xh1kdfbqx_Mid_xh1kdfbqx_VarD_LOD0.ubulk" 529
"C:/Users/Alvar/Downloads/Level Design/NAlvarez_SchoolMap/LevelDesign/Content/Foilage/Common_Hemp_Nettle_xh1kdfbqx_Mid_xh1kdfbqx_VarD_LOD0.uasset" 530
"C:/Users/Alvar/Downloads/Level Design/NAlvarez_SchoolMap/LevelDesign/Content/Foilage/Common_Hemp_Nettle_xh1kdfbqx_Mid_xh1kdfbqx_VarD_LOD0.uexp" 531
"C:/Users/Alvar/Downloads/Level Design/NAlvarez_SchoolMap/LevelDesign/Content/Foilage/Common_Hemp_Nettle_xh1kdfbqx_Mid_xh1kdfbqx_VarD_LOD0_FoliageType.uasset" 532
"C:/Users/Alvar/Downloads/Level Design/NAlvarez_SchoolMap/LevelDesign/Content/Foilage/Common_Hemp_Nettle_xh1kdfbqx_Mid_xh1kdfbqx_VarD_LOD0_FoliageType.uexp" 533
"C:/Users/Alvar/Downloads/Level Design/NAlvarez_SchoolMap/LevelDesign/Content/Foilage/Common_Hemp_Nettle_xh1kdfbqx_Mid_xh1kdfbqx_VarC_LOD3.ubulk" 534
"C:/Users/Alvar/Downloads/Level Design/NAlvarez_SchoolMap/LevelDesign/Content/Foilage/Common_Hemp_Nettle_xh1kdfbqx_Mid_xh1kdfbqx_VarC_LOD3.uasset" 535
"C:/Users/Alvar/Downloads/Level Design/NAlvarez_SchoolMap/LevelDesign/Content/Foilage/Common_Hemp_Nettle_xh1kdfbqx_Mid_xh1kdfbqx_VarC_LOD3.uexp" 536
"C:/Users/Alvar/Downloads/Level Design/NAlvarez_SchoolMap/LevelDesign/Content/Foilage/Common_Hemp_Nettle_xh1kdfbqx_Mid_xh1kdfbqx_VarC_LOD3_FoliageType.uasset" 537
"C:/Users/Alvar/Downloads/Level Design/NAlvarez_SchoolMap/LevelDesign/Content/Foilage/Common_Hemp_Nettle_xh1kdfbqx_Mid_xh1kdfbqx_VarC_LOD3_FoliageType.uexp" 538
"C:/Users/Alvar/Downloads/Level Design/NAlvarez_SchoolMap/LevelDesign/Content/Foilage/Common_Hemp_Nettle_xh1kdfbqx_Mid_xh1kdfbqx_VarC_LOD2.ubulk" 539
"C:/Users/Alvar/Downloads/Level Design/NAlvarez_SchoolMap/LevelDesign/Content/Foilage/Common_Hemp_Nettle_xh1kdfbqx_Mid_xh1kdfbqx_VarC_LOD2.uasset" 540
"C:/Users/Alvar/Downloads/Level Design/NAlvarez_SchoolMap/LevelDesign/Content/Foilage/Common_Hemp_Nettle_xh1kdfbqx_Mid_xh1kdfbqx_VarC_LOD2.uexp" 541
"C:/Users/Alvar/Downloads/Level Design/NAlvarez_SchoolMap/LevelDesign/Content/Foilage/Common_Hemp_Nettle_xh1kdfbqx_Mid_xh1kdfbqx_VarC_LOD2_FoliageType.uasset" 542
"C:/Users/Alvar/Downloads/Level Design/NAlvarez_SchoolMap/LevelDesign/Content/Foilage/Common_Hemp_Nettle_xh1kdfbqx_Mid_xh1kdfbqx_VarC_LOD2_FoliageType.uexp" 543
"C:/Users/Alvar/Downloads/Level Design/NAlvarez_SchoolMap/LevelDesign/Content/Foilage/Common_Hemp_Nettle_xh1kdfbqx_Mid_xh1kdfbqx_VarC_LOD1.ubulk" 544
"C:/Users/Alvar/Downloads/Level Design/NAlvarez_SchoolMap/LevelDesign/Content/Foilage/Common_Hemp_Nettle_xh1kdfbqx_Mid_xh1kdfbqx_VarC_LOD1.uasset" 545
"C:/Users/Alvar/Downloads/Level Design/NAlvarez_SchoolMap/LevelDesign/Content/Foilage/Common_Hemp_Nettle_xh1kdfbqx_Mid_xh1kdfbqx_VarC_LOD1.uexp" 546
"C:/Users/Alvar/Downloads/Level Design/NAlvarez_SchoolMap/LevelDesign/Content/Foilage/Common_Hemp_Nettle_xh1kdfbqx_Mid_xh1kdfbqx_VarC_LOD1_FoliageType.uasset" 547
"C:/Users/Alvar/Downloads/Level Design/NAlvarez_SchoolMap/LevelDesign/Content/Foilage/Common_Hemp_Nettle_xh1kdfbqx_Mid_xh1kdfbqx_VarC_LOD1_FoliageType.uexp" 548
"C:/Users/Alvar/Downloads/Level Design/NAlvarez_SchoolMap/LevelDesign/Content/Foilage/Common_Hemp_Nettle_xh1kdfbqx_Mid_xh1kdfbqx_VarC_LOD0.ubulk" 549
"C:/Users/Alvar/Downloads/Level Design/NAlvarez_SchoolMap/LevelDesign/Content/Foilage/Common_Hemp_Nettle_xh1kdfbqx_Mid_xh1kdfbqx_VarC_LOD0.uasset" 550
"C:/Users/Alvar/Downloads/Level Design/NAlvarez_SchoolMap/LevelDesign/Content/Foilage/Common_Hemp_Nettle_xh1kdfbqx_Mid_xh1kdfbqx_VarC_LOD0.uexp" 551
"C:/Users/Alvar/Downloads/Level Design/NAlvarez_SchoolMap/LevelDesign/Content/Foilage/Common_Hemp_Nettle_xh1kdfbqx_Mid_xh1kdfbqx_VarC_LOD0_FoliageType.uasset" 552
"C:/Users/Alvar/Downloads/Level Design/NAlvarez_SchoolMap/LevelDesign/Content/Foilage/Common_Hemp_Nettle_xh1kdfbqx_Mid_xh1kdfbqx_VarC_LOD0_FoliageType.uexp" 553
"C:/Users/Alvar/Downloads/Level Design/NAlvarez_SchoolMap/LevelDesign/Content/Foilage/Common_Hemp_Nettle_xh1kdfbqx_Mid_xh1kdfbqx_VarB_LOD3.ubulk" 554
"C:/Users/Alvar/Downloads/Level Design/NAlvarez_SchoolMap/LevelDesign/Content/Foilage/Common_Hemp_Nettle_xh1kdfbqx_Mid_xh1kdfbqx_VarB_LOD3.uasset" 555
"C:/Users/Alvar/Downloads/Level Design/NAlvarez_SchoolMap/LevelDesign/Content/Foilage/Common_Hemp_Nettle_xh1kdfbqx_Mid_xh1kdfbqx_VarB_LOD3.uexp" 556
"C:/Users/Alvar/Downloads/Level Design/NAlvarez_SchoolMap/LevelDesign/Content/Foilage/Common_Hemp_Nettle_xh1kdfbqx_Mid_xh1kdfbqx_VarB_LOD3_FoliageType.uasset" 557
"C:/Users/Alvar/Downloads/Level Design/NAlvarez_SchoolMap/LevelDesign/Content/Foilage/Common_Hemp_Nettle_xh1kdfbqx_Mid_xh1kdfbqx_VarB_LOD3_FoliageType.uexp" 558
"C:/Users/Alvar/Downloads/Level Design/NAlvarez_SchoolMap/LevelDesign/Content/Foilage/Common_Hemp_Nettle_xh1kdfbqx_Mid_xh1kdfbqx_VarB_LOD2.ubulk" 559
"C:/Users/Alvar/Downloads/Level Design/NAlvarez_SchoolMap/LevelDesign/Content/Foilage/Common_Hemp_Nettle_xh1kdfbqx_Mid_xh1kdfbqx_VarB_LOD2.uasset" 560
"C:/Users/Alvar/Downloads/Level Design/NAlvarez_SchoolMap/LevelDesign/Content/Foilage/Common_Hemp_Nettle_xh1kdfbqx_Mid_xh1kdfbqx_VarB_LOD2.uexp" 561
"C:/Users/Alvar/Downloads/Level Design/NAlvarez_SchoolMap/LevelDesign/Content/Foilage/Common_Hemp_Nettle_xh1kdfbqx_Mid_xh1kdfbqx_VarB_LOD2_FoliageType.uasset" 562
"C:/Users/Alvar/Downloads/Level Design/NAlvarez_SchoolMap/LevelDesign/Content/Foilage/Common_Hemp_Nettle_xh1kdfbqx_Mid_xh1kdfbqx_VarB_LOD2_FoliageType.uexp" 563
"C:/Users/Alvar/Downloads/Level Design/NAlvarez_SchoolMap/LevelDesign/Content/Foilage/Common_Hemp_Nettle_xh1kdfbqx_Mid_xh1kdfbqx_VarB_LOD1.ubulk" 564
"C:/Users/Alvar/Downloads/Level Design/NAlvarez_SchoolMap/LevelDesign/Content/Foilage/Common_Hemp_Nettle_xh1kdfbqx_Mid_xh1kdfbqx_VarB_LOD1.uasset" 565
"C:/Users/Alvar/Downloads/Level Design/NAlvarez_SchoolMap/LevelDesign/Content/Foilage/Common_Hemp_Nettle_xh1kdfbqx_Mid_xh1kdfbqx_VarB_LOD1.uexp" 566
"C:/Users/Alvar/Downloads/Level Design/NAlvarez_SchoolMap/LevelDesign/Content/Foilage/Common_Hemp_Nettle_xh1kdfbqx_Mid_xh1kdfbqx_VarB_LOD1_FoliageType.uasset" 567
"C:/Users/Alvar/Downloads/Level Design/NAlvarez_SchoolMap/LevelDesign/Content/Foilage/Common_Hemp_Nettle_xh1kdfbqx_Mid_xh1kdfbqx_VarB_LOD1_FoliageType.uexp" 568
"C:/Users/Alvar/Downloads/Level Design/NAlvarez_SchoolMap/LevelDesign/Content/Foilage/Common_Hemp_Nettle_xh1kdfbqx_Mid_xh1kdfbqx_VarB_LOD0.ubulk" 569
"C:/Users/Alvar/Downloads/Level Design/NAlvarez_SchoolMap/LevelDesign/Content/Foilage/Common_Hemp_Nettle_xh1kdfbqx_Mid_xh1kdfbqx_VarB_LOD0.uasset" 570
"C:/Users/Alvar/Downloads/Level Design/NAlvarez_SchoolMap/LevelDesign/Content/Foilage/Common_Hemp_Nettle_xh1kdfbqx_Mid_xh1kdfbqx_VarB_LOD0.uexp" 571
"C:/Users/Alvar/Downloads/Level Design/NAlvarez_SchoolMap/LevelDesign/Content/Foilage/Common_Hemp_Nettle_xh1kdfbqx_Mid_xh1kdfbqx_VarB_LOD0_FoliageType.uasset" 572
"C:/Users/Alvar/Downloads/Level Design/NAlvarez_SchoolMap/LevelDesign/Content/Foilage/Common_Hemp_Nettle_xh1kdfbqx_Mid_xh1kdfbqx_VarB_LOD0_FoliageType.uexp" 573
"C:/Users/Alvar/Downloads/Level Design/NAlvarez_SchoolMap/LevelDesign/Content/Foilage/Common_Hemp_Nettle_xh1kdfbqx_Mid_xh1kdfbqx_VarA_LOD3.ubulk" 574
"C:/Users/Alvar/Downloads/Level Design/NAlvarez_SchoolMap/LevelDesign/Content/Foilage/Common_Hemp_Nettle_xh1kdfbqx_Mid_xh1kdfbqx_VarA_LOD3.uasset" 575
"C:/Users/Alvar/Downloads/Level Design/NAlvarez_SchoolMap/LevelDesign/Content/Foilage/Common_Hemp_Nettle_xh1kdfbqx_Mid_xh1kdfbqx_VarA_LOD3.uexp" 576
"C:/Users/Alvar/Downloads/Level Design/NAlvarez_SchoolMap/LevelDesign/Content/Foilage/Common_Hemp_Nettle_xh1kdfbqx_Mid_xh1kdfbqx_VarA_LOD3_FoliageType.uasset" 577
"C:/Users/Alvar/Downloads/Level Design/NAlvarez_SchoolMap/LevelDesign/Content/Foilage/Common_Hemp_Nettle_xh1kdfbqx_Mid_xh1kdfbqx_VarA_LOD3_FoliageType.uexp" 578
"C:/Users/Alvar/Downloads/Level Design/NAlvarez_SchoolMap/LevelDesign/Content/Foilage/Common_Hemp_Nettle_xh1kdfbqx_Mid_xh1kdfbqx_VarA_LOD2.ubulk" 579
"C:/Users/Alvar/Downloads/Level Design/NAlvarez_SchoolMap/LevelDesign/Content/Foilage/Common_Hemp_Nettle_xh1kdfbqx_Mid_xh1kdfbqx_VarA_LOD2.uasset" 580
"C:/Users/Alvar/Downloads/Level Design/NAlvarez_SchoolMap/LevelDesign/Content/Foilage/Common_Hemp_Nettle_xh1kdfbqx_Mid_xh1kdfbqx_VarA_LOD2.uexp" 581
"C:/Users/Alvar/Downloads/Level Design/NAlvarez_SchoolMap/LevelDesign/Content/Foilage/Common_Hemp_Nettle_xh1kdfbqx_Mid_xh1kdfbqx_VarA_LOD2_FoliageType.uasset" 582
"C:/Users/Alvar/Downloads/Level Design/NAlvarez_SchoolMap/LevelDesign/Content/Foilage/Common_Hemp_Nettle_xh1kdfbqx_Mid_xh1kdfbqx_VarA_LOD2_FoliageType.uexp" 583
"C:/Users/Alvar/Downloads/Level Design/NAlvarez_SchoolMap/LevelDesign/Content/Foilage/Common_Hemp_Nettle_xh1kdfbqx_Mid_xh1kdfbqx_VarA_LOD1.ubulk" 584
"C:/Users/Alvar/Downloads/Level Design/NAlvarez_SchoolMap/LevelDesign/Content/Foilage/Common_Hemp_Nettle_xh1kdfbqx_Mid_xh1kdfbqx_VarA_LOD1.uasset" 585
"C:/Users/Alvar/Downloads/Level Design/NAlvarez_SchoolMap/LevelDesign/Content/Foilage/Common_Hemp_Nettle_xh1kdfbqx_Mid_xh1kdfbqx_VarA_LOD1.uexp" 586
"C:/Users/Alvar/Downloads/Level Design/NAlvarez_SchoolMap/LevelDesign/Content/Foilage/Common_Hemp_Nettle_xh1kdfbqx_Mid_xh1kdfbqx_VarA_LOD1_FoliageType.uasset" 587
"C:/Users/Alvar/Downloads/Level Design/NAlvarez_SchoolMap/LevelDesign/Content/Foilage/Common_Hemp_Nettle_xh1kdfbqx_Mid_xh1kdfbqx_VarA_LOD1_FoliageType.uexp" 588
"C:/Users/Alvar/Downloads/Level Design/NAlvarez_SchoolMap/LevelDesign/Content/Foilage/Common_Hemp_Nettle_xh1kdfbqx_Mid_xh1kdfbqx_VarA_LOD0.ubulk" 589
"C:/Users/Alvar/Downloads/Level Design/NAlvarez_SchoolMap/LevelDesign/Content/Foilage/Common_Hemp_Nettle_xh1kdfbqx_Mid_xh1kdfbqx_VarA_LOD0.uasset" 590
"C:/Users/Alvar/Downloads/Level Design/NAlvarez_SchoolMap/LevelDesign/Content/Foilage/Common_Hemp_Nettle_xh1kdfbqx_Mid_xh1kdfbqx_VarA_LOD0.uexp" 591
"C:/Users/Alvar/Downloads/Level Design/NAlvarez_SchoolMap/LevelDesign/Content/Foilage/Common_Hemp_Nettle_xh1kdfbqx_Mid_xh1kdfbqx_VarA_LOD0_FoliageType.uasset" 592
"C:/Users/Alvar/Downloads/Level Design/NAlvarez_SchoolMap/LevelDesign/Content/Foilage/Common_Hemp_Nettle_xh1kdfbqx_Mid_xh1kdfbqx_VarA_LOD0_FoliageType.uexp" 593
"C:/Users/Alvar/Downloads/Level Design/NAlvarez_SchoolMap/LevelDesign/Content/Widgets/W_Stamina.uasset" 594
"C:/Users/Alvar/Downloads/Level Design/NAlvarez_SchoolMap/LevelDesign/Content/Widgets/W_Stamina.uexp" 595
"C:/Users/Alvar/Downloads/Level Design/NAlvarez_SchoolMap/LevelDesign/Content/Input/Actions/IA_MouseLook.uasset" 596
"C:/Users/Alvar/Downloads/Level Design/NAlvarez_SchoolMap/LevelDesign/Content/Input/Actions/IA_MouseLook.uexp" 597
"C:/Users/Alvar/Downloads/Level Design/NAlvarez_SchoolMap/LevelDesign/Content/Input/Actions/IA_Jump.uasset" 598
"C:/Users/Alvar/Downloads/Level Design/NAlvarez_SchoolMap/LevelDesign/Content/Input/Actions/IA_Jump.uexp" 599
"C:/Users/Alvar/Downloads/Level Design/NAlvarez_SchoolMap/LevelDesign/Content/Input/Actions/IA_Look.uasset" 600
"C:/Users/Alvar/Downloads/Level Design/NAlvarez_SchoolMap/LevelDesign/Content/Input/Actions/IA_Look.uexp" 601
"C:/Users/Alvar/Downloads/Level Design/NAlvarez_SchoolMap/LevelDesign/Content/Input/Actions/IA_Move.uasset" 602
"C:/Users/Alvar/Downloads/Level Design/NAlvarez_SchoolMap/LevelDesign/Content/Input/Actions/IA_Move.uexp" 603
"C:/Users/Alvar/Downloads/Level Design/NAlvarez_SchoolMap/LevelDesign/Content/Blueprints/BPI_Interact.uasset" 604
"C:/Users/Alvar/Downloads/Level Design/NAlvarez_SchoolMap/LevelDesign/Content/Blueprints/BPI_Interact.uexp" 605
"C:/Users/Alvar/Downloads/Level Design/NAlvarez_SchoolMap/LevelDesign/Content/Characters/Mannequins/Meshes/SK_Mannequin.uasset" 606
"C:/Users/Alvar/Downloads/Level Design/NAlvarez_SchoolMap/LevelDesign/Content/Characters/Mannequins/Meshes/SK_Mannequin.uexp" 607
"../../../Engine/Content/Animation/DefaultVariableFrameStrippingSettings.uasset" 608
"../../../Engine/Content/Animation/DefaultVariableFrameStrippingSettings.uexp" 609
"../../../Engine/Content/Animation/DefaultAnimCurveCompressionSettings.uasset" 610
"../../../Engine/Content/Animation/DefaultAnimCurveCompressionSettings.uexp" 611
"../../../Engine/Content/Animation/DefaultAnimBoneCompressionSettings.uasset" 612
"../../../Engine/Content/Animation/DefaultAnimBoneCompressionSettings.uexp" 613
"C:/Users/Alvar/Downloads/Level Design/NAlvarez_SchoolMap/LevelDesign/Content/Characters/Mannequins/Anims/Unarmed/MM_Idle.uasset" 614
"C:/Users/Alvar/Downloads/Level Design/NAlvarez_SchoolMap/LevelDesign/Content/Characters/Mannequins/Anims/Unarmed/MM_Idle.uexp" 615
"C:/Users/Alvar/Downloads/Level Design/NAlvarez_SchoolMap/LevelDesign/Content/Characters/Mannequins/Anims/Unarmed/Jog/MF_Unarmed_Jog_Bwd.uasset" 616
"C:/Users/Alvar/Downloads/Level Design/NAlvarez_SchoolMap/LevelDesign/Content/Characters/Mannequins/Anims/Unarmed/Jog/MF_Unarmed_Jog_Bwd.uexp" 617
"../../../Engine/Plugins/Animation/ACLPlugin/Content/ACLAnimCurveCompressionSettings.uasset" 618
"../../../Engine/Plugins/Animation/ACLPlugin/Content/ACLAnimCurveCompressionSettings.uexp" 619
"../../../Engine/Content/Animation/DefaultRecorderBoneCompression.uasset" 620
"../../../Engine/Content/Animation/DefaultRecorderBoneCompression.uexp" 621
"C:/Users/Alvar/Downloads/Level Design/NAlvarez_SchoolMap/LevelDesign/Content/Characters/Mannequins/Anims/Unarmed/Jog/MF_Unarmed_Jog_Bwd_Left.uasset" 622
"C:/Users/Alvar/Downloads/Level Design/NAlvarez_SchoolMap/LevelDesign/Content/Characters/Mannequins/Anims/Unarmed/Jog/MF_Unarmed_Jog_Bwd_Left.uexp" 623
"C:/Users/Alvar/Downloads/Level Design/NAlvarez_SchoolMap/LevelDesign/Content/Characters/Mannequins/Anims/Unarmed/Jog/MF_Unarmed_Jog_Bwd_Right.uasset" 624
"C:/Users/Alvar/Downloads/Level Design/NAlvarez_SchoolMap/LevelDesign/Content/Characters/Mannequins/Anims/Unarmed/Jog/MF_Unarmed_Jog_Bwd_Right.uexp" 625
"C:/Users/Alvar/Downloads/Level Design/NAlvarez_SchoolMap/LevelDesign/Content/Characters/Mannequins/Anims/Unarmed/Jog/MF_Unarmed_Jog_Fwd.uasset" 626
"C:/Users/Alvar/Downloads/Level Design/NAlvarez_SchoolMap/LevelDesign/Content/Characters/Mannequins/Anims/Unarmed/Jog/MF_Unarmed_Jog_Fwd.uexp" 627
"C:/Users/Alvar/Downloads/Level Design/NAlvarez_SchoolMap/LevelDesign/Content/Characters/Mannequins/Anims/Unarmed/Jog/MF_Unarmed_Jog_Fwd_Left.uasset" 628
"C:/Users/Alvar/Downloads/Level Design/NAlvarez_SchoolMap/LevelDesign/Content/Characters/Mannequins/Anims/Unarmed/Jog/MF_Unarmed_Jog_Fwd_Left.uexp" 629
"C:/Users/Alvar/Downloads/Level Design/NAlvarez_SchoolMap/LevelDesign/Content/Characters/Mannequins/Anims/Unarmed/Jog/MF_Unarmed_Jog_Fwd_Right.uasset" 630
"C:/Users/Alvar/Downloads/Level Design/NAlvarez_SchoolMap/LevelDesign/Content/Characters/Mannequins/Anims/Unarmed/Jog/MF_Unarmed_Jog_Fwd_Right.uexp" 631
"C:/Users/Alvar/Downloads/Level Design/NAlvarez_SchoolMap/LevelDesign/Content/Characters/Mannequins/Anims/Unarmed/Jog/MF_Unarmed_Jog_Left.uasset" 632
"C:/Users/Alvar/Downloads/Level Design/NAlvarez_SchoolMap/LevelDesign/Content/Characters/Mannequins/Anims/Unarmed/Jog/MF_Unarmed_Jog_Left.uexp" 633
"C:/Users/Alvar/Downloads/Level Design/NAlvarez_SchoolMap/LevelDesign/Content/Characters/Mannequins/Anims/Unarmed/Jog/MF_Unarmed_Jog_Right.uasset" 634
"C:/Users/Alvar/Downloads/Level Design/NAlvarez_SchoolMap/LevelDesign/Content/Characters/Mannequins/Anims/Unarmed/Jog/MF_Unarmed_Jog_Right.uexp" 635
"C:/Users/Alvar/Downloads/Level Design/NAlvarez_SchoolMap/LevelDesign/Content/Characters/Mannequins/Anims/Unarmed/Walk/MF_Unarmed_Walk_Bwd.uasset" 636
"C:/Users/Alvar/Downloads/Level Design/NAlvarez_SchoolMap/LevelDesign/Content/Characters/Mannequins/Anims/Unarmed/Walk/MF_Unarmed_Walk_Bwd.uexp" 637
"C:/Users/Alvar/Downloads/Level Design/NAlvarez_SchoolMap/LevelDesign/Content/Characters/Mannequins/Anims/Unarmed/Walk/MF_Unarmed_Walk_Bwd_Left.uasset" 638
"C:/Users/Alvar/Downloads/Level Design/NAlvarez_SchoolMap/LevelDesign/Content/Characters/Mannequins/Anims/Unarmed/Walk/MF_Unarmed_Walk_Bwd_Left.uexp" 639
"C:/Users/Alvar/Downloads/Level Design/NAlvarez_SchoolMap/LevelDesign/Content/Characters/Mannequins/Anims/Unarmed/Walk/MF_Unarmed_Walk_Bwd_Right.uasset" 640
"C:/Users/Alvar/Downloads/Level Design/NAlvarez_SchoolMap/LevelDesign/Content/Characters/Mannequins/Anims/Unarmed/Walk/MF_Unarmed_Walk_Bwd_Right.uexp" 641
"C:/Users/Alvar/Downloads/Level Design/NAlvarez_SchoolMap/LevelDesign/Content/Characters/Mannequins/Anims/Unarmed/Walk/MF_Unarmed_Walk_Fwd.uasset" 642
"C:/Users/Alvar/Downloads/Level Design/NAlvarez_SchoolMap/LevelDesign/Content/Characters/Mannequins/Anims/Unarmed/Walk/MF_Unarmed_Walk_Fwd.uexp" 643
"C:/Users/Alvar/Downloads/Level Design/NAlvarez_SchoolMap/LevelDesign/Content/Characters/Mannequins/Anims/Unarmed/Walk/MF_Unarmed_Walk_Fwd_Left.uasset" 644
"C:/Users/Alvar/Downloads/Level Design/NAlvarez_SchoolMap/LevelDesign/Content/Characters/Mannequins/Anims/Unarmed/Walk/MF_Unarmed_Walk_Fwd_Left.uexp" 645
"C:/Users/Alvar/Downloads/Level Design/NAlvarez_SchoolMap/LevelDesign/Content/Characters/Mannequins/Anims/Unarmed/Walk/MF_Unarmed_Walk_Fwd_Right.uasset" 646
"C:/Users/Alvar/Downloads/Level Design/NAlvarez_SchoolMap/LevelDesign/Content/Characters/Mannequins/Anims/Unarmed/Walk/MF_Unarmed_Walk_Fwd_Right.uexp" 647
"C:/Users/Alvar/Downloads/Level Design/NAlvarez_SchoolMap/LevelDesign/Content/Characters/Mannequins/Anims/Unarmed/Walk/MF_Unarmed_Walk_Left.uasset" 648
"C:/Users/Alvar/Downloads/Level Design/NAlvarez_SchoolMap/LevelDesign/Content/Characters/Mannequins/Anims/Unarmed/Walk/MF_Unarmed_Walk_Left.uexp" 649
"C:/Users/Alvar/Downloads/Level Design/NAlvarez_SchoolMap/LevelDesign/Content/Characters/Mannequins/Anims/Unarmed/Walk/MF_Unarmed_Walk_Right.uasset" 650
"C:/Users/Alvar/Downloads/Level Design/NAlvarez_SchoolMap/LevelDesign/Content/Characters/Mannequins/Anims/Unarmed/Walk/MF_Unarmed_Walk_Right.uexp" 651
"C:/Users/Alvar/Downloads/Level Design/NAlvarez_SchoolMap/LevelDesign/Content/Characters/Mannequins/Anims/Unarmed/BS_Idle_Walk_Run.uasset" 652
"C:/Users/Alvar/Downloads/Level Design/NAlvarez_SchoolMap/LevelDesign/Content/Characters/Mannequins/Anims/Unarmed/BS_Idle_Walk_Run.uexp" 653
"C:/Users/Alvar/Downloads/Level Design/NAlvarez_SchoolMap/LevelDesign/Content/Characters/Mannequins/Anims/Unarmed/Jump/MM_Fall_Loop.uasset" 654
"C:/Users/Alvar/Downloads/Level Design/NAlvarez_SchoolMap/LevelDesign/Content/Characters/Mannequins/Anims/Unarmed/Jump/MM_Fall_Loop.uexp" 655
"C:/Users/Alvar/Downloads/Level Design/NAlvarez_SchoolMap/LevelDesign/Content/Characters/Mannequins/Anims/Unarmed/Jump/MM_Jump.uasset" 656
"C:/Users/Alvar/Downloads/Level Design/NAlvarez_SchoolMap/LevelDesign/Content/Characters/Mannequins/Anims/Unarmed/Jump/MM_Jump.uexp" 657
"C:/Users/Alvar/Downloads/Level Design/NAlvarez_SchoolMap/LevelDesign/Content/Characters/Mannequins/Anims/Unarmed/Jump/MM_Land.uasset" 658
"C:/Users/Alvar/Downloads/Level Design/NAlvarez_SchoolMap/LevelDesign/Content/Characters/Mannequins/Anims/Unarmed/Jump/MM_Land.uexp" 659
"../../../Engine/Plugins/Animation/ControlRig/Content/Controls/DefaultGizmoLibraryNormalized.uasset" 660
"../../../Engine/Plugins/Animation/ControlRig/Content/Controls/DefaultGizmoLibraryNormalized.uexp" 661
"C:/Users/Alvar/Downloads/Level Design/NAlvarez_SchoolMap/LevelDesign/Content/Characters/Mannequins/Rigs/CR_Mannequin_FootIK.uasset" 662
"C:/Users/Alvar/Downloads/Level Design/NAlvarez_SchoolMap/LevelDesign/Content/Characters/Mannequins/Rigs/CR_Mannequin_FootIK.uexp" 663
"C:/Users/Alvar/Downloads/Level Design/NAlvarez_SchoolMap/LevelDesign/Content/Characters/Mannequins/Anims/Unarmed/ABP_Unarmed.uasset" 664
"C:/Users/Alvar/Downloads/Level Design/NAlvarez_SchoolMap/LevelDesign/Content/Characters/Mannequins/Anims/Unarmed/ABP_Unarmed.uexp" 665
"C:/Users/Alvar/Downloads/Level Design/NAlvarez_SchoolMap/LevelDesign/Content/Characters/Mannequins/Rigs/PA_Mannequin.uasset" 666
"C:/Users/Alvar/Downloads/Level Design/NAlvarez_SchoolMap/LevelDesign/Content/Characters/Mannequins/Rigs/PA_Mannequin.uexp" 667
"C:/Users/Alvar/Downloads/Level Design/NAlvarez_SchoolMap/LevelDesign/Content/Characters/Mannequins/Textures/Shared/T_UE_Logo_M.uasset" 668
"C:/Users/Alvar/Downloads/Level Design/NAlvarez_SchoolMap/LevelDesign/Content/Characters/Mannequins/Textures/Shared/T_UE_Logo_M.uexp" 669
"C:/Users/Alvar/Downloads/Level Design/NAlvarez_SchoolMap/LevelDesign/Content/Characters/Mannequins/Textures/Manny/T_Manny_01_MRA.ubulk" 670
"C:/Users/Alvar/Downloads/Level Design/NAlvarez_SchoolMap/LevelDesign/Content/Characters/Mannequins/Textures/Manny/T_Manny_01_MRA.uasset" 671
"C:/Users/Alvar/Downloads/Level Design/NAlvarez_SchoolMap/LevelDesign/Content/Characters/Mannequins/Textures/Manny/T_Manny_01_MRA.uexp" 672
"C:/Users/Alvar/Downloads/Level Design/NAlvarez_SchoolMap/LevelDesign/Content/Characters/Mannequins/Textures/Manny/T_Manny_01_D.ubulk" 673
"C:/Users/Alvar/Downloads/Level Design/NAlvarez_SchoolMap/LevelDesign/Content/Characters/Mannequins/Textures/Manny/T_Manny_01_D.uasset" 674
"C:/Users/Alvar/Downloads/Level Design/NAlvarez_SchoolMap/LevelDesign/Content/Characters/Mannequins/Textures/Manny/T_Manny_01_D.uexp" 675
"C:/Users/Alvar/Downloads/Level Design/NAlvarez_SchoolMap/LevelDesign/Content/Characters/Mannequins/Textures/Manny/T_Manny_01_BN.ubulk" 676
"C:/Users/Alvar/Downloads/Level Design/NAlvarez_SchoolMap/LevelDesign/Content/Characters/Mannequins/Textures/Manny/T_Manny_01_BN.uasset" 677
"C:/Users/Alvar/Downloads/Level Design/NAlvarez_SchoolMap/LevelDesign/Content/Characters/Mannequins/Textures/Manny/T_Manny_01_BN.uexp" 678
"C:/Users/Alvar/Downloads/Level Design/NAlvarez_SchoolMap/LevelDesign/Content/Characters/Mannequins/Materials/M_Mannequin.uasset" 679
"C:/Users/Alvar/Downloads/Level Design/NAlvarez_SchoolMap/LevelDesign/Content/Characters/Mannequins/Materials/M_Mannequin.uexp" 680
"C:/Users/Alvar/Downloads/Level Design/NAlvarez_SchoolMap/LevelDesign/Content/Characters/Mannequins/Materials/Manny/MI_Manny_01_New.uasset" 681
"C:/Users/Alvar/Downloads/Level Design/NAlvarez_SchoolMap/LevelDesign/Content/Characters/Mannequins/Materials/Manny/MI_Manny_01_New.uexp" 682
"C:/Users/Alvar/Downloads/Level Design/NAlvarez_SchoolMap/LevelDesign/Content/Characters/Mannequins/Textures/Manny/T_Manny_02_MRA.ubulk" 683
"C:/Users/Alvar/Downloads/Level Design/NAlvarez_SchoolMap/LevelDesign/Content/Characters/Mannequins/Textures/Manny/T_Manny_02_MRA.uasset" 684
"C:/Users/Alvar/Downloads/Level Design/NAlvarez_SchoolMap/LevelDesign/Content/Characters/Mannequins/Textures/Manny/T_Manny_02_MRA.uexp" 685
"C:/Users/Alvar/Downloads/Level Design/NAlvarez_SchoolMap/LevelDesign/Content/Characters/Mannequins/Textures/Manny/T_Manny_02_D.ubulk" 686
"C:/Users/Alvar/Downloads/Level Design/NAlvarez_SchoolMap/LevelDesign/Content/Characters/Mannequins/Textures/Manny/T_Manny_02_D.uasset" 687
"C:/Users/Alvar/Downloads/Level Design/NAlvarez_SchoolMap/LevelDesign/Content/Characters/Mannequins/Textures/Manny/T_Manny_02_D.uexp" 688
"C:/Users/Alvar/Downloads/Level Design/NAlvarez_SchoolMap/LevelDesign/Content/Characters/Mannequins/Textures/Manny/T_Manny_02_BN.ubulk" 689
"C:/Users/Alvar/Downloads/Level Design/NAlvarez_SchoolMap/LevelDesign/Content/Characters/Mannequins/Textures/Manny/T_Manny_02_BN.uasset" 690
"C:/Users/Alvar/Downloads/Level Design/NAlvarez_SchoolMap/LevelDesign/Content/Characters/Mannequins/Textures/Manny/T_Manny_02_BN.uexp" 691
"C:/Users/Alvar/Downloads/Level Design/NAlvarez_SchoolMap/LevelDesign/Content/Characters/Mannequins/Materials/Manny/MI_Manny_02_New.uasset" 692
"C:/Users/Alvar/Downloads/Level Design/NAlvarez_SchoolMap/LevelDesign/Content/Characters/Mannequins/Materials/Manny/MI_Manny_02_New.uexp" 693
"C:/Users/Alvar/Downloads/Level Design/NAlvarez_SchoolMap/LevelDesign/Content/Characters/Mannequins/Meshes/SKM_Manny_Simple.uasset" 694
"C:/Users/Alvar/Downloads/Level Design/NAlvarez_SchoolMap/LevelDesign/Content/Characters/Mannequins/Meshes/SKM_Manny_Simple.uexp" 695
"C:/Users/Alvar/Downloads/Level Design/NAlvarez_SchoolMap/LevelDesign/Content/Input/Touch/BPI_TouchInterface.uasset" 696
"C:/Users/Alvar/Downloads/Level Design/NAlvarez_SchoolMap/LevelDesign/Content/Input/Touch/BPI_TouchInterface.uexp" 697
"../../../Engine/Content/MobileResources/HUD/VirtualJoystick_Thumb.uasset" 698
"../../../Engine/Content/MobileResources/HUD/VirtualJoystick_Thumb.uexp" 699
"../../../Engine/Content/MobileResources/HUD/VirtualJoystick_Background.uasset" 700
"../../../Engine/Content/MobileResources/HUD/VirtualJoystick_Background.uexp" 701
"C:/Users/Alvar/Downloads/Level Design/NAlvarez_SchoolMap/LevelDesign/Content/Input/Touch/UI_Thumbstick.uasset" 702
"C:/Users/Alvar/Downloads/Level Design/NAlvarez_SchoolMap/LevelDesign/Content/Input/Touch/UI_Thumbstick.uexp" 703
"C:/Users/Alvar/Downloads/Level Design/NAlvarez_SchoolMap/LevelDesign/Content/Input/Touch/UI_TouchSimple.uasset" 704
"C:/Users/Alvar/Downloads/Level Design/NAlvarez_SchoolMap/LevelDesign/Content/Input/Touch/UI_TouchSimple.uexp" 705
"../../../Engine/Content/EngineResources/DefaultTexture.ubulk" 706
"../../../Engine/Content/EngineResources/DefaultTexture.uasset" 707
"../../../Engine/Content/EngineResources/DefaultTexture.uexp" 708
"../../../Engine/Plugins/Interchange/Assets/Content/Functions/MF_PhongToMetalRoughness.uasset" 709
"../../../Engine/Plugins/Interchange/Assets/Content/Functions/MF_PhongToMetalRoughness.uexp" 710
"C:/Users/Alvar/Downloads/Level Design/NAlvarez_SchoolMap/LevelDesign/Content/Fab/Flashlight/textures/Flashligh_MAT_Roughness.ubulk" 711
"C:/Users/Alvar/Downloads/Level Design/NAlvarez_SchoolMap/LevelDesign/Content/Fab/Flashlight/textures/Flashligh_MAT_Roughness.uasset" 712
"C:/Users/Alvar/Downloads/Level Design/NAlvarez_SchoolMap/LevelDesign/Content/Fab/Flashlight/textures/Flashligh_MAT_Roughness.uexp" 713
"C:/Users/Alvar/Downloads/Level Design/NAlvarez_SchoolMap/LevelDesign/Content/Fab/Flashlight/textures/Flashligh_MAT_Normal.ubulk" 714
"C:/Users/Alvar/Downloads/Level Design/NAlvarez_SchoolMap/LevelDesign/Content/Fab/Flashlight/textures/Flashligh_MAT_Normal.uasset" 715
"C:/Users/Alvar/Downloads/Level Design/NAlvarez_SchoolMap/LevelDesign/Content/Fab/Flashlight/textures/Flashligh_MAT_Normal.uexp" 716
"C:/Users/Alvar/Downloads/Level Design/NAlvarez_SchoolMap/LevelDesign/Content/Fab/Flashlight/textures/Flashligh_MAT_Metallic.ubulk" 717
"C:/Users/Alvar/Downloads/Level Design/NAlvarez_SchoolMap/LevelDesign/Content/Fab/Flashlight/textures/Flashligh_MAT_Metallic.uasset" 718
"C:/Users/Alvar/Downloads/Level Design/NAlvarez_SchoolMap/LevelDesign/Content/Fab/Flashlight/textures/Flashligh_MAT_Metallic.uexp" 719
"C:/Users/Alvar/Downloads/Level Design/NAlvarez_SchoolMap/LevelDesign/Content/Fab/Flashlight/textures/Flashligh_MAT_Emissive.ubulk" 720
"C:/Users/Alvar/Downloads/Level Design/NAlvarez_SchoolMap/LevelDesign/Content/Fab/Flashlight/textures/Flashligh_MAT_Emissive.uasset" 721
"C:/Users/Alvar/Downloads/Level Design/NAlvarez_SchoolMap/LevelDesign/Content/Fab/Flashlight/textures/Flashligh_MAT_Emissive.uexp" 722
"C:/Users/Alvar/Downloads/Level Design/NAlvarez_SchoolMap/LevelDesign/Content/Fab/Flashlight/textures/Flashligh_MAT_BaseColor.ubulk" 723
"C:/Users/Alvar/Downloads/Level Design/NAlvarez_SchoolMap/LevelDesign/Content/Fab/Flashlight/textures/Flashligh_MAT_BaseColor.uasset" 724
"C:/Users/Alvar/Downloads/Level Design/NAlvarez_SchoolMap/LevelDesign/Content/Fab/Flashlight/textures/Flashligh_MAT_BaseColor.uexp" 725
"C:/Users/Alvar/Downloads/Level Design/NAlvarez_SchoolMap/LevelDesign/Content/Fab/Flashlight/source/Flashligh_MAT.uasset" 726
"C:/Users/Alvar/Downloads/Level Design/NAlvarez_SchoolMap/LevelDesign/Content/Fab/Flashlight/source/Flashligh_MAT.uexp" 727
"C:/Users/Alvar/Downloads/Level Design/NAlvarez_SchoolMap/LevelDesign/Content/Fab/Flashlight/source/Flashlight_low.ubulk" 728
"C:/Users/Alvar/Downloads/Level Design/NAlvarez_SchoolMap/LevelDesign/Content/Fab/Flashlight/source/Flashlight_low.uasset" 729
"C:/Users/Alvar/Downloads/Level Design/NAlvarez_SchoolMap/LevelDesign/Content/Fab/Flashlight/source/Flashlight_low.uexp" 730
"C:/Users/Alvar/Downloads/Level Design/NAlvarez_SchoolMap/LevelDesign/Content/FirstPerson/Blueprints/BP_FirstPersonCharacter.uasset" 731
"C:/Users/Alvar/Downloads/Level Design/NAlvarez_SchoolMap/LevelDesign/Content/FirstPerson/Blueprints/BP_FirstPersonCharacter.uexp" 732
"C:/Users/Alvar/Downloads/Level Design/NAlvarez_SchoolMap/LevelDesign/Content/Widgets/W_SpawnDialog.uasset" 733
"C:/Users/Alvar/Downloads/Level Design/NAlvarez_SchoolMap/LevelDesign/Content/Widgets/W_SpawnDialog.uexp" 734
"C:/Users/Alvar/Downloads/Level Design/NAlvarez_SchoolMap/LevelDesign/Content/Blueprints/BP_SpawnDialog.uasset" 735
"C:/Users/Alvar/Downloads/Level Design/NAlvarez_SchoolMap/LevelDesign/Content/Blueprints/BP_SpawnDialog.uexp" 736
"../../../Engine/Content/BasicShapes/Cube.ubulk" 737
"../../../Engine/Content/BasicShapes/Cube.uasset" 738
"../../../Engine/Content/BasicShapes/Cube.uexp" 739
"C:/Users/Alvar/Downloads/Level Design/NAlvarez_SchoolMap/LevelDesign/Content/Widgets/Ghastly_Panic.uexp" 740
"C:/Users/Alvar/Downloads/Level Design/NAlvarez_SchoolMap/LevelDesign/Content/Widgets/Ghastly_Panic.uasset" 741
"C:/Users/Alvar/Downloads/Level Design/NAlvarez_SchoolMap/LevelDesign/Content/Widgets/Ghastly_Panic.ufont" 742
"C:/Users/Alvar/Downloads/Level Design/NAlvarez_SchoolMap/LevelDesign/Content/Widgets/Ghastly_Panic_Font.uasset" 743
"C:/Users/Alvar/Downloads/Level Design/NAlvarez_SchoolMap/LevelDesign/Content/Widgets/Ghastly_Panic_Font.uexp" 744
"C:/Users/Alvar/Downloads/Level Design/NAlvarez_SchoolMap/LevelDesign/Content/Widgets/W_Note3.uasset" 745
"C:/Users/Alvar/Downloads/Level Design/NAlvarez_SchoolMap/LevelDesign/Content/Widgets/W_Note3.uexp" 746
"../../../Engine/Content/BasicShapes/BasicShapeMaterial.uasset" 747
"../../../Engine/Content/BasicShapes/BasicShapeMaterial.uexp" 748
"C:/Users/Alvar/Downloads/Level Design/NAlvarez_SchoolMap/LevelDesign/Content/Blueprints/BP_Note3.uasset" 749
"C:/Users/Alvar/Downloads/Level Design/NAlvarez_SchoolMap/LevelDesign/Content/Blueprints/BP_Note3.uexp" 750
"C:/Users/Alvar/Downloads/Level Design/NAlvarez_SchoolMap/LevelDesign/Content/Widgets/W_Note2.uasset" 751
"C:/Users/Alvar/Downloads/Level Design/NAlvarez_SchoolMap/LevelDesign/Content/Widgets/W_Note2.uexp" 752
"C:/Users/Alvar/Downloads/Level Design/NAlvarez_SchoolMap/LevelDesign/Content/Blueprints/BP_Note2.uasset" 753
"C:/Users/Alvar/Downloads/Level Design/NAlvarez_SchoolMap/LevelDesign/Content/Blueprints/BP_Note2.uexp" 754
"C:/Users/Alvar/Downloads/Level Design/NAlvarez_SchoolMap/LevelDesign/Content/Widgets/W_Note1.uasset" 755
"C:/Users/Alvar/Downloads/Level Design/NAlvarez_SchoolMap/LevelDesign/Content/Widgets/W_Note1.uexp" 756
"C:/Users/Alvar/Downloads/Level Design/NAlvarez_SchoolMap/LevelDesign/Content/Blueprints/BP_Note1.uasset" 757
"C:/Users/Alvar/Downloads/Level Design/NAlvarez_SchoolMap/LevelDesign/Content/Blueprints/BP_Note1.uexp" 758
"C:/Users/Alvar/Downloads/Level Design/NAlvarez_SchoolMap/LevelDesign/Content/Widgets/W_Hide.uasset" 759
"C:/Users/Alvar/Downloads/Level Design/NAlvarez_SchoolMap/LevelDesign/Content/Widgets/W_Hide.uexp" 760
"C:/Users/Alvar/Downloads/Level Design/NAlvarez_SchoolMap/LevelDesign/Content/Materials/Locker/Textures/T_Locker_N.ubulk" 761
"C:/Users/Alvar/Downloads/Level Design/NAlvarez_SchoolMap/LevelDesign/Content/Materials/Locker/Textures/T_Locker_N.uasset" 762
"C:/Users/Alvar/Downloads/Level Design/NAlvarez_SchoolMap/LevelDesign/Content/Materials/Locker/Textures/T_Locker_N.uexp" 763
"C:/Users/Alvar/Downloads/Level Design/NAlvarez_SchoolMap/LevelDesign/Content/Materials/Locker/Textures/T_Locker_D.ubulk" 764
"C:/Users/Alvar/Downloads/Level Design/NAlvarez_SchoolMap/LevelDesign/Content/Materials/Locker/Textures/T_Locker_D.uasset" 765
"C:/Users/Alvar/Downloads/Level Design/NAlvarez_SchoolMap/LevelDesign/Content/Materials/Locker/Textures/T_Locker_D.uexp" 766
"C:/Users/Alvar/Downloads/Level Design/NAlvarez_SchoolMap/LevelDesign/Content/Materials/Locker/Textures/T_Locker_AORM.ubulk" 767
"C:/Users/Alvar/Downloads/Level Design/NAlvarez_SchoolMap/LevelDesign/Content/Materials/Locker/Textures/T_Locker_AORM.uasset" 768
"C:/Users/Alvar/Downloads/Level Design/NAlvarez_SchoolMap/LevelDesign/Content/Materials/Locker/Textures/T_Locker_AORM.uexp" 769
"C:/Users/Alvar/Downloads/Level Design/NAlvarez_SchoolMap/LevelDesign/Content/Materials/Locker/M_Locker.uasset" 770
"C:/Users/Alvar/Downloads/Level Design/NAlvarez_SchoolMap/LevelDesign/Content/Materials/Locker/M_Locker.uexp" 771
"C:/Users/Alvar/Downloads/Level Design/NAlvarez_SchoolMap/LevelDesign/Content/Meshes/SM_Locker_Empty.ubulk" 772
"C:/Users/Alvar/Downloads/Level Design/NAlvarez_SchoolMap/LevelDesign/Content/Meshes/SM_Locker_Empty.uasset" 773
"C:/Users/Alvar/Downloads/Level Design/NAlvarez_SchoolMap/LevelDesign/Content/Meshes/SM_Locker_Empty.uexp" 774
"C:/Users/Alvar/Downloads/Level Design/NAlvarez_SchoolMap/LevelDesign/Content/Meshes/SM_Locker_Door.ubulk" 775
"C:/Users/Alvar/Downloads/Level Design/NAlvarez_SchoolMap/LevelDesign/Content/Meshes/SM_Locker_Door.uasset" 776
"C:/Users/Alvar/Downloads/Level Design/NAlvarez_SchoolMap/LevelDesign/Content/Meshes/SM_Locker_Door.uexp" 777
"C:/Users/Alvar/Downloads/Level Design/NAlvarez_SchoolMap/LevelDesign/Content/Blueprints/BP_Locker.uasset" 778
"C:/Users/Alvar/Downloads/Level Design/NAlvarez_SchoolMap/LevelDesign/Content/Blueprints/BP_Locker.uexp" 779
"C:/Users/Alvar/Downloads/Level Design/NAlvarez_SchoolMap/LevelDesign/Content/Widgets/W_Interact.uasset" 780
"C:/Users/Alvar/Downloads/Level Design/NAlvarez_SchoolMap/LevelDesign/Content/Widgets/W_Interact.uexp" 781
"../../../Engine/Content/Functions/Engine_MaterialFunctions02/HueShift.uasset" 782
"../../../Engine/Content/Functions/Engine_MaterialFunctions02/HueShift.uexp" 783
"../../../Engine/Content/Functions/Engine_MaterialFunctions02/Utility/MakeFloat3.uasset" 784
"../../../Engine/Content/Functions/Engine_MaterialFunctions02/Utility/MakeFloat3.uexp" 785
"../../../Engine/Content/Functions/Engine_MaterialFunctions02/SplitComponents.uasset" 786
"../../../Engine/Content/Functions/Engine_MaterialFunctions02/SplitComponents.uexp" 787
"../../../Engine/Content/EngineResources/DefaultMediaTexture.uasset" 788
"../../../Engine/Content/EngineResources/DefaultMediaTexture.uexp" 789
"../../../Engine/Content/Functions/Engine_MaterialFunctions01/Chromakeying/DespillByAvg.uasset" 790
"../../../Engine/Content/Functions/Engine_MaterialFunctions01/Chromakeying/DespillByAvg.uexp" 791
"../../../Engine/Content/Functions/Engine_MaterialFunctions01/ImageAdjustment/SCurve.uasset" 792
"../../../Engine/Content/Functions/Engine_MaterialFunctions01/ImageAdjustment/SCurve.uexp" 793
"../../../Engine/Content/Functions/Engine_MaterialFunctions01/ImageAdjustment/ColorCorrection.uasset" 794
"../../../Engine/Content/Functions/Engine_MaterialFunctions01/ImageAdjustment/ColorCorrection.uexp" 795
"../../../Engine/Content/Functions/Engine_MaterialFunctions02/SmoothStep.uasset" 796
"../../../Engine/Content/Functions/Engine_MaterialFunctions02/SmoothStep.uexp" 797
"../../../Engine/Content/Functions/Engine_MaterialFunctions01/Chromakeying/RGBtoHSV.uasset" 798
"../../../Engine/Content/Functions/Engine_MaterialFunctions01/Chromakeying/RGBtoHSV.uexp" 799
"../../../Engine/Content/Functions/Engine_MaterialFunctions01/Chromakeying/DespillByHue.uasset" 800
"../../../Engine/Content/Functions/Engine_MaterialFunctions01/Chromakeying/DespillByHue.uexp" 801
"../../../Engine/Content/Functions/Engine_MaterialFunctions01/Chromakeying/DiffColorKeyer.uasset" 802
"../../../Engine/Content/Functions/Engine_MaterialFunctions01/Chromakeying/DiffColorKeyer.uexp" 803
"../../../Engine/Content/Functions/Engine_MaterialFunctions01/Chromakeying/DiffColorKeyerErodeSinglePass.uasset" 804
"../../../Engine/Content/Functions/Engine_MaterialFunctions01/Chromakeying/DiffColorKeyerErodeSinglePass.uexp" 805
"../../../Engine/Content/MaterialTemplates/Chromakeying/M_ColorDifferenceKey.uasset" 806
"../../../Engine/Content/MaterialTemplates/Chromakeying/M_ColorDifferenceKey.uexp" 807
"C:/Users/Alvar/Downloads/Level Design/NAlvarez_SchoolMap/LevelDesign/Content/Materials/M_Glow.uasset" 808
"C:/Users/Alvar/Downloads/Level Design/NAlvarez_SchoolMap/LevelDesign/Content/Materials/M_Glow.uexp" 809
"C:/Users/Alvar/Downloads/Level Design/NAlvarez_SchoolMap/LevelDesign/Content/Meshes/SM_Key.ubulk" 810
"C:/Users/Alvar/Downloads/Level Design/NAlvarez_SchoolMap/LevelDesign/Content/Meshes/SM_Key.uasset" 811
"C:/Users/Alvar/Downloads/Level Design/NAlvarez_SchoolMap/LevelDesign/Content/Meshes/SM_Key.uexp" 812
"C:/Users/Alvar/Downloads/Level Design/NAlvarez_SchoolMap/LevelDesign/Content/Blueprints/BPI_Planks.uasset" 813
"C:/Users/Alvar/Downloads/Level Design/NAlvarez_SchoolMap/LevelDesign/Content/Blueprints/BPI_Planks.uexp" 814
"../../../Engine/Content/EngineMaterials/Good64x64TilingNoiseHighFreq.uasset" 815
"../../../Engine/Content/EngineMaterials/Good64x64TilingNoiseHighFreq.uexp" 816
"../../../Engine/Content/Functions/Engine_MaterialFunctions02/Texturing/ScreenAlignedPixelToPixelUVs.uasset" 817
"../../../Engine/Content/Functions/Engine_MaterialFunctions02/Texturing/ScreenAlignedPixelToPixelUVs.uexp" 818
"../../../Engine/Content/Functions/Engine_MaterialFunctions02/Utility/DitherTemporalAA.uasset" 819
"../../../Engine/Content/Functions/Engine_MaterialFunctions02/Utility/DitherTemporalAA.uexp" 820
"../../../Engine/Content/Functions/Engine_MaterialFunctions01/Gradient/LinearGradient.uasset" 821
"../../../Engine/Content/Functions/Engine_MaterialFunctions01/Gradient/LinearGradient.uexp" 822
"../../../Engine/Content/Functions/Engine_MaterialFunctions01/ImageAdjustment/CheapContrast.uasset" 823
"../../../Engine/Content/Functions/Engine_MaterialFunctions01/ImageAdjustment/CheapContrast.uexp" 824
"../../../Engine/Content/Functions/Engine_MaterialFunctions01/Texturing/FlattenNormal.uasset" 825
"../../../Engine/Content/Functions/Engine_MaterialFunctions01/Texturing/FlattenNormal.uexp" 826
"C:/Users/Alvar/Downloads/Level Design/NAlvarez_SchoolMap/LevelDesign/Content/DekoClass/Textures/Utility/TX_Fill_01_RMA.ubulk" 827
"C:/Users/Alvar/Downloads/Level Design/NAlvarez_SchoolMap/LevelDesign/Content/DekoClass/Textures/Utility/TX_Fill_01_RMA.uasset" 828
"C:/Users/Alvar/Downloads/Level Design/NAlvarez_SchoolMap/LevelDesign/Content/DekoClass/Textures/Utility/TX_Fill_01_RMA.uexp" 829
"C:/Users/Alvar/Downloads/Level Design/NAlvarez_SchoolMap/LevelDesign/Content/DekoClass/Textures/Utility/TX_Fill_01_NRM.ubulk" 830
"C:/Users/Alvar/Downloads/Level Design/NAlvarez_SchoolMap/LevelDesign/Content/DekoClass/Textures/Utility/TX_Fill_01_NRM.uasset" 831
"C:/Users/Alvar/Downloads/Level Design/NAlvarez_SchoolMap/LevelDesign/Content/DekoClass/Textures/Utility/TX_Fill_01_NRM.uexp" 832
"C:/Users/Alvar/Downloads/Level Design/NAlvarez_SchoolMap/LevelDesign/Content/DekoClass/Textures/Utility/TX_Fill_01_ALB.ubulk" 833
"C:/Users/Alvar/Downloads/Level Design/NAlvarez_SchoolMap/LevelDesign/Content/DekoClass/Textures/Utility/TX_Fill_01_ALB.uasset" 834
"C:/Users/Alvar/Downloads/Level Design/NAlvarez_SchoolMap/LevelDesign/Content/DekoClass/Textures/Utility/TX_Fill_01_ALB.uexp" 835
"C:/Users/Alvar/Downloads/Level Design/NAlvarez_SchoolMap/LevelDesign/Content/DekoClass/Textures/Utility/TX_Cubemap_01a.uasset" 836
"C:/Users/Alvar/Downloads/Level Design/NAlvarez_SchoolMap/LevelDesign/Content/DekoClass/Textures/Utility/TX_Cubemap_01a.uexp" 837
"C:/Users/Alvar/Downloads/Level Design/NAlvarez_SchoolMap/LevelDesign/Content/DekoClass/Textures/Utility/TX_Backdrop_01_ALB.ubulk" 838
"C:/Users/Alvar/Downloads/Level Design/NAlvarez_SchoolMap/LevelDesign/Content/DekoClass/Textures/Utility/TX_Backdrop_01_ALB.uasset" 839
"C:/Users/Alvar/Downloads/Level Design/NAlvarez_SchoolMap/LevelDesign/Content/DekoClass/Textures/Utility/TX_Backdrop_01_ALB.uexp" 840
"C:/Users/Alvar/Downloads/Level Design/NAlvarez_SchoolMap/LevelDesign/Content/DekoClass/Textures/Unique/TX_Geode_01a_M.ubulk" 841
"C:/Users/Alvar/Downloads/Level Design/NAlvarez_SchoolMap/LevelDesign/Content/DekoClass/Textures/Unique/TX_Geode_01a_M.uasset" 842
"C:/Users/Alvar/Downloads/Level Design/NAlvarez_SchoolMap/LevelDesign/Content/DekoClass/Textures/Unique/TX_Geode_01a_M.uexp" 843
"C:/Users/Alvar/Downloads/Level Design/NAlvarez_SchoolMap/LevelDesign/Content/DekoClass/Materials/MM_MasterMaterial_01a.uasset" 844
"C:/Users/Alvar/Downloads/Level Design/NAlvarez_SchoolMap/LevelDesign/Content/DekoClass/Materials/MM_MasterMaterial_01a.uexp" 845
"C:/Users/Alvar/Downloads/Level Design/NAlvarez_SchoolMap/LevelDesign/Content/DekoClass/Textures/Unique/TX_Door_01a_RMA.ubulk" 846
"C:/Users/Alvar/Downloads/Level Design/NAlvarez_SchoolMap/LevelDesign/Content/DekoClass/Textures/Unique/TX_Door_01a_RMA.uasset" 847
"C:/Users/Alvar/Downloads/Level Design/NAlvarez_SchoolMap/LevelDesign/Content/DekoClass/Textures/Unique/TX_Door_01a_RMA.uexp" 848
"C:/Users/Alvar/Downloads/Level Design/NAlvarez_SchoolMap/LevelDesign/Content/DekoClass/Textures/Unique/TX_Door_01a_NRM.ubulk" 849
"C:/Users/Alvar/Downloads/Level Design/NAlvarez_SchoolMap/LevelDesign/Content/DekoClass/Textures/Unique/TX_Door_01a_NRM.uasset" 850
"C:/Users/Alvar/Downloads/Level Design/NAlvarez_SchoolMap/LevelDesign/Content/DekoClass/Textures/Unique/TX_Door_01a_NRM.uexp" 851
"C:/Users/Alvar/Downloads/Level Design/NAlvarez_SchoolMap/LevelDesign/Content/DekoClass/Textures/Unique/TX_Door_01a_ALB.ubulk" 852
"C:/Users/Alvar/Downloads/Level Design/NAlvarez_SchoolMap/LevelDesign/Content/DekoClass/Textures/Unique/TX_Door_01a_ALB.uasset" 853
"C:/Users/Alvar/Downloads/Level Design/NAlvarez_SchoolMap/LevelDesign/Content/DekoClass/Textures/Unique/TX_Door_01a_ALB.uexp" 854
"C:/Users/Alvar/Downloads/Level Design/NAlvarez_SchoolMap/LevelDesign/Content/DekoClass/Materials/MI_Door_01a.uasset" 855
"C:/Users/Alvar/Downloads/Level Design/NAlvarez_SchoolMap/LevelDesign/Content/DekoClass/Materials/MI_Door_01a.uexp" 856
"C:/Users/Alvar/Downloads/Level Design/NAlvarez_SchoolMap/LevelDesign/Content/DekoClass/Meshes/SM_Door_01e.ubulk" 857
"C:/Users/Alvar/Downloads/Level Design/NAlvarez_SchoolMap/LevelDesign/Content/DekoClass/Meshes/SM_Door_01e.uasset" 858
"C:/Users/Alvar/Downloads/Level Design/NAlvarez_SchoolMap/LevelDesign/Content/DekoClass/Meshes/SM_Door_01e.uexp" 859
"C:/Users/Alvar/Downloads/Level Design/NAlvarez_SchoolMap/LevelDesign/Content/DekoClass/Meshes/SM_Door_01c.ubulk" 860
"C:/Users/Alvar/Downloads/Level Design/NAlvarez_SchoolMap/LevelDesign/Content/DekoClass/Meshes/SM_Door_01c.uasset" 861
"C:/Users/Alvar/Downloads/Level Design/NAlvarez_SchoolMap/LevelDesign/Content/DekoClass/Meshes/SM_Door_01c.uexp" 862
"C:/Users/Alvar/Downloads/Level Design/NAlvarez_SchoolMap/LevelDesign/Content/Blueprints/BP_Entrance.uasset" 863
"C:/Users/Alvar/Downloads/Level Design/NAlvarez_SchoolMap/LevelDesign/Content/Blueprints/BP_Entrance.uexp" 864
"C:/Users/Alvar/Downloads/Level Design/NAlvarez_SchoolMap/LevelDesign/Content/Blueprints/BPI_Entrance.uasset" 865
"C:/Users/Alvar/Downloads/Level Design/NAlvarez_SchoolMap/LevelDesign/Content/Blueprints/BPI_Entrance.uexp" 866
"C:/Users/Alvar/Downloads/Level Design/NAlvarez_SchoolMap/LevelDesign/Content/Blueprints/BP_Key.uasset" 867
"C:/Users/Alvar/Downloads/Level Design/NAlvarez_SchoolMap/LevelDesign/Content/Blueprints/BP_Key.uexp" 868
"C:/Users/Alvar/Downloads/Level Design/NAlvarez_SchoolMap/LevelDesign/Content/Widgets/W_Entrance.uasset" 869
"C:/Users/Alvar/Downloads/Level Design/NAlvarez_SchoolMap/LevelDesign/Content/Widgets/W_Entrance.uexp" 870
"C:/Users/Alvar/Downloads/Level Design/NAlvarez_SchoolMap/LevelDesign/Content/Widgets/W_CheckClassrooms.uasset" 871
"C:/Users/Alvar/Downloads/Level Design/NAlvarez_SchoolMap/LevelDesign/Content/Widgets/W_CheckClassrooms.uexp" 872
"C:/Users/Alvar/Downloads/Level Design/NAlvarez_SchoolMap/LevelDesign/Content/Blueprints/BP_EntrancePuzzle.uasset" 873
"C:/Users/Alvar/Downloads/Level Design/NAlvarez_SchoolMap/LevelDesign/Content/Blueprints/BP_EntrancePuzzle.uexp" 874
"../../../Engine/Plugins/Interchange/Assets/Content/gltf/Textures/T_White_srgb.uasset" 875
"../../../Engine/Plugins/Interchange/Assets/Content/gltf/Textures/T_White_srgb.uexp" 876
"../../../Engine/Plugins/Interchange/Assets/Content/gltf/MaterialFunctions/MF_BaseColor.uasset" 877
"../../../Engine/Plugins/Interchange/Assets/Content/gltf/MaterialFunctions/MF_BaseColor.uexp" 878
"../../../Engine/Plugins/Interchange/Assets/Content/gltf/MaterialFunctions/MF_RotateV2.uasset" 879
"../../../Engine/Plugins/Interchange/Assets/Content/gltf/MaterialFunctions/MF_RotateV2.uexp" 880
"../../../Engine/Plugins/Interchange/Assets/Content/gltf/MaterialFunctions/MF_TransformUVs.uasset" 881
"../../../Engine/Plugins/Interchange/Assets/Content/gltf/MaterialFunctions/MF_TransformUVs.uexp" 882
"../../../Engine/Content/Functions/Engine_MaterialFunctions02/Math/Transform3x3Matrix.uasset" 883
"../../../Engine/Content/Functions/Engine_MaterialFunctions02/Math/Transform3x3Matrix.uexp" 884
"../../../Engine/Plugins/Interchange/Assets/Content/gltf/MaterialFunctions/MF_RotateNormals_TS.uasset" 885
"../../../Engine/Plugins/Interchange/Assets/Content/gltf/MaterialFunctions/MF_RotateNormals_TS.uexp" 886
"../../../Engine/Plugins/Interchange/Assets/Content/gltf/MaterialFunctions/MF_ScaleNormal.uasset" 887
"../../../Engine/Plugins/Interchange/Assets/Content/gltf/MaterialFunctions/MF_ScaleNormal.uexp" 888
"../../../Engine/Plugins/Interchange/Assets/Content/gltf/Textures/T_Generic_N.uasset" 889
"../../../Engine/Plugins/Interchange/Assets/Content/gltf/Textures/T_Generic_N.uexp" 890
"../../../Engine/Plugins/Interchange/Assets/Content/gltf/MaterialFunctions/MF_Normals.uasset" 891
"../../../Engine/Plugins/Interchange/Assets/Content/gltf/MaterialFunctions/MF_Normals.uexp" 892
"../../../Engine/Plugins/Interchange/Assets/Content/gltf/Textures/T_White_Linear.uasset" 893
"../../../Engine/Plugins/Interchange/Assets/Content/gltf/Textures/T_White_Linear.uexp" 894
"../../../Engine/Plugins/Interchange/Assets/Content/gltf/MaterialFunctions/MF_Occlusion.uasset" 895
"../../../Engine/Plugins/Interchange/Assets/Content/gltf/MaterialFunctions/MF_Occlusion.uexp" 896
"../../../Engine/Plugins/Interchange/Assets/Content/gltf/MaterialFunctions/MF_IOR.uasset" 897
"../../../Engine/Plugins/Interchange/Assets/Content/gltf/MaterialFunctions/MF_IOR.uexp" 898
"../../../Engine/Plugins/Interchange/Assets/Content/Functions/MF_IridescenceNoLUT.uasset" 899
"../../../Engine/Plugins/Interchange/Assets/Content/Functions/MF_IridescenceNoLUT.uexp" 900
"../../../Engine/Plugins/Interchange/Assets/Content/gltf/MaterialFunctions/MF_Iridescence.uasset" 901
"../../../Engine/Plugins/Interchange/Assets/Content/gltf/MaterialFunctions/MF_Iridescence.uexp" 902
"../../../Engine/Plugins/Interchange/Assets/Content/gltf/MaterialFunctions/MF_MetallicRoughness.uasset" 903
"../../../Engine/Plugins/Interchange/Assets/Content/gltf/MaterialFunctions/MF_MetallicRoughness.uexp" 904
"../../../Engine/Plugins/Interchange/Assets/Content/gltf/MaterialFunctions/MF_Specular.uasset" 905
"../../../Engine/Plugins/Interchange/Assets/Content/gltf/MaterialFunctions/MF_Specular.uexp" 906
"../../../Engine/Plugins/Interchange/Assets/Content/gltf/Textures/T_Anisotropy_Direction_Linear.uasset" 907
"../../../Engine/Plugins/Interchange/Assets/Content/gltf/Textures/T_Anisotropy_Direction_Linear.uexp" 908
"../../../Engine/Plugins/Interchange/Assets/Content/gltf/MaterialFunctions/MF_SpecularAnisotropy.uasset" 909
"../../../Engine/Plugins/Interchange/Assets/Content/gltf/MaterialFunctions/MF_SpecularAnisotropy.uexp" 910
"../../../Engine/Plugins/Interchange/Assets/Content/gltf/MaterialFunctions/MF_Emissive.uasset" 911
"../../../Engine/Plugins/Interchange/Assets/Content/gltf/MaterialFunctions/MF_Emissive.uexp" 912
"../../../Engine/Plugins/Interchange/Assets/Content/gltf/MaterialBodies/MF_Default_Body.uasset" 913
"../../../Engine/Plugins/Interchange/Assets/Content/gltf/MaterialBodies/MF_Default_Body.uexp" 914
"../../../Engine/Plugins/Interchange/Assets/Content/gltf/M_Default.uasset" 915
"../../../Engine/Plugins/Interchange/Assets/Content/gltf/M_Default.uexp" 916
"../../../Engine/Plugins/Interchange/Assets/Content/gltf/MaterialInstances/MI_Default_Opaque_DS.uasset" 917
"../../../Engine/Plugins/Interchange/Assets/Content/gltf/MaterialInstances/MI_Default_Opaque_DS.uexp" 918
"C:/Users/Alvar/Downloads/Level Design/NAlvarez_SchoolMap/LevelDesign/Content/Fab/Old_Planks/old_planks/Textures/old_planks_texture_0.ubulk" 919
"C:/Users/Alvar/Downloads/Level Design/NAlvarez_SchoolMap/LevelDesign/Content/Fab/Old_Planks/old_planks/Textures/old_planks_texture_0.uasset" 920
"C:/Users/Alvar/Downloads/Level Design/NAlvarez_SchoolMap/LevelDesign/Content/Fab/Old_Planks/old_planks/Textures/old_planks_texture_0.uexp" 921
"C:/Users/Alvar/Downloads/Level Design/NAlvarez_SchoolMap/LevelDesign/Content/Fab/Old_Planks/old_planks/Textures/old_planks_texture_1.ubulk" 922
"C:/Users/Alvar/Downloads/Level Design/NAlvarez_SchoolMap/LevelDesign/Content/Fab/Old_Planks/old_planks/Textures/old_planks_texture_1.uasset" 923
"C:/Users/Alvar/Downloads/Level Design/NAlvarez_SchoolMap/LevelDesign/Content/Fab/Old_Planks/old_planks/Textures/old_planks_texture_1.uexp" 924
"C:/Users/Alvar/Downloads/Level Design/NAlvarez_SchoolMap/LevelDesign/Content/Fab/Old_Planks/old_planks/Textures/old_planks_texture_2.ubulk" 925
"C:/Users/Alvar/Downloads/Level Design/NAlvarez_SchoolMap/LevelDesign/Content/Fab/Old_Planks/old_planks/Textures/old_planks_texture_2.uasset" 926
"C:/Users/Alvar/Downloads/Level Design/NAlvarez_SchoolMap/LevelDesign/Content/Fab/Old_Planks/old_planks/Textures/old_planks_texture_2.uexp" 927
"C:/Users/Alvar/Downloads/Level Design/NAlvarez_SchoolMap/LevelDesign/Content/Fab/Old_Planks/old_planks/Materials/Old_planks.uasset" 928
"C:/Users/Alvar/Downloads/Level Design/NAlvarez_SchoolMap/LevelDesign/Content/Fab/Old_Planks/old_planks/Materials/Old_planks.uexp" 929
"C:/Users/Alvar/Downloads/Level Design/NAlvarez_SchoolMap/LevelDesign/Content/Fab/Old_Planks/old_planks/StaticMeshes/old_planks.ubulk" 930
"C:/Users/Alvar/Downloads/Level Design/NAlvarez_SchoolMap/LevelDesign/Content/Fab/Old_Planks/old_planks/StaticMeshes/old_planks.uasset" 931
"C:/Users/Alvar/Downloads/Level Design/NAlvarez_SchoolMap/LevelDesign/Content/Fab/Old_Planks/old_planks/StaticMeshes/old_planks.uexp" 932
"C:/Users/Alvar/Downloads/Level Design/NAlvarez_SchoolMap/LevelDesign/Content/Blueprints/BP_Planks.uasset" 933
"C:/Users/Alvar/Downloads/Level Design/NAlvarez_SchoolMap/LevelDesign/Content/Blueprints/BP_Planks.uexp" 934
"../../../Engine/Plugins/Interchange/Assets/Content/Materials/MapOrColorFunction.uasset" 935
"../../../Engine/Plugins/Interchange/Assets/Content/Materials/MapOrColorFunction.uexp" 936
"../../../Engine/Plugins/Interchange/Assets/Content/Materials/MapOrLinearColorFunction.uasset" 937
"../../../Engine/Plugins/Interchange/Assets/Content/Materials/MapOrLinearColorFunction.uexp" 938
"../../../Engine/Plugins/Interchange/Assets/Content/Materials/MapOrScalarFunction.uasset" 939
"../../../Engine/Plugins/Interchange/Assets/Content/Materials/MapOrScalarFunction.uexp" 940
"../../../Engine/Content/Functions/Engine_MaterialFunctions01/Shading/ConvertFromDiffSpec.uasset" 941
"../../../Engine/Content/Functions/Engine_MaterialFunctions01/Shading/ConvertFromDiffSpec.uexp" 942
"../../../Engine/Content/EngineMaterials/DefaultNormal.ubulk" 943
"../../../Engine/Content/EngineMaterials/DefaultNormal.uasset" 944
"../../../Engine/Content/EngineMaterials/DefaultNormal.uexp" 945
"../../../Engine/Plugins/Interchange/Assets/Content/Materials/PhongSurfaceMaterial.uasset" 946
"../../../Engine/Plugins/Interchange/Assets/Content/Materials/PhongSurfaceMaterial.uexp" 947
"C:/Users/Alvar/Downloads/Level Design/NAlvarez_SchoolMap/LevelDesign/Content/Fab/Crowbar/Crowbar.ubulk" 948
"C:/Users/Alvar/Downloads/Level Design/NAlvarez_SchoolMap/LevelDesign/Content/Fab/Crowbar/Crowbar.uasset" 949
"C:/Users/Alvar/Downloads/Level Design/NAlvarez_SchoolMap/LevelDesign/Content/Fab/Crowbar/Crowbar.uexp" 950
"C:/Users/Alvar/Downloads/Level Design/NAlvarez_SchoolMap/LevelDesign/Content/Fab/Crowbar/Crowbar1.uasset" 951
"C:/Users/Alvar/Downloads/Level Design/NAlvarez_SchoolMap/LevelDesign/Content/Fab/Crowbar/Crowbar1.uexp" 952
"C:/Users/Alvar/Downloads/Level Design/NAlvarez_SchoolMap/LevelDesign/Content/Fab/Crowbar/ps1crowbar.ubulk" 953
"C:/Users/Alvar/Downloads/Level Design/NAlvarez_SchoolMap/LevelDesign/Content/Fab/Crowbar/ps1crowbar.uasset" 954
"C:/Users/Alvar/Downloads/Level Design/NAlvarez_SchoolMap/LevelDesign/Content/Fab/Crowbar/ps1crowbar.uexp" 955
"C:/Users/Alvar/Downloads/Level Design/NAlvarez_SchoolMap/LevelDesign/Content/Blueprints/BP_Crowbar.uasset" 956
"C:/Users/Alvar/Downloads/Level Design/NAlvarez_SchoolMap/LevelDesign/Content/Blueprints/BP_Crowbar.uexp" 957
"C:/Users/Alvar/Downloads/Level Design/NAlvarez_SchoolMap/LevelDesign/Content/Widgets/W_LeaveDialog.uasset" 958
"C:/Users/Alvar/Downloads/Level Design/NAlvarez_SchoolMap/LevelDesign/Content/Widgets/W_LeaveDialog.uexp" 959
"C:/Users/Alvar/Downloads/Level Design/NAlvarez_SchoolMap/LevelDesign/Content/Widgets/W_CheckEntrance.uasset" 960
"C:/Users/Alvar/Downloads/Level Design/NAlvarez_SchoolMap/LevelDesign/Content/Widgets/W_CheckEntrance.uexp" 961
"C:/Users/Alvar/Downloads/Level Design/NAlvarez_SchoolMap/LevelDesign/Content/Blueprints/BP_ClassDialog.uasset" 962
"C:/Users/Alvar/Downloads/Level Design/NAlvarez_SchoolMap/LevelDesign/Content/Blueprints/BP_ClassDialog.uexp" 963
"C:/Users/Alvar/Downloads/Level Design/NAlvarez_SchoolMap/LevelDesign/Content/Sound/plastic-bottles-falling.ubulk" 964
"C:/Users/Alvar/Downloads/Level Design/NAlvarez_SchoolMap/LevelDesign/Content/Sound/plastic-bottles-falling.uasset" 965
"C:/Users/Alvar/Downloads/Level Design/NAlvarez_SchoolMap/LevelDesign/Content/Sound/plastic-bottles-falling.uexp" 966
"C:/Users/Alvar/Downloads/Level Design/NAlvarez_SchoolMap/LevelDesign/Content/Materials/Water_Bottles/T_Water_bottle_large.uasset" 967
"C:/Users/Alvar/Downloads/Level Design/NAlvarez_SchoolMap/LevelDesign/Content/Materials/Water_Bottles/T_Water_bottle_large.uexp" 968
"C:/Users/Alvar/Downloads/Level Design/NAlvarez_SchoolMap/LevelDesign/Content/Meshes/SM_Water_bottle_2_cap.ubulk" 969
"C:/Users/Alvar/Downloads/Level Design/NAlvarez_SchoolMap/LevelDesign/Content/Meshes/SM_Water_bottle_2_cap.uasset" 970
"C:/Users/Alvar/Downloads/Level Design/NAlvarez_SchoolMap/LevelDesign/Content/Meshes/SM_Water_bottle_2_cap.uexp" 971
"C:/Users/Alvar/Downloads/Level Design/NAlvarez_SchoolMap/LevelDesign/Content/Materials/Water_Bottles/T_Water_bottle_small.uasset" 972
"C:/Users/Alvar/Downloads/Level Design/NAlvarez_SchoolMap/LevelDesign/Content/Materials/Water_Bottles/T_Water_bottle_small.uexp" 973
"C:/Users/Alvar/Downloads/Level Design/NAlvarez_SchoolMap/LevelDesign/Content/Meshes/SM_Water_bottle_1.ubulk" 974
"C:/Users/Alvar/Downloads/Level Design/NAlvarez_SchoolMap/LevelDesign/Content/Meshes/SM_Water_bottle_1.uasset" 975
"C:/Users/Alvar/Downloads/Level Design/NAlvarez_SchoolMap/LevelDesign/Content/Meshes/SM_Water_bottle_1.uexp" 976
"C:/Users/Alvar/Downloads/Level Design/NAlvarez_SchoolMap/LevelDesign/Content/Meshes/SM_Water_bottle_2.ubulk" 977
"C:/Users/Alvar/Downloads/Level Design/NAlvarez_SchoolMap/LevelDesign/Content/Meshes/SM_Water_bottle_2.uasset" 978
"C:/Users/Alvar/Downloads/Level Design/NAlvarez_SchoolMap/LevelDesign/Content/Meshes/SM_Water_bottle_2.uexp" 979
"C:/Users/Alvar/Downloads/Level Design/NAlvarez_SchoolMap/LevelDesign/Content/Meshes/SM_Water_bottle_1_cap.ubulk" 980
"C:/Users/Alvar/Downloads/Level Design/NAlvarez_SchoolMap/LevelDesign/Content/Meshes/SM_Water_bottle_1_cap.uasset" 981
"C:/Users/Alvar/Downloads/Level Design/NAlvarez_SchoolMap/LevelDesign/Content/Meshes/SM_Water_bottle_1_cap.uexp" 982
"C:/Users/Alvar/Downloads/Level Design/NAlvarez_SchoolMap/LevelDesign/Content/Blueprints/BP_Bottles.uasset" 983
"C:/Users/Alvar/Downloads/Level Design/NAlvarez_SchoolMap/LevelDesign/Content/Blueprints/BP_Bottles.uexp" 984
"C:/Users/Alvar/Downloads/Level Design/NAlvarez_SchoolMap/LevelDesign/Content/Materials/Blood.uasset" 985
"C:/Users/Alvar/Downloads/Level Design/NAlvarez_SchoolMap/LevelDesign/Content/Materials/Blood.uexp" 986
"C:/Users/Alvar/Downloads/Level Design/NAlvarez_SchoolMap/LevelDesign/Content/Widgets/W_Blood.uasset" 987
"C:/Users/Alvar/Downloads/Level Design/NAlvarez_SchoolMap/LevelDesign/Content/Widgets/W_Blood.uexp" 988
"C:/Users/Alvar/Downloads/Level Design/NAlvarez_SchoolMap/LevelDesign/Content/AI_Blueprints/E_MovementSpeed.uasset" 989
"C:/Users/Alvar/Downloads/Level Design/NAlvarez_SchoolMap/LevelDesign/Content/AI_Blueprints/E_MovementSpeed.uexp" 990
"C:/Users/Alvar/Downloads/Level Design/NAlvarez_SchoolMap/LevelDesign/Content/AI_Blueprints/E_AIState.uasset" 991
"C:/Users/Alvar/Downloads/Level Design/NAlvarez_SchoolMap/LevelDesign/Content/AI_Blueprints/E_AIState.uexp" 992
"C:/Users/Alvar/Downloads/Level Design/NAlvarez_SchoolMap/LevelDesign/Content/AI_Blueprints/BP_PatrolPoint.uasset" 993
"C:/Users/Alvar/Downloads/Level Design/NAlvarez_SchoolMap/LevelDesign/Content/AI_Blueprints/BP_PatrolPoint.uexp" 994
"C:/Users/Alvar/Downloads/Level Design/NAlvarez_SchoolMap/LevelDesign/Content/Input/IMC_MouseLook.uasset" 995
"C:/Users/Alvar/Downloads/Level Design/NAlvarez_SchoolMap/LevelDesign/Content/Input/IMC_MouseLook.uexp" 996
"C:/Users/Alvar/Downloads/Level Design/NAlvarez_SchoolMap/LevelDesign/Content/Input/IMC_Default.uasset" 997
"C:/Users/Alvar/Downloads/Level Design/NAlvarez_SchoolMap/LevelDesign/Content/Input/IMC_Default.uexp" 998
"C:/Users/Alvar/Downloads/Level Design/NAlvarez_SchoolMap/LevelDesign/Content/FirstPerson/Blueprints/BP_FirstPersonPlayerController.uasset" 999
"C:/Users/Alvar/Downloads/Level Design/NAlvarez_SchoolMap/LevelDesign/Content/FirstPerson/Blueprints/BP_FirstPersonPlayerController.uexp" 1000
"C:/Users/Alvar/Downloads/Level Design/NAlvarez_SchoolMap/LevelDesign/Content/FirstPerson/Blueprints/BP_FirstPersonGameMode.uasset" 1001
"C:/Users/Alvar/Downloads/Level Design/NAlvarez_SchoolMap/LevelDesign/Content/FirstPerson/Blueprints/BP_FirstPersonGameMode.uexp" 1002
"C:/Users/Alvar/Downloads/Level Design/NAlvarez_SchoolMap/LevelDesign/Content/AI_Blueprints/BB_Enemy_Base.uasset" 1003
"C:/Users/Alvar/Downloads/Level Design/NAlvarez_SchoolMap/LevelDesign/Content/AI_Blueprints/BB_Enemy_Base.uexp" 1004
"C:/Users/Alvar/Downloads/Level Design/NAlvarez_SchoolMap/LevelDesign/Content/AI_Blueprints/BP_PatrolRoute.uasset" 1005
"C:/Users/Alvar/Downloads/Level Design/NAlvarez_SchoolMap/LevelDesign/Content/AI_Blueprints/BP_PatrolRoute.uexp" 1006
"C:/Users/Alvar/Downloads/Level Design/NAlvarez_SchoolMap/LevelDesign/Content/BookHeadMonster/Meshes/BookHeadMonster_Skeleton.uasset" 1007
"C:/Users/Alvar/Downloads/Level Design/NAlvarez_SchoolMap/LevelDesign/Content/BookHeadMonster/Meshes/BookHeadMonster_Skeleton.uexp" 1008
"C:/Users/Alvar/Downloads/Level Design/NAlvarez_SchoolMap/LevelDesign/Content/BookHeadMonster/Meshes/BookHeadMonster_PhysicsAsset.uasset" 1009
"C:/Users/Alvar/Downloads/Level Design/NAlvarez_SchoolMap/LevelDesign/Content/BookHeadMonster/Meshes/BookHeadMonster_PhysicsAsset.uexp" 1010
"C:/Users/Alvar/Downloads/Level Design/NAlvarez_SchoolMap/LevelDesign/Content/BookHeadMonster/Textures/T_BookHeadMonster_part_1_OcclusionRoughnessMetallic.ubulk" 1011
"C:/Users/Alvar/Downloads/Level Design/NAlvarez_SchoolMap/LevelDesign/Content/BookHeadMonster/Textures/T_BookHeadMonster_part_1_OcclusionRoughnessMetallic.uasset" 1012
"C:/Users/Alvar/Downloads/Level Design/NAlvarez_SchoolMap/LevelDesign/Content/BookHeadMonster/Textures/T_BookHeadMonster_part_1_OcclusionRoughnessMetallic.uexp" 1013
"C:/Users/Alvar/Downloads/Level Design/NAlvarez_SchoolMap/LevelDesign/Content/BookHeadMonster/Textures/T_BookHeadMonster_part_1_Normal.ubulk" 1014
"C:/Users/Alvar/Downloads/Level Design/NAlvarez_SchoolMap/LevelDesign/Content/BookHeadMonster/Textures/T_BookHeadMonster_part_1_Normal.uasset" 1015
"C:/Users/Alvar/Downloads/Level Design/NAlvarez_SchoolMap/LevelDesign/Content/BookHeadMonster/Textures/T_BookHeadMonster_part_1_Normal.uexp" 1016
"C:/Users/Alvar/Downloads/Level Design/NAlvarez_SchoolMap/LevelDesign/Content/BookHeadMonster/Textures/T_BookHeadMonster_part_1_BaseColor.ubulk" 1017
"C:/Users/Alvar/Downloads/Level Design/NAlvarez_SchoolMap/LevelDesign/Content/BookHeadMonster/Textures/T_BookHeadMonster_part_1_BaseColor.uasset" 1018
"C:/Users/Alvar/Downloads/Level Design/NAlvarez_SchoolMap/LevelDesign/Content/BookHeadMonster/Textures/T_BookHeadMonster_part_1_BaseColor.uexp" 1019
"C:/Users/Alvar/Downloads/Level Design/NAlvarez_SchoolMap/LevelDesign/Content/BookHeadMonster/Materials/M_BookHeadMonster_part_1.uasset" 1020
"C:/Users/Alvar/Downloads/Level Design/NAlvarez_SchoolMap/LevelDesign/Content/BookHeadMonster/Materials/M_BookHeadMonster_part_1.uexp" 1021
"C:/Users/Alvar/Downloads/Level Design/NAlvarez_SchoolMap/LevelDesign/Content/BookHeadMonster/Textures/T_BookHeadMonster_part_2_OcclusionRoughnessMetallic.ubulk" 1022
"C:/Users/Alvar/Downloads/Level Design/NAlvarez_SchoolMap/LevelDesign/Content/BookHeadMonster/Textures/T_BookHeadMonster_part_2_OcclusionRoughnessMetallic.uasset" 1023
"C:/Users/Alvar/Downloads/Level Design/NAlvarez_SchoolMap/LevelDesign/Content/BookHeadMonster/Textures/T_BookHeadMonster_part_2_OcclusionRoughnessMetallic.uexp" 1024
"C:/Users/Alvar/Downloads/Level Design/NAlvarez_SchoolMap/LevelDesign/Content/BookHeadMonster/Textures/T_BookHeadMonster_part_2_Normal.ubulk" 1025
"C:/Users/Alvar/Downloads/Level Design/NAlvarez_SchoolMap/LevelDesign/Content/BookHeadMonster/Textures/T_BookHeadMonster_part_2_Normal.uasset" 1026
"C:/Users/Alvar/Downloads/Level Design/NAlvarez_SchoolMap/LevelDesign/Content/BookHeadMonster/Textures/T_BookHeadMonster_part_2_Normal.uexp" 1027
"C:/Users/Alvar/Downloads/Level Design/NAlvarez_SchoolMap/LevelDesign/Content/BookHeadMonster/Textures/T_BookHeadMonster_part_2_BaseColor.ubulk" 1028
"C:/Users/Alvar/Downloads/Level Design/NAlvarez_SchoolMap/LevelDesign/Content/BookHeadMonster/Textures/T_BookHeadMonster_part_2_BaseColor.uasset" 1029
"C:/Users/Alvar/Downloads/Level Design/NAlvarez_SchoolMap/LevelDesign/Content/BookHeadMonster/Textures/T_BookHeadMonster_part_2_BaseColor.uexp" 1030
"C:/Users/Alvar/Downloads/Level Design/NAlvarez_SchoolMap/LevelDesign/Content/BookHeadMonster/Materials/M_BookHeadMonster_part_2.uasset" 1031
"C:/Users/Alvar/Downloads/Level Design/NAlvarez_SchoolMap/LevelDesign/Content/BookHeadMonster/Materials/M_BookHeadMonster_part_2.uexp" 1032
"C:/Users/Alvar/Downloads/Level Design/NAlvarez_SchoolMap/LevelDesign/Content/BookHeadMonster/Textures/T_BookHeadMonster_part_3_OcclusionRoughnessMetallic.ubulk" 1033
"C:/Users/Alvar/Downloads/Level Design/NAlvarez_SchoolMap/LevelDesign/Content/BookHeadMonster/Textures/T_BookHeadMonster_part_3_OcclusionRoughnessMetallic.uasset" 1034
"C:/Users/Alvar/Downloads/Level Design/NAlvarez_SchoolMap/LevelDesign/Content/BookHeadMonster/Textures/T_BookHeadMonster_part_3_OcclusionRoughnessMetallic.uexp" 1035
"C:/Users/Alvar/Downloads/Level Design/NAlvarez_SchoolMap/LevelDesign/Content/BookHeadMonster/Textures/T_BookHeadMonster_part_3_Normal.ubulk" 1036
"C:/Users/Alvar/Downloads/Level Design/NAlvarez_SchoolMap/LevelDesign/Content/BookHeadMonster/Textures/T_BookHeadMonster_part_3_Normal.uasset" 1037
"C:/Users/Alvar/Downloads/Level Design/NAlvarez_SchoolMap/LevelDesign/Content/BookHeadMonster/Textures/T_BookHeadMonster_part_3_Normal.uexp" 1038
"C:/Users/Alvar/Downloads/Level Design/NAlvarez_SchoolMap/LevelDesign/Content/BookHeadMonster/Textures/T_BookHeadMonster_part_3_BaseColor.ubulk" 1039
"C:/Users/Alvar/Downloads/Level Design/NAlvarez_SchoolMap/LevelDesign/Content/BookHeadMonster/Textures/T_BookHeadMonster_part_3_BaseColor.uasset" 1040
"C:/Users/Alvar/Downloads/Level Design/NAlvarez_SchoolMap/LevelDesign/Content/BookHeadMonster/Textures/T_BookHeadMonster_part_3_BaseColor.uexp" 1041
"C:/Users/Alvar/Downloads/Level Design/NAlvarez_SchoolMap/LevelDesign/Content/BookHeadMonster/Materials/M_BookHeadMonster_part_3.uasset" 1042
"C:/Users/Alvar/Downloads/Level Design/NAlvarez_SchoolMap/LevelDesign/Content/BookHeadMonster/Materials/M_BookHeadMonster_part_3.uexp" 1043
"C:/Users/Alvar/Downloads/Level Design/NAlvarez_SchoolMap/LevelDesign/Content/BookHeadMonster/Meshes/BookHeadMonster.uasset" 1044
"C:/Users/Alvar/Downloads/Level Design/NAlvarez_SchoolMap/LevelDesign/Content/BookHeadMonster/Meshes/BookHeadMonster.uexp" 1045
"C:/Users/Alvar/Downloads/Level Design/NAlvarez_SchoolMap/LevelDesign/Content/BookHeadMonster/Demo/Animations/MM_Run_Fwd.uasset" 1046
"C:/Users/Alvar/Downloads/Level Design/NAlvarez_SchoolMap/LevelDesign/Content/BookHeadMonster/Demo/Animations/MM_Run_Fwd.uexp" 1047
"C:/Users/Alvar/Downloads/Level Design/NAlvarez_SchoolMap/LevelDesign/Content/BookHeadMonster/Demo/Animations/MM_Idle.uasset" 1048
"C:/Users/Alvar/Downloads/Level Design/NAlvarez_SchoolMap/LevelDesign/Content/BookHeadMonster/Demo/Animations/MM_Idle.uexp" 1049
"C:/Users/Alvar/Downloads/Level Design/NAlvarez_SchoolMap/LevelDesign/Content/ControlRig/Characters/Mannequins/Animations/BS_AIEnemy.uasset" 1050
"C:/Users/Alvar/Downloads/Level Design/NAlvarez_SchoolMap/LevelDesign/Content/ControlRig/Characters/Mannequins/Animations/BS_AIEnemy.uexp" 1051
"C:/Users/Alvar/Downloads/Level Design/NAlvarez_SchoolMap/LevelDesign/Content/ControlRig/Characters/Mannequins/Animations/ABP_AIEnemy.uasset" 1052
"C:/Users/Alvar/Downloads/Level Design/NAlvarez_SchoolMap/LevelDesign/Content/ControlRig/Characters/Mannequins/Animations/ABP_AIEnemy.uexp" 1053
"C:/Users/Alvar/Downloads/Level Design/NAlvarez_SchoolMap/LevelDesign/Content/AI_Blueprints/BP_Enemy_Base.uasset" 1054
"C:/Users/Alvar/Downloads/Level Design/NAlvarez_SchoolMap/LevelDesign/Content/AI_Blueprints/BP_Enemy_Base.uexp" 1055
"C:/Users/Alvar/Downloads/Level Design/NAlvarez_SchoolMap/LevelDesign/Content/AI_Blueprints/Tasks/BTT_Attack.uasset" 1056
"C:/Users/Alvar/Downloads/Level Design/NAlvarez_SchoolMap/LevelDesign/Content/AI_Blueprints/Tasks/BTT_Attack.uexp" 1057
"C:/Users/Alvar/Downloads/Level Design/NAlvarez_SchoolMap/LevelDesign/Content/AI_Blueprints/Tasks/BTT_Clear_Focus.uasset" 1058
"C:/Users/Alvar/Downloads/Level Design/NAlvarez_SchoolMap/LevelDesign/Content/AI_Blueprints/Tasks/BTT_Clear_Focus.uexp" 1059
"C:/Users/Alvar/Downloads/Level Design/NAlvarez_SchoolMap/LevelDesign/Content/AI_Blueprints/Tasks/BTT_Focus_Target.uasset" 1060
"C:/Users/Alvar/Downloads/Level Design/NAlvarez_SchoolMap/LevelDesign/Content/AI_Blueprints/Tasks/BTT_Focus_Target.uexp" 1061
"C:/Users/Alvar/Downloads/Level Design/NAlvarez_SchoolMap/LevelDesign/Content/AI_Blueprints/Tasks/BTT_MoveAlongPatrolRoute.uasset" 1062
"C:/Users/Alvar/Downloads/Level Design/NAlvarez_SchoolMap/LevelDesign/Content/AI_Blueprints/Tasks/BTT_MoveAlongPatrolRoute.uexp" 1063
"C:/Users/Alvar/Downloads/Level Design/NAlvarez_SchoolMap/LevelDesign/Content/AI_Blueprints/Tasks/BTT_SetMovementSpeed.uasset" 1064
"C:/Users/Alvar/Downloads/Level Design/NAlvarez_SchoolMap/LevelDesign/Content/AI_Blueprints/Tasks/BTT_SetMovementSpeed.uexp" 1065
"C:/Users/Alvar/Downloads/Level Design/NAlvarez_SchoolMap/LevelDesign/Content/AI_Blueprints/BTT_Chase.uasset" 1066
"C:/Users/Alvar/Downloads/Level Design/NAlvarez_SchoolMap/LevelDesign/Content/AI_Blueprints/BTT_Chase.uexp" 1067
"C:/Users/Alvar/Downloads/Level Design/NAlvarez_SchoolMap/LevelDesign/Content/AI_Blueprints/BT_Enemy_Base.uasset" 1068
"C:/Users/Alvar/Downloads/Level Design/NAlvarez_SchoolMap/LevelDesign/Content/AI_Blueprints/BT_Enemy_Base.uexp" 1069
"C:/Users/Alvar/Downloads/Level Design/NAlvarez_SchoolMap/LevelDesign/Content/AI_Blueprints/AIC_Enemy_Base.uasset" 1070
"C:/Users/Alvar/Downloads/Level Design/NAlvarez_SchoolMap/LevelDesign/Content/AI_Blueprints/AIC_Enemy_Base.uexp" 1071
"C:/Users/Alvar/Downloads/Level Design/NAlvarez_SchoolMap/LevelDesign/Content/AI_Blueprints/BP_AiPatroller.uasset" 1072
"C:/Users/Alvar/Downloads/Level Design/NAlvarez_SchoolMap/LevelDesign/Content/AI_Blueprints/BP_AiPatroller.uexp" 1073
"../../../Engine/Plugins/VirtualProduction/CameraCalibrationCore/Content/Materials/M_DefaultOddSquare.uasset" 1074
"../../../Engine/Plugins/VirtualProduction/CameraCalibrationCore/Content/Materials/M_DefaultOddSquare.uexp" 1075
"../../../Engine/Plugins/VirtualProduction/CameraCalibrationCore/Content/Materials/M_DefaultEvenSquare.uasset" 1076
"../../../Engine/Plugins/VirtualProduction/CameraCalibrationCore/Content/Materials/M_DefaultEvenSquare.uexp" 1077
"../../../Engine/Plugins/Runtime/HairStrands/Content/Materials/HairMeshesDefaultMaterial.uasset" 1078
"../../../Engine/Plugins/Runtime/HairStrands/Content/Materials/HairMeshesDefaultMaterial.uexp" 1079
"../../../Engine/Plugins/Runtime/HairStrands/Content/Materials/HairDefaultMaterial.uasset" 1080
"../../../Engine/Plugins/Runtime/HairStrands/Content/Materials/HairDefaultMaterial.uexp" 1081
"../../../Engine/Content/Functions/Engine_MaterialFunctions02/Utility/MakeFloat2.uasset" 1082
"../../../Engine/Content/Functions/Engine_MaterialFunctions02/Utility/MakeFloat2.uexp" 1083
"../../../Engine/Plugins/Runtime/HairStrands/Content/Materials/HairGroupColors.uasset" 1084
"../../../Engine/Plugins/Runtime/HairStrands/Content/Materials/HairGroupColors.uexp" 1085
"../../../Engine/Content/EngineMaterials/HairColorMap.uasset" 1086
"../../../Engine/Content/EngineMaterials/HairColorMap.uexp" 1087
"../../../Engine/Content/EngineMaterials/HairDebugColor.uasset" 1088
"../../../Engine/Content/EngineMaterials/HairDebugColor.uexp" 1089
"../../../Engine/Plugins/Runtime/HairStrands/Content/Materials/HairDebugMaterial.uasset" 1090
"../../../Engine/Plugins/Runtime/HairStrands/Content/Materials/HairDebugMaterial.uexp" 1091
"../../../Engine/Plugins/Runtime/HairStrands/Content/Materials/HairCardsDefaultMaterial.uasset" 1092
"../../../Engine/Plugins/Runtime/HairStrands/Content/Materials/HairCardsDefaultMaterial.uexp" 1093
"../../../Engine/Plugins/Runtime/AudioWidgets/Content/Resources/ScrubHandleDown_Clamped.uasset" 1094
"../../../Engine/Plugins/Runtime/AudioWidgets/Content/Resources/ScrubHandleDown_Clamped.uexp" 1095
"../../../Engine/Plugins/Interchange/Runtime/Content/Pipelines/DefaultTexturePipeline.uasset" 1096
"../../../Engine/Plugins/Interchange/Runtime/Content/Pipelines/DefaultTexturePipeline.uexp" 1097
"../../../Engine/Plugins/Interchange/Runtime/Content/Pipelines/DefaultSceneLevelPipeline.uasset" 1098
"../../../Engine/Plugins/Interchange/Runtime/Content/Pipelines/DefaultSceneLevelPipeline.uexp" 1099
"../../../Engine/Plugins/Interchange/Runtime/Content/Pipelines/DefaultSceneAssetsPipeline.uasset" 1100
"../../../Engine/Plugins/Interchange/Runtime/Content/Pipelines/DefaultSceneAssetsPipeline.uexp" 1101
"../../../Engine/Plugins/Interchange/Runtime/Content/Pipelines/DefaultMaterialXPipeline.uasset" 1102
"../../../Engine/Plugins/Interchange/Runtime/Content/Pipelines/DefaultMaterialXPipeline.uexp" 1103
"../../../Engine/Plugins/Interchange/Runtime/Content/Pipelines/DefaultMaterialPipeline.uasset" 1104
"../../../Engine/Plugins/Interchange/Runtime/Content/Pipelines/DefaultMaterialPipeline.uexp" 1105
"../../../Engine/Plugins/Interchange/Runtime/Content/Pipelines/DefaultGLTFSceneAssetsPipeline.uasset" 1106
"../../../Engine/Plugins/Interchange/Runtime/Content/Pipelines/DefaultGLTFSceneAssetsPipeline.uexp" 1107
"../../../Engine/Plugins/Interchange/Runtime/Content/Pipelines/DefaultGLTFPipeline.uasset" 1108
"../../../Engine/Plugins/Interchange/Runtime/Content/Pipelines/DefaultGLTFPipeline.uexp" 1109
"../../../Engine/Plugins/Interchange/Runtime/Content/Pipelines/DefaultGLTFAssetsPipeline.uasset" 1110
"../../../Engine/Plugins/Interchange/Runtime/Content/Pipelines/DefaultGLTFAssetsPipeline.uexp" 1111
"../../../Engine/Plugins/Interchange/Runtime/Content/Pipelines/DefaultAssetsPipeline.uasset" 1112
"../../../Engine/Plugins/Interchange/Runtime/Content/Pipelines/DefaultAssetsPipeline.uexp" 1113
"../../../Engine/Plugins/Interchange/Assets/Content/Functions/MX_UsdPreviewSurface.uasset" 1114
"../../../Engine/Plugins/Interchange/Assets/Content/Functions/MX_UsdPreviewSurface.uexp" 1115
"../../../Engine/Plugins/Interchange/Assets/Content/Functions/MX_UniformEDF.uasset" 1116
"../../../Engine/Plugins/Interchange/Assets/Content/Functions/MX_UniformEDF.uexp" 1117
"../../../Engine/Plugins/Interchange/Assets/Content/Functions/MX_TranslucentBSDF.uasset" 1118
"../../../Engine/Plugins/Interchange/Assets/Content/Functions/MX_TranslucentBSDF.uexp" 1119
"../../../Engine/Plugins/Interchange/Assets/Content/Functions/MX_ThinFilmBSDF.uasset" 1120
"../../../Engine/Plugins/Interchange/Assets/Content/Functions/MX_ThinFilmBSDF.uexp" 1121
"../../../Engine/Plugins/Interchange/Assets/Content/Functions/MX_SurfaceUnlit.uasset" 1122
"../../../Engine/Plugins/Interchange/Assets/Content/Functions/MX_SurfaceUnlit.uexp" 1123
"../../../Engine/Plugins/Interchange/Assets/Content/Functions/MX_Surface.uasset" 1124
"../../../Engine/Plugins/Interchange/Assets/Content/Functions/MX_Surface.uexp" 1125
"../../../Engine/Plugins/Interchange/Assets/Content/Functions/MX_SubsurfaceBSDF.uasset" 1126
"../../../Engine/Plugins/Interchange/Assets/Content/Functions/MX_SubsurfaceBSDF.uexp" 1127
"../../../Engine/Plugins/Interchange/Assets/Content/Functions/MX_SheenBSDF.uasset" 1128
"../../../Engine/Plugins/Interchange/Assets/Content/Functions/MX_SheenBSDF.uexp" 1129
"../../../Engine/Plugins/Interchange/Assets/Content/Functions/MX_OrenNayarBSDF.uasset" 1130
"../../../Engine/Plugins/Interchange/Assets/Content/Functions/MX_OrenNayarBSDF.uexp" 1131
"../../../Engine/Plugins/Interchange/Assets/Content/Functions/MX_StandardSurface.uasset" 1132
"../../../Engine/Plugins/Interchange/Assets/Content/Functions/MX_StandardSurface.uexp" 1133
"../../../Engine/Plugins/Interchange/Assets/Content/Functions/MX_TransmissionSurface.uasset" 1134
"../../../Engine/Plugins/Interchange/Assets/Content/Functions/MX_TransmissionSurface.uexp" 1135
"../../../Engine/Plugins/Interchange/Assets/Content/Functions/MX_OpenPBR_Translucent.uasset" 1136
"../../../Engine/Plugins/Interchange/Assets/Content/Functions/MX_OpenPBR_Translucent.uexp" 1137
"../../../Engine/Plugins/Interchange/Assets/Content/Functions/MX_OpenPBR_Opaque.uasset" 1138
"../../../Engine/Plugins/Interchange/Assets/Content/Functions/MX_OpenPBR_Opaque.uexp" 1139
"../../../Engine/Plugins/Interchange/Assets/Content/Functions/MX_MeasuredEDF.uasset" 1140
"../../../Engine/Plugins/Interchange/Assets/Content/Functions/MX_MeasuredEDF.uexp" 1141
"../../../Engine/Plugins/Interchange/Assets/Content/Functions/MX_GeneralizedSchlickBSDF.uasset" 1142
"../../../Engine/Plugins/Interchange/Assets/Content/Functions/MX_GeneralizedSchlickBSDF.uexp" 1143
"../../../Engine/Content/Functions/Engine_MaterialFunctions02/Utility/BlendAngleCorrectedNormals.uasset" 1144
"../../../Engine/Content/Functions/Engine_MaterialFunctions02/Utility/BlendAngleCorrectedNormals.uexp" 1145
"../../../Engine/Plugins/Interchange/Assets/Content/Functions/MX_Displacement.uasset" 1146
"../../../Engine/Plugins/Interchange/Assets/Content/Functions/MX_Displacement.uexp" 1147
"../../../Engine/Plugins/Interchange/Assets/Content/Functions/MX_DielectricBSDF.uasset" 1148
"../../../Engine/Plugins/Interchange/Assets/Content/Functions/MX_DielectricBSDF.uexp" 1149
"../../../Engine/Plugins/Interchange/Assets/Content/Functions/MX_ConicalEDF.uasset" 1150
"../../../Engine/Plugins/Interchange/Assets/Content/Functions/MX_ConicalEDF.uexp" 1151
"../../../Engine/Plugins/Interchange/Assets/Content/Functions/MX_ConductorBSDF.uasset" 1152
"../../../Engine/Plugins/Interchange/Assets/Content/Functions/MX_ConductorBSDF.uexp" 1153
"../../../Engine/Plugins/Interchange/Assets/Content/Functions/MX_BurleyDiffuseBSDF.uasset" 1154
"../../../Engine/Plugins/Interchange/Assets/Content/Functions/MX_BurleyDiffuseBSDF.uexp" 1155
"../../../Engine/Plugins/Interchange/Assets/Content/Functions/MX_AnisotropicVDF.uasset" 1156
"../../../Engine/Plugins/Interchange/Assets/Content/Functions/MX_AnisotropicVDF.uexp" 1157
"../../../Engine/Plugins/Interchange/Assets/Content/Functions/MX_AbsorptionVDF.uasset" 1158
"../../../Engine/Plugins/Interchange/Assets/Content/Functions/MX_AbsorptionVDF.uexp" 1159
"../../../Engine/Content/EditorMaterials/ParticleSystems/PSysThumbnail_OOD.ubulk" 1160
"../../../Engine/Content/EditorMaterials/ParticleSystems/PSysThumbnail_OOD.uasset" 1161
"../../../Engine/Content/EditorMaterials/ParticleSystems/PSysThumbnail_OOD.uexp" 1162
"../../../Engine/Content/EditorMaterials/ParticleSystems/PSysThumbnail_NoImage.ubulk" 1163
"../../../Engine/Content/EditorMaterials/ParticleSystems/PSysThumbnail_NoImage.uasset" 1164
"../../../Engine/Content/EditorMaterials/ParticleSystems/PSysThumbnail_NoImage.uexp" 1165
"../../../Engine/Content/EditorMaterials/Dataflow/DataflowVertexMaterial.uasset" 1166
"../../../Engine/Content/EditorMaterials/Dataflow/DataflowVertexMaterial.uexp" 1167
"../../../Engine/Content/EditorMaterials/Dataflow/DataflowTwoSidedVertexMaterial.uasset" 1168
"../../../Engine/Content/EditorMaterials/Dataflow/DataflowTwoSidedVertexMaterial.uexp" 1169
"../../../Engine/Content/EngineResources/FilmGrains/Marcie_Grain_v3_128_M2_000.uasset" 1170
"../../../Engine/Content/EngineResources/FilmGrains/Marcie_Grain_v3_128_M2_000.uexp" 1171
"../../../Engine/Content/EngineResources/Development/ZenLogo_64.uasset" 1172
"../../../Engine/Content/EngineResources/Development/ZenLogo_64.uexp" 1173
"../../../Engine/Content/EngineMaterials/LTC/Sheen_LTC.uasset" 1174
"../../../Engine/Content/EngineMaterials/LTC/Sheen_LTC.uexp" 1175
"../../../Engine/Content/EngineMaterials/LTC/GGX_LTCMat.uasset" 1176
"../../../Engine/Content/EngineMaterials/LTC/GGX_LTCMat.uexp" 1177
"../../../Engine/Content/EngineMaterials/LTC/GGX_LTCAmp.uasset" 1178
"../../../Engine/Content/EngineMaterials/LTC/GGX_LTCAmp.uexp" 1179
"../../../Engine/Content/EngineMaterials/EnergyConservation/Sheen_Energy.uasset" 1180
"../../../Engine/Content/EngineMaterials/EnergyConservation/Sheen_Energy.uexp" 1181
"../../../Engine/Content/EngineMaterials/EnergyConservation/SheenLegacy_Energy.uasset" 1182
"../../../Engine/Content/EngineMaterials/EnergyConservation/SheenLegacy_Energy.uexp" 1183
"../../../Engine/Content/EngineMaterials/EnergyConservation/GGX_TransmissionEnergyArray.uasset" 1184
"../../../Engine/Content/EngineMaterials/EnergyConservation/GGX_TransmissionEnergyArray.uexp" 1185
"../../../Engine/Content/EngineMaterials/EnergyConservation/GGX_ReflectionEnergy.uasset" 1186
"../../../Engine/Content/EngineMaterials/EnergyConservation/GGX_ReflectionEnergy.uexp" 1187
"../../../Engine/Content/EngineMaterials/EnergyConservation/Diffuse_Energy.uasset" 1188
"../../../Engine/Content/EngineMaterials/EnergyConservation/Diffuse_Energy.uexp" 1189
"../../../Engine/Content/EditorResources/SequenceRecorder/RecordingIndicator.uasset" 1190
"../../../Engine/Content/EditorResources/SequenceRecorder/RecordingIndicator.uexp" 1191
"../../../Engine/Content/EditorResources/SequenceRecorder/Countdown.uasset" 1192
"../../../Engine/Content/EditorResources/SequenceRecorder/Countdown.uexp" 1193
"../../../Engine/Content/EngineMaterials/BlendFunc_DefBlend.uasset" 1194
"../../../Engine/Content/EngineMaterials/BlendFunc_DefBlend.uexp" 1195
"../../../Engine/Content/EngineMaterials/BlendFunc_DefBase.uasset" 1196
"../../../Engine/Content/EngineMaterials/BlendFunc_DefBase.uexp" 1197
"../../../Engine/Content/Functions/Engine_MaterialFunctions03/Blends/Blend_Overlay.uasset" 1198
"../../../Engine/Content/Functions/Engine_MaterialFunctions03/Blends/Blend_Overlay.uexp" 1199
"../../../Engine/Content/OpenWorldTemplate/LandscapeMaterial/T_GridChecker_A.ubulk" 1200
"../../../Engine/Content/OpenWorldTemplate/LandscapeMaterial/T_GridChecker_A.uasset" 1201
"../../../Engine/Content/OpenWorldTemplate/LandscapeMaterial/T_GridChecker_A.uexp" 1202
"../../../Engine/Content/OpenWorldTemplate/LandscapeMaterial/MF_ProcGrid.uasset" 1203
"../../../Engine/Content/OpenWorldTemplate/LandscapeMaterial/MF_ProcGrid.uexp" 1204
"../../../Engine/Content/OpenWorldTemplate/LandscapeMaterial/M_ProcGrid.uasset" 1205
"../../../Engine/Content/OpenWorldTemplate/LandscapeMaterial/M_ProcGrid.uexp" 1206
"C:/Users/Alvar/Downloads/Level Design/NAlvarez_SchoolMap/LevelDesign/Content/Materials/Locker/Textures/T_Locker_AORM_3_.ubulk" 1207
"C:/Users/Alvar/Downloads/Level Design/NAlvarez_SchoolMap/LevelDesign/Content/Materials/Locker/Textures/T_Locker_AORM_3_.uasset" 1208
"C:/Users/Alvar/Downloads/Level Design/NAlvarez_SchoolMap/LevelDesign/Content/Materials/Locker/Textures/T_Locker_AORM_3_.uexp" 1209
"C:/Users/Alvar/Downloads/Level Design/NAlvarez_SchoolMap/LevelDesign/Content/Materials/Locker/Textures/T_Locker_D_3_.ubulk" 1210
"C:/Users/Alvar/Downloads/Level Design/NAlvarez_SchoolMap/LevelDesign/Content/Materials/Locker/Textures/T_Locker_D_3_.uasset" 1211
"C:/Users/Alvar/Downloads/Level Design/NAlvarez_SchoolMap/LevelDesign/Content/Materials/Locker/Textures/T_Locker_D_3_.uexp" 1212
"C:/Users/Alvar/Downloads/Level Design/NAlvarez_SchoolMap/LevelDesign/Content/Materials/Locker/M_Locker3.uasset" 1213
"C:/Users/Alvar/Downloads/Level Design/NAlvarez_SchoolMap/LevelDesign/Content/Materials/Locker/M_Locker3.uexp" 1214
"C:/Users/Alvar/Downloads/Level Design/NAlvarez_SchoolMap/LevelDesign/Content/Materials/Locker/Textures/T_Locker_AORM_2_.ubulk" 1215
"C:/Users/Alvar/Downloads/Level Design/NAlvarez_SchoolMap/LevelDesign/Content/Materials/Locker/Textures/T_Locker_AORM_2_.uasset" 1216
"C:/Users/Alvar/Downloads/Level Design/NAlvarez_SchoolMap/LevelDesign/Content/Materials/Locker/Textures/T_Locker_AORM_2_.uexp" 1217
"C:/Users/Alvar/Downloads/Level Design/NAlvarez_SchoolMap/LevelDesign/Content/Materials/Locker/Textures/T_Locker_D_2_.ubulk" 1218
"C:/Users/Alvar/Downloads/Level Design/NAlvarez_SchoolMap/LevelDesign/Content/Materials/Locker/Textures/T_Locker_D_2_.uasset" 1219
"C:/Users/Alvar/Downloads/Level Design/NAlvarez_SchoolMap/LevelDesign/Content/Materials/Locker/Textures/T_Locker_D_2_.uexp" 1220
"C:/Users/Alvar/Downloads/Level Design/NAlvarez_SchoolMap/LevelDesign/Content/Materials/Locker/M_Locker2.uasset" 1221
"C:/Users/Alvar/Downloads/Level Design/NAlvarez_SchoolMap/LevelDesign/Content/Materials/Locker/M_Locker2.uexp" 1222
"../../../Engine/Content/Functions/Engine_MaterialFunctions01/Shading/PowerToRoughness.uasset" 1223
"../../../Engine/Content/Functions/Engine_MaterialFunctions01/Shading/PowerToRoughness.uexp" 1224
"../../../Engine/Content/EngineMeshes/Sphere.ubulk" 1225
"../../../Engine/Content/EngineMeshes/Sphere.uasset" 1226
"../../../Engine/Content/EngineMeshes/Sphere.uexp" 1227
"../../../Engine/Plugins/Media/MediaPlate/Content/SM_MediaPlateScreen.ubulk" 1228
"../../../Engine/Plugins/Media/MediaPlate/Content/SM_MediaPlateScreen.uasset" 1229
"../../../Engine/Plugins/Media/MediaPlate/Content/SM_MediaPlateScreen.uexp" 1230
"../../../Engine/Content/EngineMaterials/DefaultMaterial.uasset" 1231
"../../../Engine/Content/EngineMaterials/DefaultMaterial.uexp" 1232
"../../../Engine/Content/BasicShapes/Sphere.ubulk" 1233
"../../../Engine/Content/BasicShapes/Sphere.uasset" 1234
"../../../Engine/Content/BasicShapes/Sphere.uexp" 1235
"../../../Engine/Content/BasicShapes/Plane.ubulk" 1236
"../../../Engine/Content/BasicShapes/Plane.uasset" 1237
"../../../Engine/Content/BasicShapes/Plane.uexp" 1238
"../../../Engine/Content/BasicShapes/Cylinder.ubulk" 1239
"../../../Engine/Content/BasicShapes/Cylinder.uasset" 1240
"../../../Engine/Content/BasicShapes/Cylinder.uexp" 1241
"../../../Engine/Content/BasicShapes/Cone.ubulk" 1242
"../../../Engine/Content/BasicShapes/Cone.uasset" 1243
"../../../Engine/Content/BasicShapes/Cone.uexp" 1244
"../../../Engine/Content/EditorLandscapeResources/SplineEditorMeshMat.uasset" 1245
"../../../Engine/Content/EditorLandscapeResources/SplineEditorMeshMat.uexp" 1246
"../../../Engine/Content/EditorLandscapeResources/SplineEditorMesh.ubulk" 1247
"../../../Engine/Content/EditorLandscapeResources/SplineEditorMesh.uasset" 1248
"../../../Engine/Content/EditorLandscapeResources/SplineEditorMesh.uexp" 1249
"../../../Engine/Plugins/Animation/ControlRig/Content/Controls/ControlRig_Wedge_solid.ubulk" 1250
"../../../Engine/Plugins/Animation/ControlRig/Content/Controls/ControlRig_Wedge_solid.uasset" 1251
"../../../Engine/Plugins/Animation/ControlRig/Content/Controls/ControlRig_Wedge_solid.uexp" 1252
"../../../Engine/Plugins/Animation/ControlRig/Content/Controls/ControlRig_Wedge_3mm.ubulk" 1253
"../../../Engine/Plugins/Animation/ControlRig/Content/Controls/ControlRig_Wedge_3mm.uasset" 1254
"../../../Engine/Plugins/Animation/ControlRig/Content/Controls/ControlRig_Wedge_3mm.uexp" 1255
"../../../Engine/Plugins/Animation/ControlRig/Content/Controls/ControlRig_Wedge_1mm.ubulk" 1256
"../../../Engine/Plugins/Animation/ControlRig/Content/Controls/ControlRig_Wedge_1mm.uasset" 1257
"../../../Engine/Plugins/Animation/ControlRig/Content/Controls/ControlRig_Wedge_1mm.uexp" 1258
"../../../Engine/Plugins/Animation/ControlRig/Content/Controls/ControlRig_Triangle_solid.ubulk" 1259
"../../../Engine/Plugins/Animation/ControlRig/Content/Controls/ControlRig_Triangle_solid.uasset" 1260
"../../../Engine/Plugins/Animation/ControlRig/Content/Controls/ControlRig_Triangle_solid.uexp" 1261
"../../../Engine/Plugins/Animation/ControlRig/Content/Controls/ControlRig_Triangle_3mm.ubulk" 1262
"../../../Engine/Plugins/Animation/ControlRig/Content/Controls/ControlRig_Triangle_3mm.uasset" 1263
"../../../Engine/Plugins/Animation/ControlRig/Content/Controls/ControlRig_Triangle_3mm.uexp" 1264
"../../../Engine/Plugins/Animation/ControlRig/Content/Controls/ControlRig_Triangle_1mm.ubulk" 1265
"../../../Engine/Plugins/Animation/ControlRig/Content/Controls/ControlRig_Triangle_1mm.uasset" 1266
"../../../Engine/Plugins/Animation/ControlRig/Content/Controls/ControlRig_Triangle_1mm.uexp" 1267
"../../../Engine/Plugins/Animation/ControlRig/Content/Controls/ControlRig_Star4_solid.ubulk" 1268
"../../../Engine/Plugins/Animation/ControlRig/Content/Controls/ControlRig_Star4_solid.uasset" 1269
"../../../Engine/Plugins/Animation/ControlRig/Content/Controls/ControlRig_Star4_solid.uexp" 1270
"../../../Engine/Plugins/Animation/ControlRig/Content/Controls/ControlRig_Star4_3mm.ubulk" 1271
"../../../Engine/Plugins/Animation/ControlRig/Content/Controls/ControlRig_Star4_3mm.uasset" 1272
"../../../Engine/Plugins/Animation/ControlRig/Content/Controls/ControlRig_Star4_3mm.uexp" 1273
"../../../Engine/Plugins/Animation/ControlRig/Content/Controls/ControlRig_Star4_1mm.ubulk" 1274
"../../../Engine/Plugins/Animation/ControlRig/Content/Controls/ControlRig_Star4_1mm.uasset" 1275
"../../../Engine/Plugins/Animation/ControlRig/Content/Controls/ControlRig_Star4_1mm.uexp" 1276
"../../../Engine/Plugins/Animation/ControlRig/Content/Controls/ControlRig_Square_solid.ubulk" 1277
"../../../Engine/Plugins/Animation/ControlRig/Content/Controls/ControlRig_Square_solid.uasset" 1278
"../../../Engine/Plugins/Animation/ControlRig/Content/Controls/ControlRig_Square_solid.uexp" 1279
"../../../Engine/Plugins/Animation/ControlRig/Content/Controls/ControlRig_Square_3mm.ubulk" 1280
"../../../Engine/Plugins/Animation/ControlRig/Content/Controls/ControlRig_Square_3mm.uasset" 1281
"../../../Engine/Plugins/Animation/ControlRig/Content/Controls/ControlRig_Square_3mm.uexp" 1282
"../../../Engine/Plugins/Animation/ControlRig/Content/Controls/ControlRig_Square_1mm.ubulk" 1283
"../../../Engine/Plugins/Animation/ControlRig/Content/Controls/ControlRig_Square_1mm.uasset" 1284
"../../../Engine/Plugins/Animation/ControlRig/Content/Controls/ControlRig_Square_1mm.uexp" 1285
"../../../Engine/Plugins/Animation/ControlRig/Content/Controls/ControlRig_Sphere_solid.ubulk" 1286
"../../../Engine/Plugins/Animation/ControlRig/Content/Controls/ControlRig_Sphere_solid.uasset" 1287
"../../../Engine/Plugins/Animation/ControlRig/Content/Controls/ControlRig_Sphere_solid.uexp" 1288
"../../../Engine/Plugins/Animation/ControlRig/Content/Controls/ControlRig_Sphere_3mm.ubulk" 1289
"../../../Engine/Plugins/Animation/ControlRig/Content/Controls/ControlRig_Sphere_3mm.uasset" 1290
"../../../Engine/Plugins/Animation/ControlRig/Content/Controls/ControlRig_Sphere_3mm.uexp" 1291
"../../../Engine/Plugins/Animation/ControlRig/Content/Controls/ControlRig_Sphere_1mm.ubulk" 1292
"../../../Engine/Plugins/Animation/ControlRig/Content/Controls/ControlRig_Sphere_1mm.uasset" 1293
"../../../Engine/Plugins/Animation/ControlRig/Content/Controls/ControlRig_Sphere_1mm.uexp" 1294
"../../../Engine/Plugins/Animation/ControlRig/Content/Controls/ControlRig_RoundedTriangle_solid.ubulk" 1295
"../../../Engine/Plugins/Animation/ControlRig/Content/Controls/ControlRig_RoundedTriangle_solid.uasset" 1296
"../../../Engine/Plugins/Animation/ControlRig/Content/Controls/ControlRig_RoundedTriangle_solid.uexp" 1297
"../../../Engine/Plugins/Animation/ControlRig/Content/Controls/ControlRig_RoundedTriangle_3mm.ubulk" 1298
"../../../Engine/Plugins/Animation/ControlRig/Content/Controls/ControlRig_RoundedTriangle_3mm.uasset" 1299
"../../../Engine/Plugins/Animation/ControlRig/Content/Controls/ControlRig_RoundedTriangle_3mm.uexp" 1300
"../../../Engine/Plugins/Animation/ControlRig/Content/Controls/ControlRig_RoundedTriangle_1mm.ubulk" 1301
"../../../Engine/Plugins/Animation/ControlRig/Content/Controls/ControlRig_RoundedTriangle_1mm.uasset" 1302
"../../../Engine/Plugins/Animation/ControlRig/Content/Controls/ControlRig_RoundedTriangle_1mm.uexp" 1303
"../../../Engine/Plugins/Animation/ControlRig/Content/Controls/ControlRig_RoundedSquare_solid.ubulk" 1304
"../../../Engine/Plugins/Animation/ControlRig/Content/Controls/ControlRig_RoundedSquare_solid.uasset" 1305
"../../../Engine/Plugins/Animation/ControlRig/Content/Controls/ControlRig_RoundedSquare_solid.uexp" 1306
"../../../Engine/Plugins/Animation/ControlRig/Content/Controls/ControlRig_RoundedSquare_3mm.ubulk" 1307
"../../../Engine/Plugins/Animation/ControlRig/Content/Controls/ControlRig_RoundedSquare_3mm.uasset" 1308
"../../../Engine/Plugins/Animation/ControlRig/Content/Controls/ControlRig_RoundedSquare_3mm.uexp" 1309
"../../../Engine/Plugins/Animation/ControlRig/Content/Controls/ControlRig_RoundedSquare_1mm.ubulk" 1310
"../../../Engine/Plugins/Animation/ControlRig/Content/Controls/ControlRig_RoundedSquare_1mm.uasset" 1311
"../../../Engine/Plugins/Animation/ControlRig/Content/Controls/ControlRig_RoundedSquare_1mm.uexp" 1312
"../../../Engine/Plugins/Animation/ControlRig/Content/Controls/ControlRig_QuarterCircle_solid.ubulk" 1313
"../../../Engine/Plugins/Animation/ControlRig/Content/Controls/ControlRig_QuarterCircle_solid.uasset" 1314
"../../../Engine/Plugins/Animation/ControlRig/Content/Controls/ControlRig_QuarterCircle_solid.uexp" 1315
"../../../Engine/Plugins/Animation/ControlRig/Content/Controls/ControlRig_QuarterCircle_3mm.ubulk" 1316
"../../../Engine/Plugins/Animation/ControlRig/Content/Controls/ControlRig_QuarterCircle_3mm.uasset" 1317
"../../../Engine/Plugins/Animation/ControlRig/Content/Controls/ControlRig_QuarterCircle_3mm.uexp" 1318
"../../../Engine/Plugins/Animation/ControlRig/Content/Controls/ControlRig_QuarterCircle_1mm.ubulk" 1319
"../../../Engine/Plugins/Animation/ControlRig/Content/Controls/ControlRig_QuarterCircle_1mm.uasset" 1320
"../../../Engine/Plugins/Animation/ControlRig/Content/Controls/ControlRig_QuarterCircle_1mm.uexp" 1321
"../../../Engine/Plugins/Animation/ControlRig/Content/Controls/ControlRig_Pyramid_solid.ubulk" 1322
"../../../Engine/Plugins/Animation/ControlRig/Content/Controls/ControlRig_Pyramid_solid.uasset" 1323
"../../../Engine/Plugins/Animation/ControlRig/Content/Controls/ControlRig_Pyramid_solid.uexp" 1324
"../../../Engine/Plugins/Animation/ControlRig/Content/Controls/ControlRig_Pyramid_3mm.ubulk" 1325
"../../../Engine/Plugins/Animation/ControlRig/Content/Controls/ControlRig_Pyramid_3mm.uasset" 1326
"../../../Engine/Plugins/Animation/ControlRig/Content/Controls/ControlRig_Pyramid_3mm.uexp" 1327
"../../../Engine/Plugins/Animation/ControlRig/Content/Controls/ControlRig_Pyramid_1mm.ubulk" 1328
"../../../Engine/Plugins/Animation/ControlRig/Content/Controls/ControlRig_Pyramid_1mm.uasset" 1329
"../../../Engine/Plugins/Animation/ControlRig/Content/Controls/ControlRig_Pyramid_1mm.uexp" 1330
"../../../Engine/Plugins/Animation/ControlRig/Content/Controls/ControlRig_Octagon_solid.ubulk" 1331
"../../../Engine/Plugins/Animation/ControlRig/Content/Controls/ControlRig_Octagon_solid.uasset" 1332
"../../../Engine/Plugins/Animation/ControlRig/Content/Controls/ControlRig_Octagon_solid.uexp" 1333
"../../../Engine/Plugins/Animation/ControlRig/Content/Controls/ControlRig_Octagon_3mm.ubulk" 1334
"../../../Engine/Plugins/Animation/ControlRig/Content/Controls/ControlRig_Octagon_3mm.uasset" 1335
"../../../Engine/Plugins/Animation/ControlRig/Content/Controls/ControlRig_Octagon_3mm.uexp" 1336
"../../../Engine/Plugins/Animation/ControlRig/Content/Controls/ControlRig_Octagon_1mm.ubulk" 1337
"../../../Engine/Plugins/Animation/ControlRig/Content/Controls/ControlRig_Octagon_1mm.uasset" 1338
"../../../Engine/Plugins/Animation/ControlRig/Content/Controls/ControlRig_Octagon_1mm.uexp" 1339
"../../../Engine/Plugins/Animation/ControlRig/Content/Controls/ControlRig_Hexagon_solid.ubulk" 1340
"../../../Engine/Plugins/Animation/ControlRig/Content/Controls/ControlRig_Hexagon_solid.uasset" 1341
"../../../Engine/Plugins/Animation/ControlRig/Content/Controls/ControlRig_Hexagon_solid.uexp" 1342
"../../../Engine/Plugins/Animation/ControlRig/Content/Controls/ControlRig_Hexagon_3mm.ubulk" 1343
"../../../Engine/Plugins/Animation/ControlRig/Content/Controls/ControlRig_Hexagon_3mm.uasset" 1344
"../../../Engine/Plugins/Animation/ControlRig/Content/Controls/ControlRig_Hexagon_3mm.uexp" 1345
"../../../Engine/Plugins/Animation/ControlRig/Content/Controls/ControlRig_Hexagon_1mm.ubulk" 1346
"../../../Engine/Plugins/Animation/ControlRig/Content/Controls/ControlRig_Hexagon_1mm.uasset" 1347
"../../../Engine/Plugins/Animation/ControlRig/Content/Controls/ControlRig_Hexagon_1mm.uexp" 1348
"../../../Engine/Plugins/Animation/ControlRig/Content/Controls/ControlRig_HalfCircle_solid.ubulk" 1349
"../../../Engine/Plugins/Animation/ControlRig/Content/Controls/ControlRig_HalfCircle_solid.uasset" 1350
"../../../Engine/Plugins/Animation/ControlRig/Content/Controls/ControlRig_HalfCircle_solid.uexp" 1351
"../../../Engine/Plugins/Animation/ControlRig/Content/Controls/ControlRig_HalfCircle_3mm.ubulk" 1352
"../../../Engine/Plugins/Animation/ControlRig/Content/Controls/ControlRig_HalfCircle_3mm.uasset" 1353
"../../../Engine/Plugins/Animation/ControlRig/Content/Controls/ControlRig_HalfCircle_3mm.uexp" 1354
"../../../Engine/Plugins/Animation/ControlRig/Content/Controls/ControlRig_HalfCircle_1mm.ubulk" 1355
"../../../Engine/Plugins/Animation/ControlRig/Content/Controls/ControlRig_HalfCircle_1mm.uasset" 1356
"../../../Engine/Plugins/Animation/ControlRig/Content/Controls/ControlRig_HalfCircle_1mm.uexp" 1357
"../../../Engine/Plugins/Animation/ControlRig/Content/Controls/ControlRig_Diamond_solid.ubulk" 1358
"../../../Engine/Plugins/Animation/ControlRig/Content/Controls/ControlRig_Diamond_solid.uasset" 1359
"../../../Engine/Plugins/Animation/ControlRig/Content/Controls/ControlRig_Diamond_solid.uexp" 1360
"../../../Engine/Plugins/Animation/ControlRig/Content/Controls/ControlRig_Diamond_3mm.ubulk" 1361
"../../../Engine/Plugins/Animation/ControlRig/Content/Controls/ControlRig_Diamond_3mm.uasset" 1362
"../../../Engine/Plugins/Animation/ControlRig/Content/Controls/ControlRig_Diamond_3mm.uexp" 1363
"../../../Engine/Plugins/Animation/ControlRig/Content/Controls/ControlRig_Diamond_1mm.ubulk" 1364
"../../../Engine/Plugins/Animation/ControlRig/Content/Controls/ControlRig_Diamond_1mm.uasset" 1365
"../../../Engine/Plugins/Animation/ControlRig/Content/Controls/ControlRig_Diamond_1mm.uexp" 1366
"../../../Engine/Plugins/Animation/ControlRig/Content/Controls/ControlRig_Circle_solid.ubulk" 1367
"../../../Engine/Plugins/Animation/ControlRig/Content/Controls/ControlRig_Circle_solid.uasset" 1368
"../../../Engine/Plugins/Animation/ControlRig/Content/Controls/ControlRig_Circle_solid.uexp" 1369
"../../../Engine/Plugins/Animation/ControlRig/Content/Controls/ControlRig_Circle_3mm.ubulk" 1370
"../../../Engine/Plugins/Animation/ControlRig/Content/Controls/ControlRig_Circle_3mm.uasset" 1371
"../../../Engine/Plugins/Animation/ControlRig/Content/Controls/ControlRig_Circle_3mm.uexp" 1372
"../../../Engine/Plugins/Animation/ControlRig/Content/Controls/ControlRig_Circle_1mm.ubulk" 1373
"../../../Engine/Plugins/Animation/ControlRig/Content/Controls/ControlRig_Circle_1mm.uasset" 1374
"../../../Engine/Plugins/Animation/ControlRig/Content/Controls/ControlRig_Circle_1mm.uexp" 1375
"../../../Engine/Plugins/Animation/ControlRig/Content/Controls/ControlRig_Box_solid.ubulk" 1376
"../../../Engine/Plugins/Animation/ControlRig/Content/Controls/ControlRig_Box_solid.uasset" 1377
"../../../Engine/Plugins/Animation/ControlRig/Content/Controls/ControlRig_Box_solid.uexp" 1378
"../../../Engine/Plugins/Animation/ControlRig/Content/Controls/ControlRig_Box_3mm.ubulk" 1379
"../../../Engine/Plugins/Animation/ControlRig/Content/Controls/ControlRig_Box_3mm.uasset" 1380
"../../../Engine/Plugins/Animation/ControlRig/Content/Controls/ControlRig_Box_3mm.uexp" 1381
"../../../Engine/Plugins/Animation/ControlRig/Content/Controls/ControlRig_Box_1mm.ubulk" 1382
"../../../Engine/Plugins/Animation/ControlRig/Content/Controls/ControlRig_Box_1mm.uasset" 1383
"../../../Engine/Plugins/Animation/ControlRig/Content/Controls/ControlRig_Box_1mm.uexp" 1384
"../../../Engine/Plugins/Animation/ControlRig/Content/Controls/ControlRig_Arrow_solid.ubulk" 1385
"../../../Engine/Plugins/Animation/ControlRig/Content/Controls/ControlRig_Arrow_solid.uasset" 1386
"../../../Engine/Plugins/Animation/ControlRig/Content/Controls/ControlRig_Arrow_solid.uexp" 1387
"../../../Engine/Plugins/Animation/ControlRig/Content/Controls/ControlRig_Arrow_3mm.ubulk" 1388
"../../../Engine/Plugins/Animation/ControlRig/Content/Controls/ControlRig_Arrow_3mm.uasset" 1389
"../../../Engine/Plugins/Animation/ControlRig/Content/Controls/ControlRig_Arrow_3mm.uexp" 1390
"../../../Engine/Plugins/Animation/ControlRig/Content/Controls/ControlRig_Arrow_1mm.ubulk" 1391
"../../../Engine/Plugins/Animation/ControlRig/Content/Controls/ControlRig_Arrow_1mm.uasset" 1392
"../../../Engine/Plugins/Animation/ControlRig/Content/Controls/ControlRig_Arrow_1mm.uexp" 1393
"../../../Engine/Plugins/Animation/ControlRig/Content/Controls/ControlRig_Arrow4_solid.ubulk" 1394
"../../../Engine/Plugins/Animation/ControlRig/Content/Controls/ControlRig_Arrow4_solid.uasset" 1395
"../../../Engine/Plugins/Animation/ControlRig/Content/Controls/ControlRig_Arrow4_solid.uexp" 1396
"../../../Engine/Plugins/Animation/ControlRig/Content/Controls/ControlRig_Arrow4_3mm.ubulk" 1397
"../../../Engine/Plugins/Animation/ControlRig/Content/Controls/ControlRig_Arrow4_3mm.uasset" 1398
"../../../Engine/Plugins/Animation/ControlRig/Content/Controls/ControlRig_Arrow4_3mm.uexp" 1399
"../../../Engine/Plugins/Animation/ControlRig/Content/Controls/ControlRig_Arrow4_1mm.ubulk" 1400
"../../../Engine/Plugins/Animation/ControlRig/Content/Controls/ControlRig_Arrow4_1mm.uasset" 1401
"../../../Engine/Plugins/Animation/ControlRig/Content/Controls/ControlRig_Arrow4_1mm.uexp" 1402
"../../../Engine/Plugins/Animation/ControlRig/Content/Controls/ControlRig_Arrow2_solid.ubulk" 1403
"../../../Engine/Plugins/Animation/ControlRig/Content/Controls/ControlRig_Arrow2_solid.uasset" 1404
"../../../Engine/Plugins/Animation/ControlRig/Content/Controls/ControlRig_Arrow2_solid.uexp" 1405
"../../../Engine/Plugins/Animation/ControlRig/Content/Controls/ControlRig_Arrow2_3mm.ubulk" 1406
"../../../Engine/Plugins/Animation/ControlRig/Content/Controls/ControlRig_Arrow2_3mm.uasset" 1407
"../../../Engine/Plugins/Animation/ControlRig/Content/Controls/ControlRig_Arrow2_3mm.uexp" 1408
"../../../Engine/Plugins/Animation/ControlRig/Content/Controls/ControlRig_Arrow2_1mm.ubulk" 1409
"../../../Engine/Plugins/Animation/ControlRig/Content/Controls/ControlRig_Arrow2_1mm.uasset" 1410
"../../../Engine/Plugins/Animation/ControlRig/Content/Controls/ControlRig_Arrow2_1mm.uexp" 1411
"../../../Engine/Content/EngineMaterials/WeightMapPlaceholderTexture.uasset" 1412
"../../../Engine/Content/EngineMaterials/WeightMapPlaceholderTexture.uexp" 1413
"../../../Engine/Content/EngineMaterials/WeightMapArrayPlaceholderTexture.uasset" 1414
"../../../Engine/Content/EngineMaterials/WeightMapArrayPlaceholderTexture.uexp" 1415
"C:/Users/Alvar/Downloads/Level Design/NAlvarez_SchoolMap/LevelDesign/Content/Materials/Trash_Cans/M_TrashCan.uasset" 1416
"C:/Users/Alvar/Downloads/Level Design/NAlvarez_SchoolMap/LevelDesign/Content/Materials/Trash_Cans/M_TrashCan.uexp" 1417
"C:/Users/Alvar/Downloads/Level Design/NAlvarez_SchoolMap/LevelDesign/Content/Meshes/SM_Trashcans.ubulk" 1418
"C:/Users/Alvar/Downloads/Level Design/NAlvarez_SchoolMap/LevelDesign/Content/Meshes/SM_Trashcans.uasset" 1419
"C:/Users/Alvar/Downloads/Level Design/NAlvarez_SchoolMap/LevelDesign/Content/Meshes/SM_Trashcans.uexp" 1420
"C:/Users/Alvar/Downloads/Level Design/NAlvarez_SchoolMap/LevelDesign/Content/Materials/Trashbag/Trash_Bag_Pack_ve2hddjga_Mid_2K_Roughness.ubulk" 1421
"C:/Users/Alvar/Downloads/Level Design/NAlvarez_SchoolMap/LevelDesign/Content/Materials/Trashbag/Trash_Bag_Pack_ve2hddjga_Mid_2K_Roughness.uasset" 1422
"C:/Users/Alvar/Downloads/Level Design/NAlvarez_SchoolMap/LevelDesign/Content/Materials/Trashbag/Trash_Bag_Pack_ve2hddjga_Mid_2K_Roughness.uexp" 1423
"C:/Users/Alvar/Downloads/Level Design/NAlvarez_SchoolMap/LevelDesign/Content/Materials/Trashbag/Trash_Bag_Pack_ve2hddjga_Mid_2K_Normal.ubulk" 1424
"C:/Users/Alvar/Downloads/Level Design/NAlvarez_SchoolMap/LevelDesign/Content/Materials/Trashbag/Trash_Bag_Pack_ve2hddjga_Mid_2K_Normal.uasset" 1425
"C:/Users/Alvar/Downloads/Level Design/NAlvarez_SchoolMap/LevelDesign/Content/Materials/Trashbag/Trash_Bag_Pack_ve2hddjga_Mid_2K_Normal.uexp" 1426
"C:/Users/Alvar/Downloads/Level Design/NAlvarez_SchoolMap/LevelDesign/Content/Materials/Trashbag/Trash_Bag_Pack_ve2hddjga_Mid_2K_BaseColor.ubulk" 1427
"C:/Users/Alvar/Downloads/Level Design/NAlvarez_SchoolMap/LevelDesign/Content/Materials/Trashbag/Trash_Bag_Pack_ve2hddjga_Mid_2K_BaseColor.uasset" 1428
"C:/Users/Alvar/Downloads/Level Design/NAlvarez_SchoolMap/LevelDesign/Content/Materials/Trashbag/Trash_Bag_Pack_ve2hddjga_Mid_2K_BaseColor.uexp" 1429
"C:/Users/Alvar/Downloads/Level Design/NAlvarez_SchoolMap/LevelDesign/Content/Materials/Trashbag/M_Trashbags.uasset" 1430
"C:/Users/Alvar/Downloads/Level Design/NAlvarez_SchoolMap/LevelDesign/Content/Materials/Trashbag/M_Trashbags.uexp" 1431
"C:/Users/Alvar/Downloads/Level Design/NAlvarez_SchoolMap/LevelDesign/Content/Meshes/SM_Trashbag4.ubulk" 1432
"C:/Users/Alvar/Downloads/Level Design/NAlvarez_SchoolMap/LevelDesign/Content/Meshes/SM_Trashbag4.uasset" 1433
"C:/Users/Alvar/Downloads/Level Design/NAlvarez_SchoolMap/LevelDesign/Content/Meshes/SM_Trashbag4.uexp" 1434
"C:/Users/Alvar/Downloads/Level Design/NAlvarez_SchoolMap/LevelDesign/Content/Meshes/SM_Trashbag3.ubulk" 1435
"C:/Users/Alvar/Downloads/Level Design/NAlvarez_SchoolMap/LevelDesign/Content/Meshes/SM_Trashbag3.uasset" 1436
"C:/Users/Alvar/Downloads/Level Design/NAlvarez_SchoolMap/LevelDesign/Content/Meshes/SM_Trashbag3.uexp" 1437
"C:/Users/Alvar/Downloads/Level Design/NAlvarez_SchoolMap/LevelDesign/Content/Meshes/SM_Trashbag2.ubulk" 1438
"C:/Users/Alvar/Downloads/Level Design/NAlvarez_SchoolMap/LevelDesign/Content/Meshes/SM_Trashbag2.uasset" 1439
"C:/Users/Alvar/Downloads/Level Design/NAlvarez_SchoolMap/LevelDesign/Content/Meshes/SM_Trashbag2.uexp" 1440
"C:/Users/Alvar/Downloads/Level Design/NAlvarez_SchoolMap/LevelDesign/Content/Meshes/SM_Trashbag.ubulk" 1441
"C:/Users/Alvar/Downloads/Level Design/NAlvarez_SchoolMap/LevelDesign/Content/Meshes/SM_Trashbag.uasset" 1442
"C:/Users/Alvar/Downloads/Level Design/NAlvarez_SchoolMap/LevelDesign/Content/Meshes/SM_Trashbag.uexp" 1443
"C:/Users/Alvar/Downloads/Level Design/NAlvarez_SchoolMap/LevelDesign/Content/Materials/Railing/Textures/T_Railing_N.ubulk" 1444
"C:/Users/Alvar/Downloads/Level Design/NAlvarez_SchoolMap/LevelDesign/Content/Materials/Railing/Textures/T_Railing_N.uasset" 1445
"C:/Users/Alvar/Downloads/Level Design/NAlvarez_SchoolMap/LevelDesign/Content/Materials/Railing/Textures/T_Railing_N.uexp" 1446
"C:/Users/Alvar/Downloads/Level Design/NAlvarez_SchoolMap/LevelDesign/Content/Materials/Railing/Textures/T_Railing_D.ubulk" 1447
"C:/Users/Alvar/Downloads/Level Design/NAlvarez_SchoolMap/LevelDesign/Content/Materials/Railing/Textures/T_Railing_D.uasset" 1448
"C:/Users/Alvar/Downloads/Level Design/NAlvarez_SchoolMap/LevelDesign/Content/Materials/Railing/Textures/T_Railing_D.uexp" 1449
"C:/Users/Alvar/Downloads/Level Design/NAlvarez_SchoolMap/LevelDesign/Content/Materials/Railing/Textures/T_Railing_AORM.ubulk" 1450
"C:/Users/Alvar/Downloads/Level Design/NAlvarez_SchoolMap/LevelDesign/Content/Materials/Railing/Textures/T_Railing_AORM.uasset" 1451
"C:/Users/Alvar/Downloads/Level Design/NAlvarez_SchoolMap/LevelDesign/Content/Materials/Railing/Textures/T_Railing_AORM.uexp" 1452
"C:/Users/Alvar/Downloads/Level Design/NAlvarez_SchoolMap/LevelDesign/Content/Materials/Railing/M_Railing.uasset" 1453
"C:/Users/Alvar/Downloads/Level Design/NAlvarez_SchoolMap/LevelDesign/Content/Materials/Railing/M_Railing.uexp" 1454
"C:/Users/Alvar/Downloads/Level Design/NAlvarez_SchoolMap/LevelDesign/Content/Meshes/SM_Railings.ubulk" 1455
"C:/Users/Alvar/Downloads/Level Design/NAlvarez_SchoolMap/LevelDesign/Content/Meshes/SM_Railings.uasset" 1456
"C:/Users/Alvar/Downloads/Level Design/NAlvarez_SchoolMap/LevelDesign/Content/Meshes/SM_Railings.uexp" 1457
"../../../Engine/Content/EditorMaterials/Camera/CineMat.uasset" 1458
"../../../Engine/Content/EditorMaterials/Camera/CineMat.uexp" 1459
"../../../Engine/Content/EditorMaterials/Camera/MI_CineMat_Rig.uasset" 1460
"../../../Engine/Content/EditorMaterials/Camera/MI_CineMat_Rig.uexp" 1461
"../../../Engine/Content/EditorMeshes/Camera/SM_RailRig_Track.ubulk" 1462
"../../../Engine/Content/EditorMeshes/Camera/SM_RailRig_Track.uasset" 1463
"../../../Engine/Content/EditorMeshes/Camera/SM_RailRig_Track.uexp" 1464
"../../../Engine/Content/EditorMeshes/Camera/SM_RailRig_Mount.ubulk" 1465
"../../../Engine/Content/EditorMeshes/Camera/SM_RailRig_Mount.uasset" 1466
"../../../Engine/Content/EditorMeshes/Camera/SM_RailRig_Mount.uexp" 1467
"../../../Engine/Content/EditorMeshes/Camera/SM_CraneRig_Mount.ubulk" 1468
"../../../Engine/Content/EditorMeshes/Camera/SM_CraneRig_Mount.uasset" 1469
"../../../Engine/Content/EditorMeshes/Camera/SM_CraneRig_Mount.uexp" 1470
"../../../Engine/Content/EditorMeshes/Camera/SM_CraneRig_Body.ubulk" 1471
"../../../Engine/Content/EditorMeshes/Camera/SM_CraneRig_Body.uasset" 1472
"../../../Engine/Content/EditorMeshes/Camera/SM_CraneRig_Body.uexp" 1473
"../../../Engine/Content/EditorMeshes/Camera/SM_CraneRig_Base.ubulk" 1474
"../../../Engine/Content/EditorMeshes/Camera/SM_CraneRig_Base.uasset" 1475
"../../../Engine/Content/EditorMeshes/Camera/SM_CraneRig_Base.uexp" 1476
"../../../Engine/Content/EditorMeshes/Camera/SM_CraneRig_Arm.ubulk" 1477
"../../../Engine/Content/EditorMeshes/Camera/SM_CraneRig_Arm.uasset" 1478
"../../../Engine/Content/EditorMeshes/Camera/SM_CraneRig_Arm.uexp" 1479
"../../../Engine/Content/VREditor/TransformGizmo/Xray.uasset" 1480
"../../../Engine/Content/VREditor/TransformGizmo/Xray.uexp" 1481
"../../../Engine/Content/VREditor/TransformGizmo/Main.uasset" 1482
"../../../Engine/Content/VREditor/TransformGizmo/Main.uexp" 1483
"../../../Engine/Content/VREditor/TransformGizmo/SM_Sequencer_Node.ubulk" 1484
"../../../Engine/Content/VREditor/TransformGizmo/SM_Sequencer_Node.uasset" 1485
"../../../Engine/Content/VREditor/TransformGizmo/SM_Sequencer_Node.uexp" 1486
"../../../Engine/Content/VREditor/TransformGizmo/TranslucentTransformGizmoMaterial.uasset" 1487
"../../../Engine/Content/VREditor/TransformGizmo/TranslucentTransformGizmoMaterial.uexp" 1488
"../../../Engine/Content/VREditor/LaserPointer/VR_LaserPower_01.ubulk" 1489
"../../../Engine/Content/VREditor/LaserPointer/VR_LaserPower_01.uasset" 1490
"../../../Engine/Content/VREditor/LaserPointer/VR_LaserPower_01.uexp" 1491
"../../../Engine/Content/VREditor/TransformGizmo/TransformGizmoMaterial.uasset" 1492
"../../../Engine/Content/VREditor/TransformGizmo/TransformGizmoMaterial.uexp" 1493
"../../../Engine/Content/VREditor/TransformGizmo/BoundingBoxEdge.ubulk" 1494
"../../../Engine/Content/VREditor/TransformGizmo/BoundingBoxEdge.uasset" 1495
"../../../Engine/Content/VREditor/TransformGizmo/BoundingBoxEdge.uexp" 1496
"../../../Engine/Content/VREditor/TransformGizmo/BoundingBoxCorner.ubulk" 1497
"../../../Engine/Content/VREditor/TransformGizmo/BoundingBoxCorner.uasset" 1498
"../../../Engine/Content/VREditor/TransformGizmo/BoundingBoxCorner.uexp" 1499
"C:/Users/Alvar/Downloads/Level Design/NAlvarez_SchoolMap/LevelDesign/Content/_GENERATED/Alvar/Cylinder_F487B00B.ubulk" 1500
"C:/Users/Alvar/Downloads/Level Design/NAlvarez_SchoolMap/LevelDesign/Content/_GENERATED/Alvar/Cylinder_F487B00B.uasset" 1501
"C:/Users/Alvar/Downloads/Level Design/NAlvarez_SchoolMap/LevelDesign/Content/_GENERATED/Alvar/Cylinder_F487B00B.uexp" 1502
"../../../Engine/Content/Functions/Engine_MaterialFunctions01/Shading/FuzzyShading.uasset" 1503
"../../../Engine/Content/Functions/Engine_MaterialFunctions01/Shading/FuzzyShading.uexp" 1504
"C:/Users/Alvar/Downloads/Level Design/NAlvarez_SchoolMap/LevelDesign/Content/Suburbs/VOL21_RetroDecor/Textures/TX_Fill_01_RMA.ubulk" 1505
"C:/Users/Alvar/Downloads/Level Design/NAlvarez_SchoolMap/LevelDesign/Content/Suburbs/VOL21_RetroDecor/Textures/TX_Fill_01_RMA.uasset" 1506
"C:/Users/Alvar/Downloads/Level Design/NAlvarez_SchoolMap/LevelDesign/Content/Suburbs/VOL21_RetroDecor/Textures/TX_Fill_01_RMA.uexp" 1507
"C:/Users/Alvar/Downloads/Level Design/NAlvarez_SchoolMap/LevelDesign/Content/Suburbs/VOL21_RetroDecor/Textures/TX_Fill_01_NRM.ubulk" 1508
"C:/Users/Alvar/Downloads/Level Design/NAlvarez_SchoolMap/LevelDesign/Content/Suburbs/VOL21_RetroDecor/Textures/TX_Fill_01_NRM.uasset" 1509
"C:/Users/Alvar/Downloads/Level Design/NAlvarez_SchoolMap/LevelDesign/Content/Suburbs/VOL21_RetroDecor/Textures/TX_Fill_01_NRM.uexp" 1510
"C:/Users/Alvar/Downloads/Level Design/NAlvarez_SchoolMap/LevelDesign/Content/Suburbs/VOL21_RetroDecor/Textures/TX_Fill_01_ALB.ubulk" 1511
"C:/Users/Alvar/Downloads/Level Design/NAlvarez_SchoolMap/LevelDesign/Content/Suburbs/VOL21_RetroDecor/Textures/TX_Fill_01_ALB.uasset" 1512
"C:/Users/Alvar/Downloads/Level Design/NAlvarez_SchoolMap/LevelDesign/Content/Suburbs/VOL21_RetroDecor/Textures/TX_Fill_01_ALB.uexp" 1513
"C:/Users/Alvar/Downloads/Level Design/NAlvarez_SchoolMap/LevelDesign/Content/Suburbs/VOL21_RetroDecor/Materials/MF_Normal_Intensity_01a.uasset" 1514
"C:/Users/Alvar/Downloads/Level Design/NAlvarez_SchoolMap/LevelDesign/Content/Suburbs/VOL21_RetroDecor/Materials/MF_Normal_Intensity_01a.uexp" 1515
"C:/Users/Alvar/Downloads/Level Design/NAlvarez_SchoolMap/LevelDesign/Content/Suburbs/VOL21_RetroDecor/Materials/MM_MasterMaterial_Floor_01a.uasset" 1516
"C:/Users/Alvar/Downloads/Level Design/NAlvarez_SchoolMap/LevelDesign/Content/Suburbs/VOL21_RetroDecor/Materials/MM_MasterMaterial_Floor_01a.uexp" 1517
"C:/Users/Alvar/Downloads/Level Design/NAlvarez_SchoolMap/LevelDesign/Content/_GENERATED/Alvar/CubeGridToolOutput_F8C6CAA9.ubulk" 1518
"C:/Users/Alvar/Downloads/Level Design/NAlvarez_SchoolMap/LevelDesign/Content/_GENERATED/Alvar/CubeGridToolOutput_F8C6CAA9.uasset" 1519
"C:/Users/Alvar/Downloads/Level Design/NAlvarez_SchoolMap/LevelDesign/Content/_GENERATED/Alvar/CubeGridToolOutput_F8C6CAA9.uexp" 1520
"C:/Users/Alvar/Downloads/Level Design/NAlvarez_SchoolMap/LevelDesign/Content/_GENERATED/Alvar/CubeGridToolOutput_E6D4401C.ubulk" 1521
"C:/Users/Alvar/Downloads/Level Design/NAlvarez_SchoolMap/LevelDesign/Content/_GENERATED/Alvar/CubeGridToolOutput_E6D4401C.uasset" 1522
"C:/Users/Alvar/Downloads/Level Design/NAlvarez_SchoolMap/LevelDesign/Content/_GENERATED/Alvar/CubeGridToolOutput_E6D4401C.uexp" 1523
"C:/Users/Alvar/Downloads/Level Design/NAlvarez_SchoolMap/LevelDesign/Content/DekoClass/Textures/Unique/TX_School_Floor_01a_RMA.ubulk" 1524
"C:/Users/Alvar/Downloads/Level Design/NAlvarez_SchoolMap/LevelDesign/Content/DekoClass/Textures/Unique/TX_School_Floor_01a_RMA.uasset" 1525
"C:/Users/Alvar/Downloads/Level Design/NAlvarez_SchoolMap/LevelDesign/Content/DekoClass/Textures/Unique/TX_School_Floor_01a_RMA.uexp" 1526
"C:/Users/Alvar/Downloads/Level Design/NAlvarez_SchoolMap/LevelDesign/Content/DekoClass/Textures/Unique/TX_School_Floor_01a_NRM.ubulk" 1527
"C:/Users/Alvar/Downloads/Level Design/NAlvarez_SchoolMap/LevelDesign/Content/DekoClass/Textures/Unique/TX_School_Floor_01a_NRM.uasset" 1528
"C:/Users/Alvar/Downloads/Level Design/NAlvarez_SchoolMap/LevelDesign/Content/DekoClass/Textures/Unique/TX_School_Floor_01a_NRM.uexp" 1529
"C:/Users/Alvar/Downloads/Level Design/NAlvarez_SchoolMap/LevelDesign/Content/DekoClass/Textures/Unique/TX_School_Floor_01a_ALB.ubulk" 1530
"C:/Users/Alvar/Downloads/Level Design/NAlvarez_SchoolMap/LevelDesign/Content/DekoClass/Textures/Unique/TX_School_Floor_01a_ALB.uasset" 1531
"C:/Users/Alvar/Downloads/Level Design/NAlvarez_SchoolMap/LevelDesign/Content/DekoClass/Textures/Unique/TX_School_Floor_01a_ALB.uexp" 1532
"C:/Users/Alvar/Downloads/Level Design/NAlvarez_SchoolMap/LevelDesign/Content/DekoClass/Materials/MI_SchoolFloor_01a.uasset" 1533
"C:/Users/Alvar/Downloads/Level Design/NAlvarez_SchoolMap/LevelDesign/Content/DekoClass/Materials/MI_SchoolFloor_01a.uexp" 1534
"C:/Users/Alvar/Downloads/Level Design/NAlvarez_SchoolMap/LevelDesign/Content/_GENERATED/Alvar/CubeGridToolOutput_E6A3E9BE.ubulk" 1535
"C:/Users/Alvar/Downloads/Level Design/NAlvarez_SchoolMap/LevelDesign/Content/_GENERATED/Alvar/CubeGridToolOutput_E6A3E9BE.uasset" 1536
"C:/Users/Alvar/Downloads/Level Design/NAlvarez_SchoolMap/LevelDesign/Content/_GENERATED/Alvar/CubeGridToolOutput_E6A3E9BE.uexp" 1537
"C:/Users/Alvar/Downloads/Level Design/NAlvarez_SchoolMap/LevelDesign/Content/_GENERATED/Alvar/CubeGridToolOutput_D0427FB0.ubulk" 1538
"C:/Users/Alvar/Downloads/Level Design/NAlvarez_SchoolMap/LevelDesign/Content/_GENERATED/Alvar/CubeGridToolOutput_D0427FB0.uasset" 1539
"C:/Users/Alvar/Downloads/Level Design/NAlvarez_SchoolMap/LevelDesign/Content/_GENERATED/Alvar/CubeGridToolOutput_D0427FB0.uexp" 1540
"C:/Users/Alvar/Downloads/Level Design/NAlvarez_SchoolMap/LevelDesign/Content/_GENERATED/Alvar/CubeGridToolOutput_AB280C21.ubulk" 1541
"C:/Users/Alvar/Downloads/Level Design/NAlvarez_SchoolMap/LevelDesign/Content/_GENERATED/Alvar/CubeGridToolOutput_AB280C21.uasset" 1542
"C:/Users/Alvar/Downloads/Level Design/NAlvarez_SchoolMap/LevelDesign/Content/_GENERATED/Alvar/CubeGridToolOutput_AB280C21.uexp" 1543
"C:/Users/Alvar/Downloads/Level Design/NAlvarez_SchoolMap/LevelDesign/Content/_GENERATED/Alvar/CubeGridToolOutput_A4CEC7FE.ubulk" 1544
"C:/Users/Alvar/Downloads/Level Design/NAlvarez_SchoolMap/LevelDesign/Content/_GENERATED/Alvar/CubeGridToolOutput_A4CEC7FE.uasset" 1545
"C:/Users/Alvar/Downloads/Level Design/NAlvarez_SchoolMap/LevelDesign/Content/_GENERATED/Alvar/CubeGridToolOutput_A4CEC7FE.uexp" 1546
"C:/Users/Alvar/Downloads/Level Design/NAlvarez_SchoolMap/LevelDesign/Content/_GENERATED/Alvar/CubeGridToolOutput_9D373CFB.ubulk" 1547
"C:/Users/Alvar/Downloads/Level Design/NAlvarez_SchoolMap/LevelDesign/Content/_GENERATED/Alvar/CubeGridToolOutput_9D373CFB.uasset" 1548
"C:/Users/Alvar/Downloads/Level Design/NAlvarez_SchoolMap/LevelDesign/Content/_GENERATED/Alvar/CubeGridToolOutput_9D373CFB.uexp" 1549
"C:/Users/Alvar/Downloads/Level Design/NAlvarez_SchoolMap/LevelDesign/Content/_GENERATED/Alvar/CubeGridToolOutput_88BDFD1C.ubulk" 1550
"C:/Users/Alvar/Downloads/Level Design/NAlvarez_SchoolMap/LevelDesign/Content/_GENERATED/Alvar/CubeGridToolOutput_88BDFD1C.uasset" 1551
"C:/Users/Alvar/Downloads/Level Design/NAlvarez_SchoolMap/LevelDesign/Content/_GENERATED/Alvar/CubeGridToolOutput_88BDFD1C.uexp" 1552
"C:/Users/Alvar/Downloads/Level Design/NAlvarez_SchoolMap/LevelDesign/Content/_GENERATED/Alvar/CubeGridToolOutput_62E117D0.ubulk" 1553
"C:/Users/Alvar/Downloads/Level Design/NAlvarez_SchoolMap/LevelDesign/Content/_GENERATED/Alvar/CubeGridToolOutput_62E117D0.uasset" 1554
"C:/Users/Alvar/Downloads/Level Design/NAlvarez_SchoolMap/LevelDesign/Content/_GENERATED/Alvar/CubeGridToolOutput_62E117D0.uexp" 1555
"../../../Engine/Plugins/Developer/AnimationSharing/Content/AnimSharingBase.uasset" 1556
"../../../Engine/Plugins/Developer/AnimationSharing/Content/AnimSharingBase.uexp" 1557
"../../../Engine/Plugins/Developer/AnimationSharing/Content/AnimSharingRed.uasset" 1558
"../../../Engine/Plugins/Developer/AnimationSharing/Content/AnimSharingRed.uexp" 1559
"../../../Engine/Content/EngineMaterials/T_DefaultTexture2_D.ubulk" 1560
"../../../Engine/Content/EngineMaterials/T_DefaultTexture2_D.uasset" 1561
"../../../Engine/Content/EngineMaterials/T_DefaultTexture2_D.uexp" 1562
"C:/Users/Alvar/Downloads/Level Design/NAlvarez_SchoolMap/LevelDesign/Content/AbandonedPowerPlant/Assets/Floor/Textures/T_Floor_01_Ground_Albedo.ubulk" 1563
"C:/Users/Alvar/Downloads/Level Design/NAlvarez_SchoolMap/LevelDesign/Content/AbandonedPowerPlant/Assets/Floor/Textures/T_Floor_01_Ground_Albedo.uasset" 1564
"C:/Users/Alvar/Downloads/Level Design/NAlvarez_SchoolMap/LevelDesign/Content/AbandonedPowerPlant/Assets/Floor/Textures/T_Floor_01_Ground_Albedo.uexp" 1565
"C:/Users/Alvar/Downloads/Level Design/NAlvarez_SchoolMap/LevelDesign/Content/AbandonedPowerPlant/Assets/Floor/Textures/T_Floor_01_Ground_Masks.ubulk" 1566
"C:/Users/Alvar/Downloads/Level Design/NAlvarez_SchoolMap/LevelDesign/Content/AbandonedPowerPlant/Assets/Floor/Textures/T_Floor_01_Ground_Masks.uasset" 1567
"C:/Users/Alvar/Downloads/Level Design/NAlvarez_SchoolMap/LevelDesign/Content/AbandonedPowerPlant/Assets/Floor/Textures/T_Floor_01_Ground_Masks.uexp" 1568
"C:/Users/Alvar/Downloads/Level Design/NAlvarez_SchoolMap/LevelDesign/Content/AbandonedPowerPlant/Assets/Floor/Textures/T_Floor_01_Ground_Normal.ubulk" 1569
"C:/Users/Alvar/Downloads/Level Design/NAlvarez_SchoolMap/LevelDesign/Content/AbandonedPowerPlant/Assets/Floor/Textures/T_Floor_01_Ground_Normal.uasset" 1570
"C:/Users/Alvar/Downloads/Level Design/NAlvarez_SchoolMap/LevelDesign/Content/AbandonedPowerPlant/Assets/Floor/Textures/T_Floor_01_Ground_Normal.uexp" 1571
"../../../Engine/Content/Functions/Engine_MaterialFunctions02/Texturing/CustomRotator.uasset" 1572
"../../../Engine/Content/Functions/Engine_MaterialFunctions02/Texturing/CustomRotator.uexp" 1573
"../../../Engine/Content/EngineResources/AICON-Green_Low.uasset" 1574
"../../../Engine/Content/EngineResources/AICON-Green_Low.uexp" 1575
"C:/Users/Alvar/Downloads/Level Design/NAlvarez_SchoolMap/LevelDesign/Content/AbandonedPowerPlant/Materials/M_MasterSurface.uasset" 1576
"C:/Users/Alvar/Downloads/Level Design/NAlvarez_SchoolMap/LevelDesign/Content/AbandonedPowerPlant/Materials/M_MasterSurface.uexp" 1577
"C:/Users/Alvar/Downloads/Level Design/NAlvarez_SchoolMap/LevelDesign/Content/AbandonedPowerPlant/Assets/Floor/MI_ConcreteFloor.uasset" 1578
"C:/Users/Alvar/Downloads/Level Design/NAlvarez_SchoolMap/LevelDesign/Content/AbandonedPowerPlant/Assets/Floor/MI_ConcreteFloor.uexp" 1579
"C:/Users/Alvar/Downloads/Level Design/NAlvarez_SchoolMap/LevelDesign/Content/_GENERATED/Alvar/CubeGridToolOutput_49D8170B.ubulk" 1580
"C:/Users/Alvar/Downloads/Level Design/NAlvarez_SchoolMap/LevelDesign/Content/_GENERATED/Alvar/CubeGridToolOutput_49D8170B.uasset" 1581
"C:/Users/Alvar/Downloads/Level Design/NAlvarez_SchoolMap/LevelDesign/Content/_GENERATED/Alvar/CubeGridToolOutput_49D8170B.uexp" 1582
"C:/Users/Alvar/Downloads/Level Design/NAlvarez_SchoolMap/LevelDesign/Content/_GENERATED/Alvar/CubeGridToolOutput_3DA75042.ubulk" 1583
"C:/Users/Alvar/Downloads/Level Design/NAlvarez_SchoolMap/LevelDesign/Content/_GENERATED/Alvar/CubeGridToolOutput_3DA75042.uasset" 1584
"C:/Users/Alvar/Downloads/Level Design/NAlvarez_SchoolMap/LevelDesign/Content/_GENERATED/Alvar/CubeGridToolOutput_3DA75042.uexp" 1585
"C:/Users/Alvar/Downloads/Level Design/NAlvarez_SchoolMap/LevelDesign/Content/_GENERATED/Alvar/CubeGridToolOutput_2C3DA810.ubulk" 1586
"C:/Users/Alvar/Downloads/Level Design/NAlvarez_SchoolMap/LevelDesign/Content/_GENERATED/Alvar/CubeGridToolOutput_2C3DA810.uasset" 1587
"C:/Users/Alvar/Downloads/Level Design/NAlvarez_SchoolMap/LevelDesign/Content/_GENERATED/Alvar/CubeGridToolOutput_2C3DA810.uexp" 1588
"C:/Users/Alvar/Downloads/Level Design/NAlvarez_SchoolMap/LevelDesign/Content/_GENERATED/Alvar/CubeGridToolOutput_2B233B55.ubulk" 1589
"C:/Users/Alvar/Downloads/Level Design/NAlvarez_SchoolMap/LevelDesign/Content/_GENERATED/Alvar/CubeGridToolOutput_2B233B55.uasset" 1590
"C:/Users/Alvar/Downloads/Level Design/NAlvarez_SchoolMap/LevelDesign/Content/_GENERATED/Alvar/CubeGridToolOutput_2B233B55.uexp" 1591
"C:/Users/Alvar/Downloads/Level Design/NAlvarez_SchoolMap/LevelDesign/Content/_GENERATED/Alvar/CubeGridToolOutput_28A611A0.ubulk" 1592
"C:/Users/Alvar/Downloads/Level Design/NAlvarez_SchoolMap/LevelDesign/Content/_GENERATED/Alvar/CubeGridToolOutput_28A611A0.uasset" 1593
"C:/Users/Alvar/Downloads/Level Design/NAlvarez_SchoolMap/LevelDesign/Content/_GENERATED/Alvar/CubeGridToolOutput_28A611A0.uexp" 1594
"C:/Users/Alvar/Downloads/Level Design/NAlvarez_SchoolMap/LevelDesign/Content/_GENERATED/Alvar/CubeGridToolOutput_0D445C5D.ubulk" 1595
"C:/Users/Alvar/Downloads/Level Design/NAlvarez_SchoolMap/LevelDesign/Content/_GENERATED/Alvar/CubeGridToolOutput_0D445C5D.uasset" 1596
"C:/Users/Alvar/Downloads/Level Design/NAlvarez_SchoolMap/LevelDesign/Content/_GENERATED/Alvar/CubeGridToolOutput_0D445C5D.uexp" 1597
"C:/Users/Alvar/Downloads/Level Design/NAlvarez_SchoolMap/LevelDesign/Content/_GENERATED/Alvar/Box_F0ED74AD.ubulk" 1598
"C:/Users/Alvar/Downloads/Level Design/NAlvarez_SchoolMap/LevelDesign/Content/_GENERATED/Alvar/Box_F0ED74AD.uasset" 1599
"C:/Users/Alvar/Downloads/Level Design/NAlvarez_SchoolMap/LevelDesign/Content/_GENERATED/Alvar/Box_F0ED74AD.uexp" 1600
"C:/Users/Alvar/Downloads/Level Design/NAlvarez_SchoolMap/LevelDesign/Content/_GENERATED/Alvar/Box_E7CAC6AB.ubulk" 1601
"C:/Users/Alvar/Downloads/Level Design/NAlvarez_SchoolMap/LevelDesign/Content/_GENERATED/Alvar/Box_E7CAC6AB.uasset" 1602
"C:/Users/Alvar/Downloads/Level Design/NAlvarez_SchoolMap/LevelDesign/Content/_GENERATED/Alvar/Box_E7CAC6AB.uexp" 1603
"../../../Engine/Content/Engine_MI_Shaders/T_Emissive.uasset" 1604
"../../../Engine/Content/Engine_MI_Shaders/T_Emissive.uexp" 1605
"../../../Engine/Content/Engine_MI_Shaders/T_Reflection.uasset" 1606
"../../../Engine/Content/Engine_MI_Shaders/T_Reflection.uexp" 1607
"../../../Engine/Content/Engine_MI_Shaders/M_Shader_SimpleTranslucent.uasset" 1608
"../../../Engine/Content/Engine_MI_Shaders/M_Shader_SimpleTranslucent.uexp" 1609
"../../../Engine/Content/Engine_MI_Shaders/Instances/M_Shader_SimpleTranslucent_Invis.uasset" 1610
"../../../Engine/Content/Engine_MI_Shaders/Instances/M_Shader_SimpleTranslucent_Invis.uexp" 1611
"C:/Users/Alvar/Downloads/Level Design/NAlvarez_SchoolMap/LevelDesign/Content/_GENERATED/Alvar/Box_E2478187.ubulk" 1612
"C:/Users/Alvar/Downloads/Level Design/NAlvarez_SchoolMap/LevelDesign/Content/_GENERATED/Alvar/Box_E2478187.uasset" 1613
"C:/Users/Alvar/Downloads/Level Design/NAlvarez_SchoolMap/LevelDesign/Content/_GENERATED/Alvar/Box_E2478187.uexp" 1614
"C:/Users/Alvar/Downloads/Level Design/NAlvarez_SchoolMap/LevelDesign/Content/_GENERATED/Alvar/Box_25A1A12D.ubulk" 1615
"C:/Users/Alvar/Downloads/Level Design/NAlvarez_SchoolMap/LevelDesign/Content/_GENERATED/Alvar/Box_25A1A12D.uasset" 1616
"C:/Users/Alvar/Downloads/Level Design/NAlvarez_SchoolMap/LevelDesign/Content/_GENERATED/Alvar/Box_25A1A12D.uexp" 1617
"C:/Users/Alvar/Downloads/Level Design/NAlvarez_SchoolMap/LevelDesign/Content/DekoClass/Textures/Unique/TX_Wall_Plaster_01b_RMA.ubulk" 1618
"C:/Users/Alvar/Downloads/Level Design/NAlvarez_SchoolMap/LevelDesign/Content/DekoClass/Textures/Unique/TX_Wall_Plaster_01b_RMA.uasset" 1619
"C:/Users/Alvar/Downloads/Level Design/NAlvarez_SchoolMap/LevelDesign/Content/DekoClass/Textures/Unique/TX_Wall_Plaster_01b_RMA.uexp" 1620
"C:/Users/Alvar/Downloads/Level Design/NAlvarez_SchoolMap/LevelDesign/Content/DekoClass/Textures/Unique/TX_Wall_Plaster_01b_NRM.ubulk" 1621
"C:/Users/Alvar/Downloads/Level Design/NAlvarez_SchoolMap/LevelDesign/Content/DekoClass/Textures/Unique/TX_Wall_Plaster_01b_NRM.uasset" 1622
"C:/Users/Alvar/Downloads/Level Design/NAlvarez_SchoolMap/LevelDesign/Content/DekoClass/Textures/Unique/TX_Wall_Plaster_01b_NRM.uexp" 1623
"C:/Users/Alvar/Downloads/Level Design/NAlvarez_SchoolMap/LevelDesign/Content/DekoClass/Textures/Unique/TX_Wall_Plaster_01b_ALB.ubulk" 1624
"C:/Users/Alvar/Downloads/Level Design/NAlvarez_SchoolMap/LevelDesign/Content/DekoClass/Textures/Unique/TX_Wall_Plaster_01b_ALB.uasset" 1625
"C:/Users/Alvar/Downloads/Level Design/NAlvarez_SchoolMap/LevelDesign/Content/DekoClass/Textures/Unique/TX_Wall_Plaster_01b_ALB.uexp" 1626
"C:/Users/Alvar/Downloads/Level Design/NAlvarez_SchoolMap/LevelDesign/Content/DekoClass/Materials/MI_Wall_Plaster_01b.uasset" 1627
"C:/Users/Alvar/Downloads/Level Design/NAlvarez_SchoolMap/LevelDesign/Content/DekoClass/Materials/MI_Wall_Plaster_01b.uexp" 1628
"C:/Users/Alvar/Downloads/Level Design/NAlvarez_SchoolMap/LevelDesign/Content/DekoClass/Meshes/SM_Wall_Pillar_01a.ubulk" 1629
"C:/Users/Alvar/Downloads/Level Design/NAlvarez_SchoolMap/LevelDesign/Content/DekoClass/Meshes/SM_Wall_Pillar_01a.uasset" 1630
"C:/Users/Alvar/Downloads/Level Design/NAlvarez_SchoolMap/LevelDesign/Content/DekoClass/Meshes/SM_Wall_Pillar_01a.uexp" 1631
"C:/Users/Alvar/Downloads/Level Design/NAlvarez_SchoolMap/LevelDesign/Content/DekoClass/Materials/MI_Wall_Periodic_Table_Poster_01a.uasset" 1632
"C:/Users/Alvar/Downloads/Level Design/NAlvarez_SchoolMap/LevelDesign/Content/DekoClass/Materials/MI_Wall_Periodic_Table_Poster_01a.uexp" 1633
"C:/Users/Alvar/Downloads/Level Design/NAlvarez_SchoolMap/LevelDesign/Content/DekoClass/Meshes/SM_Wall_Periodic_Table_Poster_01a.ubulk" 1634
"C:/Users/Alvar/Downloads/Level Design/NAlvarez_SchoolMap/LevelDesign/Content/DekoClass/Meshes/SM_Wall_Periodic_Table_Poster_01a.uasset" 1635
"C:/Users/Alvar/Downloads/Level Design/NAlvarez_SchoolMap/LevelDesign/Content/DekoClass/Meshes/SM_Wall_Periodic_Table_Poster_01a.uexp" 1636
"C:/Users/Alvar/Downloads/Level Design/NAlvarez_SchoolMap/LevelDesign/Content/DekoClass/Textures/Unique/TX_Wallposter_02a_RMA.ubulk" 1637
"C:/Users/Alvar/Downloads/Level Design/NAlvarez_SchoolMap/LevelDesign/Content/DekoClass/Textures/Unique/TX_Wallposter_02a_RMA.uasset" 1638
"C:/Users/Alvar/Downloads/Level Design/NAlvarez_SchoolMap/LevelDesign/Content/DekoClass/Textures/Unique/TX_Wallposter_02a_RMA.uexp" 1639
"C:/Users/Alvar/Downloads/Level Design/NAlvarez_SchoolMap/LevelDesign/Content/DekoClass/Textures/Unique/TX_Wallposter_02a_NRM.ubulk" 1640
"C:/Users/Alvar/Downloads/Level Design/NAlvarez_SchoolMap/LevelDesign/Content/DekoClass/Textures/Unique/TX_Wallposter_02a_NRM.uasset" 1641
"C:/Users/Alvar/Downloads/Level Design/NAlvarez_SchoolMap/LevelDesign/Content/DekoClass/Textures/Unique/TX_Wallposter_02a_NRM.uexp" 1642
"C:/Users/Alvar/Downloads/Level Design/NAlvarez_SchoolMap/LevelDesign/Content/DekoClass/Textures/Unique/TX_Wallposter_02a_ALB.ubulk" 1643
"C:/Users/Alvar/Downloads/Level Design/NAlvarez_SchoolMap/LevelDesign/Content/DekoClass/Textures/Unique/TX_Wallposter_02a_ALB.uasset" 1644
"C:/Users/Alvar/Downloads/Level Design/NAlvarez_SchoolMap/LevelDesign/Content/DekoClass/Textures/Unique/TX_Wallposter_02a_ALB.uexp" 1645
"C:/Users/Alvar/Downloads/Level Design/NAlvarez_SchoolMap/LevelDesign/Content/DekoClass/Materials/MI_Wall_Poster_01a.uasset" 1646
"C:/Users/Alvar/Downloads/Level Design/NAlvarez_SchoolMap/LevelDesign/Content/DekoClass/Materials/MI_Wall_Poster_01a.uexp" 1647
"C:/Users/Alvar/Downloads/Level Design/NAlvarez_SchoolMap/LevelDesign/Content/DekoClass/Meshes/SM_Wallposter_02a.ubulk" 1648
"C:/Users/Alvar/Downloads/Level Design/NAlvarez_SchoolMap/LevelDesign/Content/DekoClass/Meshes/SM_Wallposter_02a.uasset" 1649
"C:/Users/Alvar/Downloads/Level Design/NAlvarez_SchoolMap/LevelDesign/Content/DekoClass/Meshes/SM_Wallposter_02a.uexp" 1650
"C:/Users/Alvar/Downloads/Level Design/NAlvarez_SchoolMap/LevelDesign/Content/DekoClass/Textures/Unique/TX_Wallboard_02a_RMA.ubulk" 1651
"C:/Users/Alvar/Downloads/Level Design/NAlvarez_SchoolMap/LevelDesign/Content/DekoClass/Textures/Unique/TX_Wallboard_02a_RMA.uasset" 1652
"C:/Users/Alvar/Downloads/Level Design/NAlvarez_SchoolMap/LevelDesign/Content/DekoClass/Textures/Unique/TX_Wallboard_02a_RMA.uexp" 1653
"C:/Users/Alvar/Downloads/Level Design/NAlvarez_SchoolMap/LevelDesign/Content/DekoClass/Textures/Unique/TX_Wallboard_02a_NRM.ubulk" 1654
"C:/Users/Alvar/Downloads/Level Design/NAlvarez_SchoolMap/LevelDesign/Content/DekoClass/Textures/Unique/TX_Wallboard_02a_NRM.uasset" 1655
"C:/Users/Alvar/Downloads/Level Design/NAlvarez_SchoolMap/LevelDesign/Content/DekoClass/Textures/Unique/TX_Wallboard_02a_NRM.uexp" 1656
"C:/Users/Alvar/Downloads/Level Design/NAlvarez_SchoolMap/LevelDesign/Content/DekoClass/Textures/Unique/TX_Wallboard_02a_ALB.ubulk" 1657
"C:/Users/Alvar/Downloads/Level Design/NAlvarez_SchoolMap/LevelDesign/Content/DekoClass/Textures/Unique/TX_Wallboard_02a_ALB.uasset" 1658
"C:/Users/Alvar/Downloads/Level Design/NAlvarez_SchoolMap/LevelDesign/Content/DekoClass/Textures/Unique/TX_Wallboard_02a_ALB.uexp" 1659
"C:/Users/Alvar/Downloads/Level Design/NAlvarez_SchoolMap/LevelDesign/Content/DekoClass/Materials/MI_Wallboard_02a.uasset" 1660
"C:/Users/Alvar/Downloads/Level Design/NAlvarez_SchoolMap/LevelDesign/Content/DekoClass/Materials/MI_Wallboard_02a.uexp" 1661
"C:/Users/Alvar/Downloads/Level Design/NAlvarez_SchoolMap/LevelDesign/Content/DekoClass/Meshes/SM_Wallboard_02a.ubulk" 1662
"C:/Users/Alvar/Downloads/Level Design/NAlvarez_SchoolMap/LevelDesign/Content/DekoClass/Meshes/SM_Wallboard_02a.uasset" 1663
"C:/Users/Alvar/Downloads/Level Design/NAlvarez_SchoolMap/LevelDesign/Content/DekoClass/Meshes/SM_Wallboard_02a.uexp" 1664
"C:/Users/Alvar/Downloads/Level Design/NAlvarez_SchoolMap/LevelDesign/Content/DekoClass/Textures/Unique/TX_Wallboard_01a_RMA.ubulk" 1665
"C:/Users/Alvar/Downloads/Level Design/NAlvarez_SchoolMap/LevelDesign/Content/DekoClass/Textures/Unique/TX_Wallboard_01a_RMA.uasset" 1666
"C:/Users/Alvar/Downloads/Level Design/NAlvarez_SchoolMap/LevelDesign/Content/DekoClass/Textures/Unique/TX_Wallboard_01a_RMA.uexp" 1667
"C:/Users/Alvar/Downloads/Level Design/NAlvarez_SchoolMap/LevelDesign/Content/DekoClass/Textures/Unique/TX_Wallboard_01a_NRM.ubulk" 1668
"C:/Users/Alvar/Downloads/Level Design/NAlvarez_SchoolMap/LevelDesign/Content/DekoClass/Textures/Unique/TX_Wallboard_01a_NRM.uasset" 1669
"C:/Users/Alvar/Downloads/Level Design/NAlvarez_SchoolMap/LevelDesign/Content/DekoClass/Textures/Unique/TX_Wallboard_01a_NRM.uexp" 1670
"C:/Users/Alvar/Downloads/Level Design/NAlvarez_SchoolMap/LevelDesign/Content/DekoClass/Textures/Unique/TX_Wallboard_01a_ALB.ubulk" 1671
"C:/Users/Alvar/Downloads/Level Design/NAlvarez_SchoolMap/LevelDesign/Content/DekoClass/Textures/Unique/TX_Wallboard_01a_ALB.uasset" 1672
"C:/Users/Alvar/Downloads/Level Design/NAlvarez_SchoolMap/LevelDesign/Content/DekoClass/Textures/Unique/TX_Wallboard_01a_ALB.uexp" 1673
"C:/Users/Alvar/Downloads/Level Design/NAlvarez_SchoolMap/LevelDesign/Content/DekoClass/Materials/MI_Wallboard_01a.uasset" 1674
"C:/Users/Alvar/Downloads/Level Design/NAlvarez_SchoolMap/LevelDesign/Content/DekoClass/Materials/MI_Wallboard_01a.uexp" 1675
"C:/Users/Alvar/Downloads/Level Design/NAlvarez_SchoolMap/LevelDesign/Content/DekoClass/Meshes/SM_Wallboard_01a.ubulk" 1676
"C:/Users/Alvar/Downloads/Level Design/NAlvarez_SchoolMap/LevelDesign/Content/DekoClass/Meshes/SM_Wallboard_01a.uasset" 1677
"C:/Users/Alvar/Downloads/Level Design/NAlvarez_SchoolMap/LevelDesign/Content/DekoClass/Meshes/SM_Wallboard_01a.uexp" 1678
"C:/Users/Alvar/Downloads/Level Design/NAlvarez_SchoolMap/LevelDesign/Content/DekoClass/Textures/Unique/TX_Television_Set_01a_RMA.ubulk" 1679
"C:/Users/Alvar/Downloads/Level Design/NAlvarez_SchoolMap/LevelDesign/Content/DekoClass/Textures/Unique/TX_Television_Set_01a_RMA.uasset" 1680
"C:/Users/Alvar/Downloads/Level Design/NAlvarez_SchoolMap/LevelDesign/Content/DekoClass/Textures/Unique/TX_Television_Set_01a_RMA.uexp" 1681
"C:/Users/Alvar/Downloads/Level Design/NAlvarez_SchoolMap/LevelDesign/Content/DekoClass/Textures/Unique/TX_Television_Set_01a_N.ubulk" 1682
"C:/Users/Alvar/Downloads/Level Design/NAlvarez_SchoolMap/LevelDesign/Content/DekoClass/Textures/Unique/TX_Television_Set_01a_N.uasset" 1683
"C:/Users/Alvar/Downloads/Level Design/NAlvarez_SchoolMap/LevelDesign/Content/DekoClass/Textures/Unique/TX_Television_Set_01a_N.uexp" 1684
"C:/Users/Alvar/Downloads/Level Design/NAlvarez_SchoolMap/LevelDesign/Content/DekoClass/Textures/Unique/TX_Television_Set_01a_ALB.ubulk" 1685
"C:/Users/Alvar/Downloads/Level Design/NAlvarez_SchoolMap/LevelDesign/Content/DekoClass/Textures/Unique/TX_Television_Set_01a_ALB.uasset" 1686
"C:/Users/Alvar/Downloads/Level Design/NAlvarez_SchoolMap/LevelDesign/Content/DekoClass/Textures/Unique/TX_Television_Set_01a_ALB.uexp" 1687
"C:/Users/Alvar/Downloads/Level Design/NAlvarez_SchoolMap/LevelDesign/Content/DekoClass/Materials/MI_Television_Set_01a.uasset" 1688
"C:/Users/Alvar/Downloads/Level Design/NAlvarez_SchoolMap/LevelDesign/Content/DekoClass/Materials/MI_Television_Set_01a.uexp" 1689
"C:/Users/Alvar/Downloads/Level Design/NAlvarez_SchoolMap/LevelDesign/Content/DekoClass/Meshes/SM_Television_Set_01a.ubulk" 1690
"C:/Users/Alvar/Downloads/Level Design/NAlvarez_SchoolMap/LevelDesign/Content/DekoClass/Meshes/SM_Television_Set_01a.uasset" 1691
"C:/Users/Alvar/Downloads/Level Design/NAlvarez_SchoolMap/LevelDesign/Content/DekoClass/Meshes/SM_Television_Set_01a.uexp" 1692
"C:/Users/Alvar/Downloads/Level Design/NAlvarez_SchoolMap/LevelDesign/Content/DekoClass/Textures/Unique/TX_Teachers_Desk_01a_RMA.ubulk" 1693
"C:/Users/Alvar/Downloads/Level Design/NAlvarez_SchoolMap/LevelDesign/Content/DekoClass/Textures/Unique/TX_Teachers_Desk_01a_RMA.uasset" 1694
"C:/Users/Alvar/Downloads/Level Design/NAlvarez_SchoolMap/LevelDesign/Content/DekoClass/Textures/Unique/TX_Teachers_Desk_01a_RMA.uexp" 1695
"C:/Users/Alvar/Downloads/Level Design/NAlvarez_SchoolMap/LevelDesign/Content/DekoClass/Textures/Unique/TX_Teachers_Desk_01a_NRM.ubulk" 1696
"C:/Users/Alvar/Downloads/Level Design/NAlvarez_SchoolMap/LevelDesign/Content/DekoClass/Textures/Unique/TX_Teachers_Desk_01a_NRM.uasset" 1697
"C:/Users/Alvar/Downloads/Level Design/NAlvarez_SchoolMap/LevelDesign/Content/DekoClass/Textures/Unique/TX_Teachers_Desk_01a_NRM.uexp" 1698
"C:/Users/Alvar/Downloads/Level Design/NAlvarez_SchoolMap/LevelDesign/Content/DekoClass/Textures/Unique/TX_Teachers_Desk_01a_ALB.ubulk" 1699
"C:/Users/Alvar/Downloads/Level Design/NAlvarez_SchoolMap/LevelDesign/Content/DekoClass/Textures/Unique/TX_Teachers_Desk_01a_ALB.uasset" 1700
"C:/Users/Alvar/Downloads/Level Design/NAlvarez_SchoolMap/LevelDesign/Content/DekoClass/Textures/Unique/TX_Teachers_Desk_01a_ALB.uexp" 1701
"C:/Users/Alvar/Downloads/Level Design/NAlvarez_SchoolMap/LevelDesign/Content/DekoClass/Materials/MI_TeacherDesk_01a.uasset" 1702
"C:/Users/Alvar/Downloads/Level Design/NAlvarez_SchoolMap/LevelDesign/Content/DekoClass/Materials/MI_TeacherDesk_01a.uexp" 1703
"C:/Users/Alvar/Downloads/Level Design/NAlvarez_SchoolMap/LevelDesign/Content/DekoClass/Meshes/SM_Teachers_Desk_01a.ubulk" 1704
"C:/Users/Alvar/Downloads/Level Design/NAlvarez_SchoolMap/LevelDesign/Content/DekoClass/Meshes/SM_Teachers_Desk_01a.uasset" 1705
"C:/Users/Alvar/Downloads/Level Design/NAlvarez_SchoolMap/LevelDesign/Content/DekoClass/Meshes/SM_Teachers_Desk_01a.uexp" 1706
"C:/Users/Alvar/Downloads/Level Design/NAlvarez_SchoolMap/LevelDesign/Content/DekoClass/Textures/Unique/TX_Teacher_Chair_01a_RMA.ubulk" 1707
"C:/Users/Alvar/Downloads/Level Design/NAlvarez_SchoolMap/LevelDesign/Content/DekoClass/Textures/Unique/TX_Teacher_Chair_01a_RMA.uasset" 1708
"C:/Users/Alvar/Downloads/Level Design/NAlvarez_SchoolMap/LevelDesign/Content/DekoClass/Textures/Unique/TX_Teacher_Chair_01a_RMA.uexp" 1709
"C:/Users/Alvar/Downloads/Level Design/NAlvarez_SchoolMap/LevelDesign/Content/DekoClass/Textures/Unique/TX_Teacher_Chair_01a_NRM.ubulk" 1710
"C:/Users/Alvar/Downloads/Level Design/NAlvarez_SchoolMap/LevelDesign/Content/DekoClass/Textures/Unique/TX_Teacher_Chair_01a_NRM.uasset" 1711
"C:/Users/Alvar/Downloads/Level Design/NAlvarez_SchoolMap/LevelDesign/Content/DekoClass/Textures/Unique/TX_Teacher_Chair_01a_NRM.uexp" 1712
"C:/Users/Alvar/Downloads/Level Design/NAlvarez_SchoolMap/LevelDesign/Content/DekoClass/Textures/Unique/TX_Teacher_Chair_01a_ALB.ubulk" 1713
"C:/Users/Alvar/Downloads/Level Design/NAlvarez_SchoolMap/LevelDesign/Content/DekoClass/Textures/Unique/TX_Teacher_Chair_01a_ALB.uasset" 1714
"C:/Users/Alvar/Downloads/Level Design/NAlvarez_SchoolMap/LevelDesign/Content/DekoClass/Textures/Unique/TX_Teacher_Chair_01a_ALB.uexp" 1715
"C:/Users/Alvar/Downloads/Level Design/NAlvarez_SchoolMap/LevelDesign/Content/DekoClass/Materials/MI_TeacherChair_01a.uasset" 1716
"C:/Users/Alvar/Downloads/Level Design/NAlvarez_SchoolMap/LevelDesign/Content/DekoClass/Materials/MI_TeacherChair_01a.uexp" 1717
"C:/Users/Alvar/Downloads/Level Design/NAlvarez_SchoolMap/LevelDesign/Content/DekoClass/Meshes/SM_Teachers_Chair_01a.ubulk" 1718
"C:/Users/Alvar/Downloads/Level Design/NAlvarez_SchoolMap/LevelDesign/Content/DekoClass/Meshes/SM_Teachers_Chair_01a.uasset" 1719
"C:/Users/Alvar/Downloads/Level Design/NAlvarez_SchoolMap/LevelDesign/Content/DekoClass/Meshes/SM_Teachers_Chair_01a.uexp" 1720
"C:/Users/Alvar/Downloads/Level Design/NAlvarez_SchoolMap/LevelDesign/Content/DekoClass/Textures/Unique/TX_Student_Chair_01a_RMA.ubulk" 1721
"C:/Users/Alvar/Downloads/Level Design/NAlvarez_SchoolMap/LevelDesign/Content/DekoClass/Textures/Unique/TX_Student_Chair_01a_RMA.uasset" 1722
"C:/Users/Alvar/Downloads/Level Design/NAlvarez_SchoolMap/LevelDesign/Content/DekoClass/Textures/Unique/TX_Student_Chair_01a_RMA.uexp" 1723
"C:/Users/Alvar/Downloads/Level Design/NAlvarez_SchoolMap/LevelDesign/Content/DekoClass/Textures/Unique/TX_Student_Chair_01a_NRM.ubulk" 1724
"C:/Users/Alvar/Downloads/Level Design/NAlvarez_SchoolMap/LevelDesign/Content/DekoClass/Textures/Unique/TX_Student_Chair_01a_NRM.uasset" 1725
"C:/Users/Alvar/Downloads/Level Design/NAlvarez_SchoolMap/LevelDesign/Content/DekoClass/Textures/Unique/TX_Student_Chair_01a_NRM.uexp" 1726
"C:/Users/Alvar/Downloads/Level Design/NAlvarez_SchoolMap/LevelDesign/Content/DekoClass/Textures/Unique/TX_Student_Chair_01a_ALB.ubulk" 1727
"C:/Users/Alvar/Downloads/Level Design/NAlvarez_SchoolMap/LevelDesign/Content/DekoClass/Textures/Unique/TX_Student_Chair_01a_ALB.uasset" 1728
"C:/Users/Alvar/Downloads/Level Design/NAlvarez_SchoolMap/LevelDesign/Content/DekoClass/Textures/Unique/TX_Student_Chair_01a_ALB.uexp" 1729
"C:/Users/Alvar/Downloads/Level Design/NAlvarez_SchoolMap/LevelDesign/Content/DekoClass/Materials/MI_Student_Chair_01a.uasset" 1730
"C:/Users/Alvar/Downloads/Level Design/NAlvarez_SchoolMap/LevelDesign/Content/DekoClass/Materials/MI_Student_Chair_01a.uexp" 1731
"C:/Users/Alvar/Downloads/Level Design/NAlvarez_SchoolMap/LevelDesign/Content/DekoClass/Meshes/SM_Student_Chair_01a.ubulk" 1732
"C:/Users/Alvar/Downloads/Level Design/NAlvarez_SchoolMap/LevelDesign/Content/DekoClass/Meshes/SM_Student_Chair_01a.uasset" 1733
"C:/Users/Alvar/Downloads/Level Design/NAlvarez_SchoolMap/LevelDesign/Content/DekoClass/Meshes/SM_Student_Chair_01a.uexp" 1734
"C:/Users/Alvar/Downloads/Level Design/NAlvarez_SchoolMap/LevelDesign/Content/DekoClass/Textures/Unique/TX_Shelf_06a_RMA.ubulk" 1735
"C:/Users/Alvar/Downloads/Level Design/NAlvarez_SchoolMap/LevelDesign/Content/DekoClass/Textures/Unique/TX_Shelf_06a_RMA.uasset" 1736
"C:/Users/Alvar/Downloads/Level Design/NAlvarez_SchoolMap/LevelDesign/Content/DekoClass/Textures/Unique/TX_Shelf_06a_RMA.uexp" 1737
"C:/Users/Alvar/Downloads/Level Design/NAlvarez_SchoolMap/LevelDesign/Content/DekoClass/Textures/Unique/TX_Shelf_06a_NRM.ubulk" 1738
"C:/Users/Alvar/Downloads/Level Design/NAlvarez_SchoolMap/LevelDesign/Content/DekoClass/Textures/Unique/TX_Shelf_06a_NRM.uasset" 1739
"C:/Users/Alvar/Downloads/Level Design/NAlvarez_SchoolMap/LevelDesign/Content/DekoClass/Textures/Unique/TX_Shelf_06a_NRM.uexp" 1740
"C:/Users/Alvar/Downloads/Level Design/NAlvarez_SchoolMap/LevelDesign/Content/DekoClass/Textures/Unique/TX_Shelf_06a_ALB.ubulk" 1741
"C:/Users/Alvar/Downloads/Level Design/NAlvarez_SchoolMap/LevelDesign/Content/DekoClass/Textures/Unique/TX_Shelf_06a_ALB.uasset" 1742
"C:/Users/Alvar/Downloads/Level Design/NAlvarez_SchoolMap/LevelDesign/Content/DekoClass/Textures/Unique/TX_Shelf_06a_ALB.uexp" 1743
"C:/Users/Alvar/Downloads/Level Design/NAlvarez_SchoolMap/LevelDesign/Content/DekoClass/Materials/MI_Shelf_06a.uasset" 1744
"C:/Users/Alvar/Downloads/Level Design/NAlvarez_SchoolMap/LevelDesign/Content/DekoClass/Materials/MI_Shelf_06a.uexp" 1745
"C:/Users/Alvar/Downloads/Level Design/NAlvarez_SchoolMap/LevelDesign/Content/DekoClass/Meshes/SM_Shelf_06a.ubulk" 1746
"C:/Users/Alvar/Downloads/Level Design/NAlvarez_SchoolMap/LevelDesign/Content/DekoClass/Meshes/SM_Shelf_06a.uasset" 1747
"C:/Users/Alvar/Downloads/Level Design/NAlvarez_SchoolMap/LevelDesign/Content/DekoClass/Meshes/SM_Shelf_06a.uexp" 1748
"C:/Users/Alvar/Downloads/Level Design/NAlvarez_SchoolMap/LevelDesign/Content/DekoClass/Textures/Unique/TX_Shelf_04a_RMA.ubulk" 1749
"C:/Users/Alvar/Downloads/Level Design/NAlvarez_SchoolMap/LevelDesign/Content/DekoClass/Textures/Unique/TX_Shelf_04a_RMA.uasset" 1750
"C:/Users/Alvar/Downloads/Level Design/NAlvarez_SchoolMap/LevelDesign/Content/DekoClass/Textures/Unique/TX_Shelf_04a_RMA.uexp" 1751
"C:/Users/Alvar/Downloads/Level Design/NAlvarez_SchoolMap/LevelDesign/Content/DekoClass/Textures/Unique/TX_Shelf_04a_NRM.ubulk" 1752
"C:/Users/Alvar/Downloads/Level Design/NAlvarez_SchoolMap/LevelDesign/Content/DekoClass/Textures/Unique/TX_Shelf_04a_NRM.uasset" 1753
"C:/Users/Alvar/Downloads/Level Design/NAlvarez_SchoolMap/LevelDesign/Content/DekoClass/Textures/Unique/TX_Shelf_04a_NRM.uexp" 1754
"C:/Users/Alvar/Downloads/Level Design/NAlvarez_SchoolMap/LevelDesign/Content/DekoClass/Textures/Unique/TX_Shelf_04a_ALB.ubulk" 1755
"C:/Users/Alvar/Downloads/Level Design/NAlvarez_SchoolMap/LevelDesign/Content/DekoClass/Textures/Unique/TX_Shelf_04a_ALB.uasset" 1756
"C:/Users/Alvar/Downloads/Level Design/NAlvarez_SchoolMap/LevelDesign/Content/DekoClass/Textures/Unique/TX_Shelf_04a_ALB.uexp" 1757
"C:/Users/Alvar/Downloads/Level Design/NAlvarez_SchoolMap/LevelDesign/Content/DekoClass/Materials/MI_Shelf_04a.uasset" 1758
"C:/Users/Alvar/Downloads/Level Design/NAlvarez_SchoolMap/LevelDesign/Content/DekoClass/Materials/MI_Shelf_04a.uexp" 1759
"C:/Users/Alvar/Downloads/Level Design/NAlvarez_SchoolMap/LevelDesign/Content/DekoClass/Meshes/SM_Shelf_04a.ubulk" 1760
"C:/Users/Alvar/Downloads/Level Design/NAlvarez_SchoolMap/LevelDesign/Content/DekoClass/Meshes/SM_Shelf_04a.uasset" 1761
"C:/Users/Alvar/Downloads/Level Design/NAlvarez_SchoolMap/LevelDesign/Content/DekoClass/Meshes/SM_Shelf_04a.uexp" 1762
"C:/Users/Alvar/Downloads/Level Design/NAlvarez_SchoolMap/LevelDesign/Content/DekoClass/Textures/Unique/TX_School_Backpack_01a_RMA.ubulk" 1763
"C:/Users/Alvar/Downloads/Level Design/NAlvarez_SchoolMap/LevelDesign/Content/DekoClass/Textures/Unique/TX_School_Backpack_01a_RMA.uasset" 1764
"C:/Users/Alvar/Downloads/Level Design/NAlvarez_SchoolMap/LevelDesign/Content/DekoClass/Textures/Unique/TX_School_Backpack_01a_RMA.uexp" 1765
"C:/Users/Alvar/Downloads/Level Design/NAlvarez_SchoolMap/LevelDesign/Content/DekoClass/Textures/Unique/TX_School_Backpack_01a_NRM.ubulk" 1766
"C:/Users/Alvar/Downloads/Level Design/NAlvarez_SchoolMap/LevelDesign/Content/DekoClass/Textures/Unique/TX_School_Backpack_01a_NRM.uasset" 1767
"C:/Users/Alvar/Downloads/Level Design/NAlvarez_SchoolMap/LevelDesign/Content/DekoClass/Textures/Unique/TX_School_Backpack_01a_NRM.uexp" 1768
"C:/Users/Alvar/Downloads/Level Design/NAlvarez_SchoolMap/LevelDesign/Content/DekoClass/Textures/Unique/TX_School_Backpack_01a_ALB.ubulk" 1769
"C:/Users/Alvar/Downloads/Level Design/NAlvarez_SchoolMap/LevelDesign/Content/DekoClass/Textures/Unique/TX_School_Backpack_01a_ALB.uasset" 1770
"C:/Users/Alvar/Downloads/Level Design/NAlvarez_SchoolMap/LevelDesign/Content/DekoClass/Textures/Unique/TX_School_Backpack_01a_ALB.uexp" 1771
"C:/Users/Alvar/Downloads/Level Design/NAlvarez_SchoolMap/LevelDesign/Content/DekoClass/Materials/MI_School_Backpacks_01e.uasset" 1772
"C:/Users/Alvar/Downloads/Level Design/NAlvarez_SchoolMap/LevelDesign/Content/DekoClass/Materials/MI_School_Backpacks_01e.uexp" 1773
"C:/Users/Alvar/Downloads/Level Design/NAlvarez_SchoolMap/LevelDesign/Content/DekoClass/Meshes/SM_School_Backpack_01c.ubulk" 1774
"C:/Users/Alvar/Downloads/Level Design/NAlvarez_SchoolMap/LevelDesign/Content/DekoClass/Meshes/SM_School_Backpack_01c.uasset" 1775
"C:/Users/Alvar/Downloads/Level Design/NAlvarez_SchoolMap/LevelDesign/Content/DekoClass/Meshes/SM_School_Backpack_01c.uexp" 1776
"C:/Users/Alvar/Downloads/Level Design/NAlvarez_SchoolMap/LevelDesign/Content/DekoClass/Textures/Unique/TX_Plastic_Container_01a_RMA.ubulk" 1777
"C:/Users/Alvar/Downloads/Level Design/NAlvarez_SchoolMap/LevelDesign/Content/DekoClass/Textures/Unique/TX_Plastic_Container_01a_RMA.uasset" 1778
"C:/Users/Alvar/Downloads/Level Design/NAlvarez_SchoolMap/LevelDesign/Content/DekoClass/Textures/Unique/TX_Plastic_Container_01a_RMA.uexp" 1779
"C:/Users/Alvar/Downloads/Level Design/NAlvarez_SchoolMap/LevelDesign/Content/DekoClass/Textures/Unique/TX_Plastic_Container_01a_NRM.ubulk" 1780
"C:/Users/Alvar/Downloads/Level Design/NAlvarez_SchoolMap/LevelDesign/Content/DekoClass/Textures/Unique/TX_Plastic_Container_01a_NRM.uasset" 1781
"C:/Users/Alvar/Downloads/Level Design/NAlvarez_SchoolMap/LevelDesign/Content/DekoClass/Textures/Unique/TX_Plastic_Container_01a_NRM.uexp" 1782
"C:/Users/Alvar/Downloads/Level Design/NAlvarez_SchoolMap/LevelDesign/Content/DekoClass/Textures/Unique/TX_Plastic_Container_01a_ALB.ubulk" 1783
"C:/Users/Alvar/Downloads/Level Design/NAlvarez_SchoolMap/LevelDesign/Content/DekoClass/Textures/Unique/TX_Plastic_Container_01a_ALB.uasset" 1784
"C:/Users/Alvar/Downloads/Level Design/NAlvarez_SchoolMap/LevelDesign/Content/DekoClass/Textures/Unique/TX_Plastic_Container_01a_ALB.uexp" 1785
"C:/Users/Alvar/Downloads/Level Design/NAlvarez_SchoolMap/LevelDesign/Content/DekoClass/Materials/MI_Plastic_Container_01a.uasset" 1786
"C:/Users/Alvar/Downloads/Level Design/NAlvarez_SchoolMap/LevelDesign/Content/DekoClass/Materials/MI_Plastic_Container_01a.uexp" 1787
"C:/Users/Alvar/Downloads/Level Design/NAlvarez_SchoolMap/LevelDesign/Content/DekoClass/Materials/MI_School_Backpacks_01f.uasset" 1788
"C:/Users/Alvar/Downloads/Level Design/NAlvarez_SchoolMap/LevelDesign/Content/DekoClass/Materials/MI_School_Backpacks_01f.uexp" 1789
"C:/Users/Alvar/Downloads/Level Design/NAlvarez_SchoolMap/LevelDesign/Content/DekoClass/Meshes/SM_School_Backpack_01b.ubulk" 1790
"C:/Users/Alvar/Downloads/Level Design/NAlvarez_SchoolMap/LevelDesign/Content/DekoClass/Meshes/SM_School_Backpack_01b.uasset" 1791
"C:/Users/Alvar/Downloads/Level Design/NAlvarez_SchoolMap/LevelDesign/Content/DekoClass/Meshes/SM_School_Backpack_01b.uexp" 1792
"C:/Users/Alvar/Downloads/Level Design/NAlvarez_SchoolMap/LevelDesign/Content/DekoClass/Materials/MI_School_Backpacks_01a.uasset" 1793
"C:/Users/Alvar/Downloads/Level Design/NAlvarez_SchoolMap/LevelDesign/Content/DekoClass/Materials/MI_School_Backpacks_01a.uexp" 1794
"C:/Users/Alvar/Downloads/Level Design/NAlvarez_SchoolMap/LevelDesign/Content/DekoClass/Meshes/SM_School_Backpack_01a.ubulk" 1795
"C:/Users/Alvar/Downloads/Level Design/NAlvarez_SchoolMap/LevelDesign/Content/DekoClass/Meshes/SM_School_Backpack_01a.uasset" 1796
"C:/Users/Alvar/Downloads/Level Design/NAlvarez_SchoolMap/LevelDesign/Content/DekoClass/Meshes/SM_School_Backpack_01a.uexp" 1797
"C:/Users/Alvar/Downloads/Level Design/NAlvarez_SchoolMap/LevelDesign/Content/DekoClass/Textures/Unique/TX_Paper_Holder_01a_RMA.ubulk" 1798
"C:/Users/Alvar/Downloads/Level Design/NAlvarez_SchoolMap/LevelDesign/Content/DekoClass/Textures/Unique/TX_Paper_Holder_01a_RMA.uasset" 1799
"C:/Users/Alvar/Downloads/Level Design/NAlvarez_SchoolMap/LevelDesign/Content/DekoClass/Textures/Unique/TX_Paper_Holder_01a_RMA.uexp" 1800
"C:/Users/Alvar/Downloads/Level Design/NAlvarez_SchoolMap/LevelDesign/Content/DekoClass/Textures/Unique/TX_Paper_Holder_01a_NRM.ubulk" 1801
"C:/Users/Alvar/Downloads/Level Design/NAlvarez_SchoolMap/LevelDesign/Content/DekoClass/Textures/Unique/TX_Paper_Holder_01a_NRM.uasset" 1802
"C:/Users/Alvar/Downloads/Level Design/NAlvarez_SchoolMap/LevelDesign/Content/DekoClass/Textures/Unique/TX_Paper_Holder_01a_NRM.uexp" 1803
"C:/Users/Alvar/Downloads/Level Design/NAlvarez_SchoolMap/LevelDesign/Content/DekoClass/Textures/Unique/TX_Paper_Holder_01a_ALB.ubulk" 1804
"C:/Users/Alvar/Downloads/Level Design/NAlvarez_SchoolMap/LevelDesign/Content/DekoClass/Textures/Unique/TX_Paper_Holder_01a_ALB.uasset" 1805
"C:/Users/Alvar/Downloads/Level Design/NAlvarez_SchoolMap/LevelDesign/Content/DekoClass/Textures/Unique/TX_Paper_Holder_01a_ALB.uexp" 1806
"C:/Users/Alvar/Downloads/Level Design/NAlvarez_SchoolMap/LevelDesign/Content/DekoClass/Materials/MI_Paper_Holder_01a.uasset" 1807
"C:/Users/Alvar/Downloads/Level Design/NAlvarez_SchoolMap/LevelDesign/Content/DekoClass/Materials/MI_Paper_Holder_01a.uexp" 1808
"C:/Users/Alvar/Downloads/Level Design/NAlvarez_SchoolMap/LevelDesign/Content/DekoClass/Meshes/SM_Paper_Holder_01a.ubulk" 1809
"C:/Users/Alvar/Downloads/Level Design/NAlvarez_SchoolMap/LevelDesign/Content/DekoClass/Meshes/SM_Paper_Holder_01a.uasset" 1810
"C:/Users/Alvar/Downloads/Level Design/NAlvarez_SchoolMap/LevelDesign/Content/DekoClass/Meshes/SM_Paper_Holder_01a.uexp" 1811
"C:/Users/Alvar/Downloads/Level Design/NAlvarez_SchoolMap/LevelDesign/Content/DekoClass/Textures/Unique/TX_Newton_Toy_01a_RMA.ubulk" 1812
"C:/Users/Alvar/Downloads/Level Design/NAlvarez_SchoolMap/LevelDesign/Content/DekoClass/Textures/Unique/TX_Newton_Toy_01a_RMA.uasset" 1813
"C:/Users/Alvar/Downloads/Level Design/NAlvarez_SchoolMap/LevelDesign/Content/DekoClass/Textures/Unique/TX_Newton_Toy_01a_RMA.uexp" 1814
"C:/Users/Alvar/Downloads/Level Design/NAlvarez_SchoolMap/LevelDesign/Content/DekoClass/Textures/Unique/TX_Newton_Toy_01a_NRM.ubulk" 1815
"C:/Users/Alvar/Downloads/Level Design/NAlvarez_SchoolMap/LevelDesign/Content/DekoClass/Textures/Unique/TX_Newton_Toy_01a_NRM.uasset" 1816
"C:/Users/Alvar/Downloads/Level Design/NAlvarez_SchoolMap/LevelDesign/Content/DekoClass/Textures/Unique/TX_Newton_Toy_01a_NRM.uexp" 1817
"C:/Users/Alvar/Downloads/Level Design/NAlvarez_SchoolMap/LevelDesign/Content/DekoClass/Textures/Unique/TX_Newton_Toy_01a_ALB.ubulk" 1818
"C:/Users/Alvar/Downloads/Level Design/NAlvarez_SchoolMap/LevelDesign/Content/DekoClass/Textures/Unique/TX_Newton_Toy_01a_ALB.uasset" 1819
"C:/Users/Alvar/Downloads/Level Design/NAlvarez_SchoolMap/LevelDesign/Content/DekoClass/Textures/Unique/TX_Newton_Toy_01a_ALB.uexp" 1820
"C:/Users/Alvar/Downloads/Level Design/NAlvarez_SchoolMap/LevelDesign/Content/DekoClass/Materials/MI_Newton_Toy_01a.uasset" 1821
"C:/Users/Alvar/Downloads/Level Design/NAlvarez_SchoolMap/LevelDesign/Content/DekoClass/Materials/MI_Newton_Toy_01a.uexp" 1822
"C:/Users/Alvar/Downloads/Level Design/NAlvarez_SchoolMap/LevelDesign/Content/DekoClass/Meshes/SM_Newton_Toy_01a.ubulk" 1823
"C:/Users/Alvar/Downloads/Level Design/NAlvarez_SchoolMap/LevelDesign/Content/DekoClass/Meshes/SM_Newton_Toy_01a.uasset" 1824
"C:/Users/Alvar/Downloads/Level Design/NAlvarez_SchoolMap/LevelDesign/Content/DekoClass/Meshes/SM_Newton_Toy_01a.uexp" 1825
"C:/Users/Alvar/Downloads/Level Design/NAlvarez_SchoolMap/LevelDesign/Content/DekoClass/Textures/Unique/TX_Labset_01a_RMA.ubulk" 1826
"C:/Users/Alvar/Downloads/Level Design/NAlvarez_SchoolMap/LevelDesign/Content/DekoClass/Textures/Unique/TX_Labset_01a_RMA.uasset" 1827
"C:/Users/Alvar/Downloads/Level Design/NAlvarez_SchoolMap/LevelDesign/Content/DekoClass/Textures/Unique/TX_Labset_01a_RMA.uexp" 1828
"C:/Users/Alvar/Downloads/Level Design/NAlvarez_SchoolMap/LevelDesign/Content/DekoClass/Textures/Unique/TX_Labset_01a_NRM.ubulk" 1829
"C:/Users/Alvar/Downloads/Level Design/NAlvarez_SchoolMap/LevelDesign/Content/DekoClass/Textures/Unique/TX_Labset_01a_NRM.uasset" 1830
"C:/Users/Alvar/Downloads/Level Design/NAlvarez_SchoolMap/LevelDesign/Content/DekoClass/Textures/Unique/TX_Labset_01a_NRM.uexp" 1831
"C:/Users/Alvar/Downloads/Level Design/NAlvarez_SchoolMap/LevelDesign/Content/DekoClass/Textures/Unique/TX_Labset_01a_ALB.ubulk" 1832
"C:/Users/Alvar/Downloads/Level Design/NAlvarez_SchoolMap/LevelDesign/Content/DekoClass/Textures/Unique/TX_Labset_01a_ALB.uasset" 1833
"C:/Users/Alvar/Downloads/Level Design/NAlvarez_SchoolMap/LevelDesign/Content/DekoClass/Textures/Unique/TX_Labset_01a_ALB.uexp" 1834
"C:/Users/Alvar/Downloads/Level Design/NAlvarez_SchoolMap/LevelDesign/Content/DekoClass/Materials/MI_Labset_01a.uasset" 1835
"C:/Users/Alvar/Downloads/Level Design/NAlvarez_SchoolMap/LevelDesign/Content/DekoClass/Materials/MI_Labset_01a.uexp" 1836
"C:/Users/Alvar/Downloads/Level Design/NAlvarez_SchoolMap/LevelDesign/Content/DekoClass/Meshes/SM_Labset_01d.ubulk" 1837
"C:/Users/Alvar/Downloads/Level Design/NAlvarez_SchoolMap/LevelDesign/Content/DekoClass/Meshes/SM_Labset_01d.uasset" 1838
"C:/Users/Alvar/Downloads/Level Design/NAlvarez_SchoolMap/LevelDesign/Content/DekoClass/Meshes/SM_Labset_01d.uexp" 1839
"C:/Users/Alvar/Downloads/Level Design/NAlvarez_SchoolMap/LevelDesign/Content/DekoClass/Meshes/SM_Labset_01b.ubulk" 1840
"C:/Users/Alvar/Downloads/Level Design/NAlvarez_SchoolMap/LevelDesign/Content/DekoClass/Meshes/SM_Labset_01b.uasset" 1841
"C:/Users/Alvar/Downloads/Level Design/NAlvarez_SchoolMap/LevelDesign/Content/DekoClass/Meshes/SM_Labset_01b.uexp" 1842
"C:/Users/Alvar/Downloads/Level Design/NAlvarez_SchoolMap/LevelDesign/Content/DekoClass/Textures/Unique/TX_LabCoat_01a_RMA.ubulk" 1843
"C:/Users/Alvar/Downloads/Level Design/NAlvarez_SchoolMap/LevelDesign/Content/DekoClass/Textures/Unique/TX_LabCoat_01a_RMA.uasset" 1844
"C:/Users/Alvar/Downloads/Level Design/NAlvarez_SchoolMap/LevelDesign/Content/DekoClass/Textures/Unique/TX_LabCoat_01a_RMA.uexp" 1845
"C:/Users/Alvar/Downloads/Level Design/NAlvarez_SchoolMap/LevelDesign/Content/DekoClass/Textures/Unique/TX_LabCoat_01a_NRM.ubulk" 1846
"C:/Users/Alvar/Downloads/Level Design/NAlvarez_SchoolMap/LevelDesign/Content/DekoClass/Textures/Unique/TX_LabCoat_01a_NRM.uasset" 1847
"C:/Users/Alvar/Downloads/Level Design/NAlvarez_SchoolMap/LevelDesign/Content/DekoClass/Textures/Unique/TX_LabCoat_01a_NRM.uexp" 1848
"C:/Users/Alvar/Downloads/Level Design/NAlvarez_SchoolMap/LevelDesign/Content/DekoClass/Textures/Unique/TX_LabCoat_01a_ALB.ubulk" 1849
"C:/Users/Alvar/Downloads/Level Design/NAlvarez_SchoolMap/LevelDesign/Content/DekoClass/Textures/Unique/TX_LabCoat_01a_ALB.uasset" 1850
"C:/Users/Alvar/Downloads/Level Design/NAlvarez_SchoolMap/LevelDesign/Content/DekoClass/Textures/Unique/TX_LabCoat_01a_ALB.uexp" 1851
"C:/Users/Alvar/Downloads/Level Design/NAlvarez_SchoolMap/LevelDesign/Content/DekoClass/Materials/MI_Labcoat_01a.uasset" 1852
"C:/Users/Alvar/Downloads/Level Design/NAlvarez_SchoolMap/LevelDesign/Content/DekoClass/Materials/MI_Labcoat_01a.uexp" 1853
"C:/Users/Alvar/Downloads/Level Design/NAlvarez_SchoolMap/LevelDesign/Content/DekoClass/Meshes/SM_LabCoat_01b.ubulk" 1854
"C:/Users/Alvar/Downloads/Level Design/NAlvarez_SchoolMap/LevelDesign/Content/DekoClass/Meshes/SM_LabCoat_01b.uasset" 1855
"C:/Users/Alvar/Downloads/Level Design/NAlvarez_SchoolMap/LevelDesign/Content/DekoClass/Meshes/SM_LabCoat_01b.uexp" 1856
"C:/Users/Alvar/Downloads/Level Design/NAlvarez_SchoolMap/LevelDesign/Content/DekoClass/Textures/Unique/TX_Hanging_Letters_01a_RMA.ubulk" 1857
"C:/Users/Alvar/Downloads/Level Design/NAlvarez_SchoolMap/LevelDesign/Content/DekoClass/Textures/Unique/TX_Hanging_Letters_01a_RMA.uasset" 1858
"C:/Users/Alvar/Downloads/Level Design/NAlvarez_SchoolMap/LevelDesign/Content/DekoClass/Textures/Unique/TX_Hanging_Letters_01a_RMA.uexp" 1859
"C:/Users/Alvar/Downloads/Level Design/NAlvarez_SchoolMap/LevelDesign/Content/DekoClass/Textures/Unique/TX_Hanging_Letters_01a_NRM.ubulk" 1860
"C:/Users/Alvar/Downloads/Level Design/NAlvarez_SchoolMap/LevelDesign/Content/DekoClass/Textures/Unique/TX_Hanging_Letters_01a_NRM.uasset" 1861
"C:/Users/Alvar/Downloads/Level Design/NAlvarez_SchoolMap/LevelDesign/Content/DekoClass/Textures/Unique/TX_Hanging_Letters_01a_NRM.uexp" 1862
"C:/Users/Alvar/Downloads/Level Design/NAlvarez_SchoolMap/LevelDesign/Content/DekoClass/Textures/Unique/TX_Hanging_Letters_01a_ALB.ubulk" 1863
"C:/Users/Alvar/Downloads/Level Design/NAlvarez_SchoolMap/LevelDesign/Content/DekoClass/Textures/Unique/TX_Hanging_Letters_01a_ALB.uasset" 1864
"C:/Users/Alvar/Downloads/Level Design/NAlvarez_SchoolMap/LevelDesign/Content/DekoClass/Textures/Unique/TX_Hanging_Letters_01a_ALB.uexp" 1865
"C:/Users/Alvar/Downloads/Level Design/NAlvarez_SchoolMap/LevelDesign/Content/DekoClass/Materials/MI_Hanging_Letters_01a.uasset" 1866
"C:/Users/Alvar/Downloads/Level Design/NAlvarez_SchoolMap/LevelDesign/Content/DekoClass/Materials/MI_Hanging_Letters_01a.uexp" 1867
"C:/Users/Alvar/Downloads/Level Design/NAlvarez_SchoolMap/LevelDesign/Content/DekoClass/Meshes/SM_Hanging_Letters_01aScience.ubulk" 1868
"C:/Users/Alvar/Downloads/Level Design/NAlvarez_SchoolMap/LevelDesign/Content/DekoClass/Meshes/SM_Hanging_Letters_01aScience.uasset" 1869
"C:/Users/Alvar/Downloads/Level Design/NAlvarez_SchoolMap/LevelDesign/Content/DekoClass/Meshes/SM_Hanging_Letters_01aScience.uexp" 1870
"C:/Users/Alvar/Downloads/Level Design/NAlvarez_SchoolMap/LevelDesign/Content/DekoClass/Meshes/SM_Hanging_Letters_01aChem.ubulk" 1871
"C:/Users/Alvar/Downloads/Level Design/NAlvarez_SchoolMap/LevelDesign/Content/DekoClass/Meshes/SM_Hanging_Letters_01aChem.uasset" 1872
"C:/Users/Alvar/Downloads/Level Design/NAlvarez_SchoolMap/LevelDesign/Content/DekoClass/Meshes/SM_Hanging_Letters_01aChem.uexp" 1873
"C:/Users/Alvar/Downloads/Level Design/NAlvarez_SchoolMap/LevelDesign/Content/DekoClass/Meshes/SM_Hanging_Letters_01aBio.ubulk" 1874
"C:/Users/Alvar/Downloads/Level Design/NAlvarez_SchoolMap/LevelDesign/Content/DekoClass/Meshes/SM_Hanging_Letters_01aBio.uasset" 1875
"C:/Users/Alvar/Downloads/Level Design/NAlvarez_SchoolMap/LevelDesign/Content/DekoClass/Meshes/SM_Hanging_Letters_01aBio.uexp" 1876
"C:/Users/Alvar/Downloads/Level Design/NAlvarez_SchoolMap/LevelDesign/Content/DekoClass/Textures/Unique/TX_Frame_01a_RMA.ubulk" 1877
"C:/Users/Alvar/Downloads/Level Design/NAlvarez_SchoolMap/LevelDesign/Content/DekoClass/Textures/Unique/TX_Frame_01a_RMA.uasset" 1878
"C:/Users/Alvar/Downloads/Level Design/NAlvarez_SchoolMap/LevelDesign/Content/DekoClass/Textures/Unique/TX_Frame_01a_RMA.uexp" 1879
"C:/Users/Alvar/Downloads/Level Design/NAlvarez_SchoolMap/LevelDesign/Content/DekoClass/Textures/Unique/TX_Frame_01a_NRM.ubulk" 1880
"C:/Users/Alvar/Downloads/Level Design/NAlvarez_SchoolMap/LevelDesign/Content/DekoClass/Textures/Unique/TX_Frame_01a_NRM.uasset" 1881
"C:/Users/Alvar/Downloads/Level Design/NAlvarez_SchoolMap/LevelDesign/Content/DekoClass/Textures/Unique/TX_Frame_01a_NRM.uexp" 1882
"C:/Users/Alvar/Downloads/Level Design/NAlvarez_SchoolMap/LevelDesign/Content/DekoClass/Textures/Unique/TX_Frame_01a_ALB.ubulk" 1883
"C:/Users/Alvar/Downloads/Level Design/NAlvarez_SchoolMap/LevelDesign/Content/DekoClass/Textures/Unique/TX_Frame_01a_ALB.uasset" 1884
"C:/Users/Alvar/Downloads/Level Design/NAlvarez_SchoolMap/LevelDesign/Content/DekoClass/Textures/Unique/TX_Frame_01a_ALB.uexp" 1885
"C:/Users/Alvar/Downloads/Level Design/NAlvarez_SchoolMap/LevelDesign/Content/DekoClass/Materials/MI_Frame_01a.uasset" 1886
"C:/Users/Alvar/Downloads/Level Design/NAlvarez_SchoolMap/LevelDesign/Content/DekoClass/Materials/MI_Frame_01a.uexp" 1887
"C:/Users/Alvar/Downloads/Level Design/NAlvarez_SchoolMap/LevelDesign/Content/DekoClass/Textures/Unique/TX_Picture_01a_RMA.ubulk" 1888
"C:/Users/Alvar/Downloads/Level Design/NAlvarez_SchoolMap/LevelDesign/Content/DekoClass/Textures/Unique/TX_Picture_01a_RMA.uasset" 1889
"C:/Users/Alvar/Downloads/Level Design/NAlvarez_SchoolMap/LevelDesign/Content/DekoClass/Textures/Unique/TX_Picture_01a_RMA.uexp" 1890
"C:/Users/Alvar/Downloads/Level Design/NAlvarez_SchoolMap/LevelDesign/Content/DekoClass/Textures/Unique/TX_Picture_01a_ALB.ubulk" 1891
"C:/Users/Alvar/Downloads/Level Design/NAlvarez_SchoolMap/LevelDesign/Content/DekoClass/Textures/Unique/TX_Picture_01a_ALB.uasset" 1892
"C:/Users/Alvar/Downloads/Level Design/NAlvarez_SchoolMap/LevelDesign/Content/DekoClass/Textures/Unique/TX_Picture_01a_ALB.uexp" 1893
"C:/Users/Alvar/Downloads/Level Design/NAlvarez_SchoolMap/LevelDesign/Content/DekoClass/Materials/MI_Picture_01a.uasset" 1894
"C:/Users/Alvar/Downloads/Level Design/NAlvarez_SchoolMap/LevelDesign/Content/DekoClass/Materials/MI_Picture_01a.uexp" 1895
"C:/Users/Alvar/Downloads/Level Design/NAlvarez_SchoolMap/LevelDesign/Content/DekoClass/Meshes/SM_Frame_01a.ubulk" 1896
"C:/Users/Alvar/Downloads/Level Design/NAlvarez_SchoolMap/LevelDesign/Content/DekoClass/Meshes/SM_Frame_01a.uasset" 1897
"C:/Users/Alvar/Downloads/Level Design/NAlvarez_SchoolMap/LevelDesign/Content/DekoClass/Meshes/SM_Frame_01a.uexp" 1898
"C:/Users/Alvar/Downloads/Level Design/NAlvarez_SchoolMap/LevelDesign/Content/DekoClass/Textures/Unique/TX_Folder_Stack_01b_ALB.ubulk" 1899
"C:/Users/Alvar/Downloads/Level Design/NAlvarez_SchoolMap/LevelDesign/Content/DekoClass/Textures/Unique/TX_Folder_Stack_01b_ALB.uasset" 1900
"C:/Users/Alvar/Downloads/Level Design/NAlvarez_SchoolMap/LevelDesign/Content/DekoClass/Textures/Unique/TX_Folder_Stack_01b_ALB.uexp" 1901
"C:/Users/Alvar/Downloads/Level Design/NAlvarez_SchoolMap/LevelDesign/Content/DekoClass/Textures/Unique/TX_Folder_Stack_01a_RMA.ubulk" 1902
"C:/Users/Alvar/Downloads/Level Design/NAlvarez_SchoolMap/LevelDesign/Content/DekoClass/Textures/Unique/TX_Folder_Stack_01a_RMA.uasset" 1903
"C:/Users/Alvar/Downloads/Level Design/NAlvarez_SchoolMap/LevelDesign/Content/DekoClass/Textures/Unique/TX_Folder_Stack_01a_RMA.uexp" 1904
"C:/Users/Alvar/Downloads/Level Design/NAlvarez_SchoolMap/LevelDesign/Content/DekoClass/Textures/Unique/TX_Folder_Stack_01a_NRM.ubulk" 1905
"C:/Users/Alvar/Downloads/Level Design/NAlvarez_SchoolMap/LevelDesign/Content/DekoClass/Textures/Unique/TX_Folder_Stack_01a_NRM.uasset" 1906
"C:/Users/Alvar/Downloads/Level Design/NAlvarez_SchoolMap/LevelDesign/Content/DekoClass/Textures/Unique/TX_Folder_Stack_01a_NRM.uexp" 1907
"C:/Users/Alvar/Downloads/Level Design/NAlvarez_SchoolMap/LevelDesign/Content/DekoClass/Materials/MI_Folder_Stack_01b.uasset" 1908
"C:/Users/Alvar/Downloads/Level Design/NAlvarez_SchoolMap/LevelDesign/Content/DekoClass/Materials/MI_Folder_Stack_01b.uexp" 1909
"C:/Users/Alvar/Downloads/Level Design/NAlvarez_SchoolMap/LevelDesign/Content/DekoClass/Meshes/SM_Folder_Stack_01h.ubulk" 1910
"C:/Users/Alvar/Downloads/Level Design/NAlvarez_SchoolMap/LevelDesign/Content/DekoClass/Meshes/SM_Folder_Stack_01h.uasset" 1911
"C:/Users/Alvar/Downloads/Level Design/NAlvarez_SchoolMap/LevelDesign/Content/DekoClass/Meshes/SM_Folder_Stack_01h.uexp" 1912
"C:/Users/Alvar/Downloads/Level Design/NAlvarez_SchoolMap/LevelDesign/Content/DekoClass/Textures/Unique/TX_Folder_Stack_01a_ALB.ubulk" 1913
"C:/Users/Alvar/Downloads/Level Design/NAlvarez_SchoolMap/LevelDesign/Content/DekoClass/Textures/Unique/TX_Folder_Stack_01a_ALB.uasset" 1914
"C:/Users/Alvar/Downloads/Level Design/NAlvarez_SchoolMap/LevelDesign/Content/DekoClass/Textures/Unique/TX_Folder_Stack_01a_ALB.uexp" 1915
"C:/Users/Alvar/Downloads/Level Design/NAlvarez_SchoolMap/LevelDesign/Content/DekoClass/Materials/MI_Folder_Stack_01a.uasset" 1916
"C:/Users/Alvar/Downloads/Level Design/NAlvarez_SchoolMap/LevelDesign/Content/DekoClass/Materials/MI_Folder_Stack_01a.uexp" 1917
"C:/Users/Alvar/Downloads/Level Design/NAlvarez_SchoolMap/LevelDesign/Content/DekoClass/Meshes/SM_Folder_Stack_01g.ubulk" 1918
"C:/Users/Alvar/Downloads/Level Design/NAlvarez_SchoolMap/LevelDesign/Content/DekoClass/Meshes/SM_Folder_Stack_01g.uasset" 1919
"C:/Users/Alvar/Downloads/Level Design/NAlvarez_SchoolMap/LevelDesign/Content/DekoClass/Meshes/SM_Folder_Stack_01g.uexp" 1920
"C:/Users/Alvar/Downloads/Level Design/NAlvarez_SchoolMap/LevelDesign/Content/DekoClass/Textures/Unique/TX_Fluorescent_Light_01a_RMA.ubulk" 1921
"C:/Users/Alvar/Downloads/Level Design/NAlvarez_SchoolMap/LevelDesign/Content/DekoClass/Textures/Unique/TX_Fluorescent_Light_01a_RMA.uasset" 1922
"C:/Users/Alvar/Downloads/Level Design/NAlvarez_SchoolMap/LevelDesign/Content/DekoClass/Textures/Unique/TX_Fluorescent_Light_01a_RMA.uexp" 1923
"C:/Users/Alvar/Downloads/Level Design/NAlvarez_SchoolMap/LevelDesign/Content/DekoClass/Textures/Unique/TX_Fluorescent_Light_01a_NRM.ubulk" 1924
"C:/Users/Alvar/Downloads/Level Design/NAlvarez_SchoolMap/LevelDesign/Content/DekoClass/Textures/Unique/TX_Fluorescent_Light_01a_NRM.uasset" 1925
"C:/Users/Alvar/Downloads/Level Design/NAlvarez_SchoolMap/LevelDesign/Content/DekoClass/Textures/Unique/TX_Fluorescent_Light_01a_NRM.uexp" 1926
"C:/Users/Alvar/Downloads/Level Design/NAlvarez_SchoolMap/LevelDesign/Content/DekoClass/Textures/Unique/TX_Fluorescent_Light_01a_EMM.ubulk" 1927
"C:/Users/Alvar/Downloads/Level Design/NAlvarez_SchoolMap/LevelDesign/Content/DekoClass/Textures/Unique/TX_Fluorescent_Light_01a_EMM.uasset" 1928
"C:/Users/Alvar/Downloads/Level Design/NAlvarez_SchoolMap/LevelDesign/Content/DekoClass/Textures/Unique/TX_Fluorescent_Light_01a_EMM.uexp" 1929
"C:/Users/Alvar/Downloads/Level Design/NAlvarez_SchoolMap/LevelDesign/Content/DekoClass/Textures/Unique/TX_Fluorescent_Light_01a_ALB.ubulk" 1930
"C:/Users/Alvar/Downloads/Level Design/NAlvarez_SchoolMap/LevelDesign/Content/DekoClass/Textures/Unique/TX_Fluorescent_Light_01a_ALB.uasset" 1931
"C:/Users/Alvar/Downloads/Level Design/NAlvarez_SchoolMap/LevelDesign/Content/DekoClass/Textures/Unique/TX_Fluorescent_Light_01a_ALB.uexp" 1932
"C:/Users/Alvar/Downloads/Level Design/NAlvarez_SchoolMap/LevelDesign/Content/DekoClass/Materials/MI_Fluorescent_Light_01a.uasset" 1933
"C:/Users/Alvar/Downloads/Level Design/NAlvarez_SchoolMap/LevelDesign/Content/DekoClass/Materials/MI_Fluorescent_Light_01a.uexp" 1934
"C:/Users/Alvar/Downloads/Level Design/NAlvarez_SchoolMap/LevelDesign/Content/DekoClass/Meshes/SM_Fluorescent_Light_01a.ubulk" 1935
"C:/Users/Alvar/Downloads/Level Design/NAlvarez_SchoolMap/LevelDesign/Content/DekoClass/Meshes/SM_Fluorescent_Light_01a.uasset" 1936
"C:/Users/Alvar/Downloads/Level Design/NAlvarez_SchoolMap/LevelDesign/Content/DekoClass/Meshes/SM_Fluorescent_Light_01a.uexp" 1937
"C:/Users/Alvar/Downloads/Level Design/NAlvarez_SchoolMap/LevelDesign/Content/DekoClass/Textures/Unique/TX_SM_Fire_Safety_01a_RMA.ubulk" 1938
"C:/Users/Alvar/Downloads/Level Design/NAlvarez_SchoolMap/LevelDesign/Content/DekoClass/Textures/Unique/TX_SM_Fire_Safety_01a_RMA.uasset" 1939
"C:/Users/Alvar/Downloads/Level Design/NAlvarez_SchoolMap/LevelDesign/Content/DekoClass/Textures/Unique/TX_SM_Fire_Safety_01a_RMA.uexp" 1940
"C:/Users/Alvar/Downloads/Level Design/NAlvarez_SchoolMap/LevelDesign/Content/DekoClass/Textures/Unique/TX_SM_Fire_Safety_01a_NRM.ubulk" 1941
"C:/Users/Alvar/Downloads/Level Design/NAlvarez_SchoolMap/LevelDesign/Content/DekoClass/Textures/Unique/TX_SM_Fire_Safety_01a_NRM.uasset" 1942
"C:/Users/Alvar/Downloads/Level Design/NAlvarez_SchoolMap/LevelDesign/Content/DekoClass/Textures/Unique/TX_SM_Fire_Safety_01a_NRM.uexp" 1943
"C:/Users/Alvar/Downloads/Level Design/NAlvarez_SchoolMap/LevelDesign/Content/DekoClass/Textures/Unique/TX_SM_Fire_Safety_01a_ALB.ubulk" 1944
"C:/Users/Alvar/Downloads/Level Design/NAlvarez_SchoolMap/LevelDesign/Content/DekoClass/Textures/Unique/TX_SM_Fire_Safety_01a_ALB.uasset" 1945
"C:/Users/Alvar/Downloads/Level Design/NAlvarez_SchoolMap/LevelDesign/Content/DekoClass/Textures/Unique/TX_SM_Fire_Safety_01a_ALB.uexp" 1946
"C:/Users/Alvar/Downloads/Level Design/NAlvarez_SchoolMap/LevelDesign/Content/DekoClass/Materials/MI_Fire_Safety_01a.uasset" 1947
"C:/Users/Alvar/Downloads/Level Design/NAlvarez_SchoolMap/LevelDesign/Content/DekoClass/Materials/MI_Fire_Safety_01a.uexp" 1948
"C:/Users/Alvar/Downloads/Level Design/NAlvarez_SchoolMap/LevelDesign/Content/DekoClass/Meshes/SM_Fire_Safety_01f.ubulk" 1949
"C:/Users/Alvar/Downloads/Level Design/NAlvarez_SchoolMap/LevelDesign/Content/DekoClass/Meshes/SM_Fire_Safety_01f.uasset" 1950
"C:/Users/Alvar/Downloads/Level Design/NAlvarez_SchoolMap/LevelDesign/Content/DekoClass/Meshes/SM_Fire_Safety_01f.uexp" 1951
"C:/Users/Alvar/Downloads/Level Design/NAlvarez_SchoolMap/LevelDesign/Content/DekoClass/Meshes/SM_Fire_Safety_01e.ubulk" 1952
"C:/Users/Alvar/Downloads/Level Design/NAlvarez_SchoolMap/LevelDesign/Content/DekoClass/Meshes/SM_Fire_Safety_01e.uasset" 1953
"C:/Users/Alvar/Downloads/Level Design/NAlvarez_SchoolMap/LevelDesign/Content/DekoClass/Meshes/SM_Fire_Safety_01e.uexp" 1954
"C:/Users/Alvar/Downloads/Level Design/NAlvarez_SchoolMap/LevelDesign/Content/DekoClass/Textures/Unique/TX_Extinguisher_01a_RMA.ubulk" 1955
"C:/Users/Alvar/Downloads/Level Design/NAlvarez_SchoolMap/LevelDesign/Content/DekoClass/Textures/Unique/TX_Extinguisher_01a_RMA.uasset" 1956
"C:/Users/Alvar/Downloads/Level Design/NAlvarez_SchoolMap/LevelDesign/Content/DekoClass/Textures/Unique/TX_Extinguisher_01a_RMA.uexp" 1957
"C:/Users/Alvar/Downloads/Level Design/NAlvarez_SchoolMap/LevelDesign/Content/DekoClass/Textures/Unique/TX_Extinguisher_01a_NRM.ubulk" 1958
"C:/Users/Alvar/Downloads/Level Design/NAlvarez_SchoolMap/LevelDesign/Content/DekoClass/Textures/Unique/TX_Extinguisher_01a_NRM.uasset" 1959
"C:/Users/Alvar/Downloads/Level Design/NAlvarez_SchoolMap/LevelDesign/Content/DekoClass/Textures/Unique/TX_Extinguisher_01a_NRM.uexp" 1960
"C:/Users/Alvar/Downloads/Level Design/NAlvarez_SchoolMap/LevelDesign/Content/DekoClass/Textures/Unique/TX_Extinguisher_01a_ALB.ubulk" 1961
"C:/Users/Alvar/Downloads/Level Design/NAlvarez_SchoolMap/LevelDesign/Content/DekoClass/Textures/Unique/TX_Extinguisher_01a_ALB.uasset" 1962
"C:/Users/Alvar/Downloads/Level Design/NAlvarez_SchoolMap/LevelDesign/Content/DekoClass/Textures/Unique/TX_Extinguisher_01a_ALB.uexp" 1963
"C:/Users/Alvar/Downloads/Level Design/NAlvarez_SchoolMap/LevelDesign/Content/DekoClass/Materials/MI_Fire_Extinguisher_01a.uasset" 1964
"C:/Users/Alvar/Downloads/Level Design/NAlvarez_SchoolMap/LevelDesign/Content/DekoClass/Materials/MI_Fire_Extinguisher_01a.uexp" 1965
"C:/Users/Alvar/Downloads/Level Design/NAlvarez_SchoolMap/LevelDesign/Content/DekoClass/Meshes/SM_Fire_Extinguisher_01a.ubulk" 1966
"C:/Users/Alvar/Downloads/Level Design/NAlvarez_SchoolMap/LevelDesign/Content/DekoClass/Meshes/SM_Fire_Extinguisher_01a.uasset" 1967
"C:/Users/Alvar/Downloads/Level Design/NAlvarez_SchoolMap/LevelDesign/Content/DekoClass/Meshes/SM_Fire_Extinguisher_01a.uexp" 1968
"C:/Users/Alvar/Downloads/Level Design/NAlvarez_SchoolMap/LevelDesign/Content/DekoClass/Textures/Unique/TX_Filing_Cabinet_01a_RMA.ubulk" 1969
"C:/Users/Alvar/Downloads/Level Design/NAlvarez_SchoolMap/LevelDesign/Content/DekoClass/Textures/Unique/TX_Filing_Cabinet_01a_RMA.uasset" 1970
"C:/Users/Alvar/Downloads/Level Design/NAlvarez_SchoolMap/LevelDesign/Content/DekoClass/Textures/Unique/TX_Filing_Cabinet_01a_RMA.uexp" 1971
"C:/Users/Alvar/Downloads/Level Design/NAlvarez_SchoolMap/LevelDesign/Content/DekoClass/Textures/Unique/TX_Filing_Cabinet_01a_NRM.ubulk" 1972
"C:/Users/Alvar/Downloads/Level Design/NAlvarez_SchoolMap/LevelDesign/Content/DekoClass/Textures/Unique/TX_Filing_Cabinet_01a_NRM.uasset" 1973
"C:/Users/Alvar/Downloads/Level Design/NAlvarez_SchoolMap/LevelDesign/Content/DekoClass/Textures/Unique/TX_Filing_Cabinet_01a_NRM.uexp" 1974
"C:/Users/Alvar/Downloads/Level Design/NAlvarez_SchoolMap/LevelDesign/Content/DekoClass/Textures/Unique/TX_Filing_Cabinet_01a_ALB.ubulk" 1975
"C:/Users/Alvar/Downloads/Level Design/NAlvarez_SchoolMap/LevelDesign/Content/DekoClass/Textures/Unique/TX_Filing_Cabinet_01a_ALB.uasset" 1976
"C:/Users/Alvar/Downloads/Level Design/NAlvarez_SchoolMap/LevelDesign/Content/DekoClass/Textures/Unique/TX_Filing_Cabinet_01a_ALB.uexp" 1977
"C:/Users/Alvar/Downloads/Level Design/NAlvarez_SchoolMap/LevelDesign/Content/DekoClass/Materials/MI_Filing_Cabinet_01a.uasset" 1978
"C:/Users/Alvar/Downloads/Level Design/NAlvarez_SchoolMap/LevelDesign/Content/DekoClass/Materials/MI_Filing_Cabinet_01a.uexp" 1979
"C:/Users/Alvar/Downloads/Level Design/NAlvarez_SchoolMap/LevelDesign/Content/DekoClass/Meshes/SM_Filing_Cabinet_02a.ubulk" 1980
"C:/Users/Alvar/Downloads/Level Design/NAlvarez_SchoolMap/LevelDesign/Content/DekoClass/Meshes/SM_Filing_Cabinet_02a.uasset" 1981
"C:/Users/Alvar/Downloads/Level Design/NAlvarez_SchoolMap/LevelDesign/Content/DekoClass/Meshes/SM_Filing_Cabinet_02a.uexp" 1982
"C:/Users/Alvar/Downloads/Level Design/NAlvarez_SchoolMap/LevelDesign/Content/DekoClass/Textures/Unique/TX_Filing_Cabinet_Labels_01a_RMA.ubulk" 1983
"C:/Users/Alvar/Downloads/Level Design/NAlvarez_SchoolMap/LevelDesign/Content/DekoClass/Textures/Unique/TX_Filing_Cabinet_Labels_01a_RMA.uasset" 1984
"C:/Users/Alvar/Downloads/Level Design/NAlvarez_SchoolMap/LevelDesign/Content/DekoClass/Textures/Unique/TX_Filing_Cabinet_Labels_01a_RMA.uexp" 1985
"C:/Users/Alvar/Downloads/Level Design/NAlvarez_SchoolMap/LevelDesign/Content/DekoClass/Textures/Unique/TX_Filing_Cabinet_Labels_01a_NRM.ubulk" 1986
"C:/Users/Alvar/Downloads/Level Design/NAlvarez_SchoolMap/LevelDesign/Content/DekoClass/Textures/Unique/TX_Filing_Cabinet_Labels_01a_NRM.uasset" 1987
"C:/Users/Alvar/Downloads/Level Design/NAlvarez_SchoolMap/LevelDesign/Content/DekoClass/Textures/Unique/TX_Filing_Cabinet_Labels_01a_NRM.uexp" 1988
"C:/Users/Alvar/Downloads/Level Design/NAlvarez_SchoolMap/LevelDesign/Content/DekoClass/Textures/Unique/TX_Filing_Cabinet_Labels_01a_ALB.ubulk" 1989
"C:/Users/Alvar/Downloads/Level Design/NAlvarez_SchoolMap/LevelDesign/Content/DekoClass/Textures/Unique/TX_Filing_Cabinet_Labels_01a_ALB.uasset" 1990
"C:/Users/Alvar/Downloads/Level Design/NAlvarez_SchoolMap/LevelDesign/Content/DekoClass/Textures/Unique/TX_Filing_Cabinet_Labels_01a_ALB.uexp" 1991
"C:/Users/Alvar/Downloads/Level Design/NAlvarez_SchoolMap/LevelDesign/Content/DekoClass/Materials/MI_Filing_Cabinet_Labels_01a.uasset" 1992
"C:/Users/Alvar/Downloads/Level Design/NAlvarez_SchoolMap/LevelDesign/Content/DekoClass/Materials/MI_Filing_Cabinet_Labels_01a.uexp" 1993
"C:/Users/Alvar/Downloads/Level Design/NAlvarez_SchoolMap/LevelDesign/Content/DekoClass/Meshes/SM_Drawer_Label_01m.ubulk" 1994
"C:/Users/Alvar/Downloads/Level Design/NAlvarez_SchoolMap/LevelDesign/Content/DekoClass/Meshes/SM_Drawer_Label_01m.uasset" 1995
"C:/Users/Alvar/Downloads/Level Design/NAlvarez_SchoolMap/LevelDesign/Content/DekoClass/Meshes/SM_Drawer_Label_01m.uexp" 1996
"C:/Users/Alvar/Downloads/Level Design/NAlvarez_SchoolMap/LevelDesign/Content/DekoClass/Meshes/SM_Drawer_Label_01j.ubulk" 1997
"C:/Users/Alvar/Downloads/Level Design/NAlvarez_SchoolMap/LevelDesign/Content/DekoClass/Meshes/SM_Drawer_Label_01j.uasset" 1998
"C:/Users/Alvar/Downloads/Level Design/NAlvarez_SchoolMap/LevelDesign/Content/DekoClass/Meshes/SM_Drawer_Label_01j.uexp" 1999
"../../../Engine/Content/MapTemplates/Sky/Desert_Outer_HDR.uasset" 2000
"../../../Engine/Content/MapTemplates/Sky/Desert_Outer_HDR.uexp" 2001
"../../../Engine/Content/Functions/MaterialLayerFunctions/MatLayerBlend_Standard.uasset" 2002
"../../../Engine/Content/Functions/MaterialLayerFunctions/MatLayerBlend_Standard.uexp" 2003
"C:/Users/Alvar/Downloads/Level Design/NAlvarez_SchoolMap/LevelDesign/Content/DekoClass/Textures/Utility/TX_Microdetail_M.ubulk" 2004
"C:/Users/Alvar/Downloads/Level Design/NAlvarez_SchoolMap/LevelDesign/Content/DekoClass/Textures/Utility/TX_Microdetail_M.uasset" 2005
"C:/Users/Alvar/Downloads/Level Design/NAlvarez_SchoolMap/LevelDesign/Content/DekoClass/Textures/Utility/TX_Microdetail_M.uexp" 2006
"C:/Users/Alvar/Downloads/Level Design/NAlvarez_SchoolMap/LevelDesign/Content/DekoClass/Textures/Utility/TX_Glass_01a_M.ubulk" 2007
"C:/Users/Alvar/Downloads/Level Design/NAlvarez_SchoolMap/LevelDesign/Content/DekoClass/Textures/Utility/TX_Glass_01a_M.uasset" 2008
"C:/Users/Alvar/Downloads/Level Design/NAlvarez_SchoolMap/LevelDesign/Content/DekoClass/Textures/Utility/TX_Glass_01a_M.uexp" 2009
"C:/Users/Alvar/Downloads/Level Design/NAlvarez_SchoolMap/LevelDesign/Content/DekoClass/Materials/MM_Glass_01a.uasset" 2010
"C:/Users/Alvar/Downloads/Level Design/NAlvarez_SchoolMap/LevelDesign/Content/DekoClass/Materials/MM_Glass_01a.uexp" 2011
"C:/Users/Alvar/Downloads/Level Design/NAlvarez_SchoolMap/LevelDesign/Content/DekoClass/Materials/MI_Glass_01a.uasset" 2012
"C:/Users/Alvar/Downloads/Level Design/NAlvarez_SchoolMap/LevelDesign/Content/DekoClass/Materials/MI_Glass_01a.uexp" 2013
"C:/Users/Alvar/Downloads/Level Design/NAlvarez_SchoolMap/LevelDesign/Content/DekoClass/Meshes/SM_Door_01d.ubulk" 2014
"C:/Users/Alvar/Downloads/Level Design/NAlvarez_SchoolMap/LevelDesign/Content/DekoClass/Meshes/SM_Door_01d.uasset" 2015
"C:/Users/Alvar/Downloads/Level Design/NAlvarez_SchoolMap/LevelDesign/Content/DekoClass/Meshes/SM_Door_01d.uexp" 2016
"C:/Users/Alvar/Downloads/Level Design/NAlvarez_SchoolMap/LevelDesign/Content/DekoClass/Meshes/SM_Door_01b.ubulk" 2017
"C:/Users/Alvar/Downloads/Level Design/NAlvarez_SchoolMap/LevelDesign/Content/DekoClass/Meshes/SM_Door_01b.uasset" 2018
"C:/Users/Alvar/Downloads/Level Design/NAlvarez_SchoolMap/LevelDesign/Content/DekoClass/Meshes/SM_Door_01b.uexp" 2019
"C:/Users/Alvar/Downloads/Level Design/NAlvarez_SchoolMap/LevelDesign/Content/DekoClass/Meshes/SM_Door_01a.ubulk" 2020
"C:/Users/Alvar/Downloads/Level Design/NAlvarez_SchoolMap/LevelDesign/Content/DekoClass/Meshes/SM_Door_01a.uasset" 2021
"C:/Users/Alvar/Downloads/Level Design/NAlvarez_SchoolMap/LevelDesign/Content/DekoClass/Meshes/SM_Door_01a.uexp" 2022
"C:/Users/Alvar/Downloads/Level Design/NAlvarez_SchoolMap/LevelDesign/Content/DekoClass/Textures/Unique/TX_Desk_Lamp_01a_RMA.ubulk" 2023
"C:/Users/Alvar/Downloads/Level Design/NAlvarez_SchoolMap/LevelDesign/Content/DekoClass/Textures/Unique/TX_Desk_Lamp_01a_RMA.uasset" 2024
"C:/Users/Alvar/Downloads/Level Design/NAlvarez_SchoolMap/LevelDesign/Content/DekoClass/Textures/Unique/TX_Desk_Lamp_01a_RMA.uexp" 2025
"C:/Users/Alvar/Downloads/Level Design/NAlvarez_SchoolMap/LevelDesign/Content/DekoClass/Textures/Unique/TX_Desk_Lamp_01a_NRM.ubulk" 2026
"C:/Users/Alvar/Downloads/Level Design/NAlvarez_SchoolMap/LevelDesign/Content/DekoClass/Textures/Unique/TX_Desk_Lamp_01a_NRM.uasset" 2027
"C:/Users/Alvar/Downloads/Level Design/NAlvarez_SchoolMap/LevelDesign/Content/DekoClass/Textures/Unique/TX_Desk_Lamp_01a_NRM.uexp" 2028
"C:/Users/Alvar/Downloads/Level Design/NAlvarez_SchoolMap/LevelDesign/Content/DekoClass/Textures/Unique/TX_Desk_Lamp_01a_EMM.ubulk" 2029
"C:/Users/Alvar/Downloads/Level Design/NAlvarez_SchoolMap/LevelDesign/Content/DekoClass/Textures/Unique/TX_Desk_Lamp_01a_EMM.uasset" 2030
"C:/Users/Alvar/Downloads/Level Design/NAlvarez_SchoolMap/LevelDesign/Content/DekoClass/Textures/Unique/TX_Desk_Lamp_01a_EMM.uexp" 2031
"C:/Users/Alvar/Downloads/Level Design/NAlvarez_SchoolMap/LevelDesign/Content/DekoClass/Textures/Unique/TX_Desk_Lamp_01a_ALB.ubulk" 2032
"C:/Users/Alvar/Downloads/Level Design/NAlvarez_SchoolMap/LevelDesign/Content/DekoClass/Textures/Unique/TX_Desk_Lamp_01a_ALB.uasset" 2033
"C:/Users/Alvar/Downloads/Level Design/NAlvarez_SchoolMap/LevelDesign/Content/DekoClass/Textures/Unique/TX_Desk_Lamp_01a_ALB.uexp" 2034
"C:/Users/Alvar/Downloads/Level Design/NAlvarez_SchoolMap/LevelDesign/Content/DekoClass/Materials/MI_Desk_Lamp_01a.uasset" 2035
"C:/Users/Alvar/Downloads/Level Design/NAlvarez_SchoolMap/LevelDesign/Content/DekoClass/Materials/MI_Desk_Lamp_01a.uexp" 2036
"C:/Users/Alvar/Downloads/Level Design/NAlvarez_SchoolMap/LevelDesign/Content/DekoClass/Meshes/SM_Desk_Lamp_01a.ubulk" 2037
"C:/Users/Alvar/Downloads/Level Design/NAlvarez_SchoolMap/LevelDesign/Content/DekoClass/Meshes/SM_Desk_Lamp_01a.uasset" 2038
"C:/Users/Alvar/Downloads/Level Design/NAlvarez_SchoolMap/LevelDesign/Content/DekoClass/Meshes/SM_Desk_Lamp_01a.uexp" 2039
"C:/Users/Alvar/Downloads/Level Design/NAlvarez_SchoolMap/LevelDesign/Content/DekoClass/Textures/Unique/TX_Desk_04a_RMA.ubulk" 2040
"C:/Users/Alvar/Downloads/Level Design/NAlvarez_SchoolMap/LevelDesign/Content/DekoClass/Textures/Unique/TX_Desk_04a_RMA.uasset" 2041
"C:/Users/Alvar/Downloads/Level Design/NAlvarez_SchoolMap/LevelDesign/Content/DekoClass/Textures/Unique/TX_Desk_04a_RMA.uexp" 2042
"C:/Users/Alvar/Downloads/Level Design/NAlvarez_SchoolMap/LevelDesign/Content/DekoClass/Textures/Unique/TX_Desk_04a_NRM.ubulk" 2043
"C:/Users/Alvar/Downloads/Level Design/NAlvarez_SchoolMap/LevelDesign/Content/DekoClass/Textures/Unique/TX_Desk_04a_NRM.uasset" 2044
"C:/Users/Alvar/Downloads/Level Design/NAlvarez_SchoolMap/LevelDesign/Content/DekoClass/Textures/Unique/TX_Desk_04a_NRM.uexp" 2045
"C:/Users/Alvar/Downloads/Level Design/NAlvarez_SchoolMap/LevelDesign/Content/DekoClass/Textures/Unique/TX_Desk_04a_ALB.ubulk" 2046
"C:/Users/Alvar/Downloads/Level Design/NAlvarez_SchoolMap/LevelDesign/Content/DekoClass/Textures/Unique/TX_Desk_04a_ALB.uasset" 2047
"C:/Users/Alvar/Downloads/Level Design/NAlvarez_SchoolMap/LevelDesign/Content/DekoClass/Textures/Unique/TX_Desk_04a_ALB.uexp" 2048
"C:/Users/Alvar/Downloads/Level Design/NAlvarez_SchoolMap/LevelDesign/Content/DekoClass/Materials/MI_Desk_04a.uasset" 2049
"C:/Users/Alvar/Downloads/Level Design/NAlvarez_SchoolMap/LevelDesign/Content/DekoClass/Materials/MI_Desk_04a.uexp" 2050
"C:/Users/Alvar/Downloads/Level Design/NAlvarez_SchoolMap/LevelDesign/Content/DekoClass/Meshes/SM_Desk_04a.ubulk" 2051
"C:/Users/Alvar/Downloads/Level Design/NAlvarez_SchoolMap/LevelDesign/Content/DekoClass/Meshes/SM_Desk_04a.uasset" 2052
"C:/Users/Alvar/Downloads/Level Design/NAlvarez_SchoolMap/LevelDesign/Content/DekoClass/Meshes/SM_Desk_04a.uexp" 2053
"C:/Users/Alvar/Downloads/Level Design/NAlvarez_SchoolMap/LevelDesign/Content/DekoClass/Textures/Unique/TX_Name_Plate_01a_RMA.ubulk" 2054
"C:/Users/Alvar/Downloads/Level Design/NAlvarez_SchoolMap/LevelDesign/Content/DekoClass/Textures/Unique/TX_Name_Plate_01a_RMA.uasset" 2055
"C:/Users/Alvar/Downloads/Level Design/NAlvarez_SchoolMap/LevelDesign/Content/DekoClass/Textures/Unique/TX_Name_Plate_01a_RMA.uexp" 2056
"C:/Users/Alvar/Downloads/Level Design/NAlvarez_SchoolMap/LevelDesign/Content/DekoClass/Textures/Unique/TX_Name_Plate_01a_NRM.ubulk" 2057
"C:/Users/Alvar/Downloads/Level Design/NAlvarez_SchoolMap/LevelDesign/Content/DekoClass/Textures/Unique/TX_Name_Plate_01a_NRM.uasset" 2058
"C:/Users/Alvar/Downloads/Level Design/NAlvarez_SchoolMap/LevelDesign/Content/DekoClass/Textures/Unique/TX_Name_Plate_01a_NRM.uexp" 2059
"C:/Users/Alvar/Downloads/Level Design/NAlvarez_SchoolMap/LevelDesign/Content/DekoClass/Textures/Unique/TX_Name_Plate_01a_ALB.ubulk" 2060
"C:/Users/Alvar/Downloads/Level Design/NAlvarez_SchoolMap/LevelDesign/Content/DekoClass/Textures/Unique/TX_Name_Plate_01a_ALB.uasset" 2061
"C:/Users/Alvar/Downloads/Level Design/NAlvarez_SchoolMap/LevelDesign/Content/DekoClass/Textures/Unique/TX_Name_Plate_01a_ALB.uexp" 2062
"C:/Users/Alvar/Downloads/Level Design/NAlvarez_SchoolMap/LevelDesign/Content/DekoClass/Materials/MI_Crumpler_Plate_01a.uasset" 2063
"C:/Users/Alvar/Downloads/Level Design/NAlvarez_SchoolMap/LevelDesign/Content/DekoClass/Materials/MI_Crumpler_Plate_01a.uexp" 2064
"C:/Users/Alvar/Downloads/Level Design/NAlvarez_SchoolMap/LevelDesign/Content/DekoClass/Meshes/SM_Crumpler_Plate_01a.ubulk" 2065
"C:/Users/Alvar/Downloads/Level Design/NAlvarez_SchoolMap/LevelDesign/Content/DekoClass/Meshes/SM_Crumpler_Plate_01a.uasset" 2066
"C:/Users/Alvar/Downloads/Level Design/NAlvarez_SchoolMap/LevelDesign/Content/DekoClass/Meshes/SM_Crumpler_Plate_01a.uexp" 2067
"C:/Users/Alvar/Downloads/Level Design/NAlvarez_SchoolMap/LevelDesign/Content/DekoClass/Textures/Unique/TX_Corkboard_01a_RMA.ubulk" 2068
"C:/Users/Alvar/Downloads/Level Design/NAlvarez_SchoolMap/LevelDesign/Content/DekoClass/Textures/Unique/TX_Corkboard_01a_RMA.uasset" 2069
"C:/Users/Alvar/Downloads/Level Design/NAlvarez_SchoolMap/LevelDesign/Content/DekoClass/Textures/Unique/TX_Corkboard_01a_RMA.uexp" 2070
"C:/Users/Alvar/Downloads/Level Design/NAlvarez_SchoolMap/LevelDesign/Content/DekoClass/Textures/Unique/TX_Corkboard_01a_NRM.ubulk" 2071
"C:/Users/Alvar/Downloads/Level Design/NAlvarez_SchoolMap/LevelDesign/Content/DekoClass/Textures/Unique/TX_Corkboard_01a_NRM.uasset" 2072
"C:/Users/Alvar/Downloads/Level Design/NAlvarez_SchoolMap/LevelDesign/Content/DekoClass/Textures/Unique/TX_Corkboard_01a_NRM.uexp" 2073
"C:/Users/Alvar/Downloads/Level Design/NAlvarez_SchoolMap/LevelDesign/Content/DekoClass/Textures/Unique/TX_Corkboard_01a_ALB.ubulk" 2074
"C:/Users/Alvar/Downloads/Level Design/NAlvarez_SchoolMap/LevelDesign/Content/DekoClass/Textures/Unique/TX_Corkboard_01a_ALB.uasset" 2075
"C:/Users/Alvar/Downloads/Level Design/NAlvarez_SchoolMap/LevelDesign/Content/DekoClass/Textures/Unique/TX_Corkboard_01a_ALB.uexp" 2076
"C:/Users/Alvar/Downloads/Level Design/NAlvarez_SchoolMap/LevelDesign/Content/DekoClass/Materials/MI_Corkboard_01a.uasset" 2077
"C:/Users/Alvar/Downloads/Level Design/NAlvarez_SchoolMap/LevelDesign/Content/DekoClass/Materials/MI_Corkboard_01a.uexp" 2078
"C:/Users/Alvar/Downloads/Level Design/NAlvarez_SchoolMap/LevelDesign/Content/DekoClass/Textures/Unique/TX_Corkboard_01b_RMA.ubulk" 2079
"C:/Users/Alvar/Downloads/Level Design/NAlvarez_SchoolMap/LevelDesign/Content/DekoClass/Textures/Unique/TX_Corkboard_01b_RMA.uasset" 2080
"C:/Users/Alvar/Downloads/Level Design/NAlvarez_SchoolMap/LevelDesign/Content/DekoClass/Textures/Unique/TX_Corkboard_01b_RMA.uexp" 2081
"C:/Users/Alvar/Downloads/Level Design/NAlvarez_SchoolMap/LevelDesign/Content/DekoClass/Textures/Unique/TX_Corkboard_01b_NRM.ubulk" 2082
"C:/Users/Alvar/Downloads/Level Design/NAlvarez_SchoolMap/LevelDesign/Content/DekoClass/Textures/Unique/TX_Corkboard_01b_NRM.uasset" 2083
"C:/Users/Alvar/Downloads/Level Design/NAlvarez_SchoolMap/LevelDesign/Content/DekoClass/Textures/Unique/TX_Corkboard_01b_NRM.uexp" 2084
"C:/Users/Alvar/Downloads/Level Design/NAlvarez_SchoolMap/LevelDesign/Content/DekoClass/Textures/Unique/TX_Corkboard_01b_ALB.ubulk" 2085
"C:/Users/Alvar/Downloads/Level Design/NAlvarez_SchoolMap/LevelDesign/Content/DekoClass/Textures/Unique/TX_Corkboard_01b_ALB.uasset" 2086
"C:/Users/Alvar/Downloads/Level Design/NAlvarez_SchoolMap/LevelDesign/Content/DekoClass/Textures/Unique/TX_Corkboard_01b_ALB.uexp" 2087
"C:/Users/Alvar/Downloads/Level Design/NAlvarez_SchoolMap/LevelDesign/Content/DekoClass/Materials/MI_Corkboard_01b.uasset" 2088
"C:/Users/Alvar/Downloads/Level Design/NAlvarez_SchoolMap/LevelDesign/Content/DekoClass/Materials/MI_Corkboard_01b.uexp" 2089
"C:/Users/Alvar/Downloads/Level Design/NAlvarez_SchoolMap/LevelDesign/Content/DekoClass/Meshes/SM_Corkboard_01b.ubulk" 2090
"C:/Users/Alvar/Downloads/Level Design/NAlvarez_SchoolMap/LevelDesign/Content/DekoClass/Meshes/SM_Corkboard_01b.uasset" 2091
"C:/Users/Alvar/Downloads/Level Design/NAlvarez_SchoolMap/LevelDesign/Content/DekoClass/Meshes/SM_Corkboard_01b.uexp" 2092
"C:/Users/Alvar/Downloads/Level Design/NAlvarez_SchoolMap/LevelDesign/Content/DekoClass/Meshes/SM_Corkboard_01a.ubulk" 2093
"C:/Users/Alvar/Downloads/Level Design/NAlvarez_SchoolMap/LevelDesign/Content/DekoClass/Meshes/SM_Corkboard_01a.uasset" 2094
"C:/Users/Alvar/Downloads/Level Design/NAlvarez_SchoolMap/LevelDesign/Content/DekoClass/Meshes/SM_Corkboard_01a.uexp" 2095
"C:/Users/Alvar/Downloads/Level Design/NAlvarez_SchoolMap/LevelDesign/Content/DekoClass/Textures/Unique/TX_Containers_01a_RMA.ubulk" 2096
"C:/Users/Alvar/Downloads/Level Design/NAlvarez_SchoolMap/LevelDesign/Content/DekoClass/Textures/Unique/TX_Containers_01a_RMA.uasset" 2097
"C:/Users/Alvar/Downloads/Level Design/NAlvarez_SchoolMap/LevelDesign/Content/DekoClass/Textures/Unique/TX_Containers_01a_RMA.uexp" 2098
"C:/Users/Alvar/Downloads/Level Design/NAlvarez_SchoolMap/LevelDesign/Content/DekoClass/Textures/Unique/TX_Containers_01a_NRM.ubulk" 2099
"C:/Users/Alvar/Downloads/Level Design/NAlvarez_SchoolMap/LevelDesign/Content/DekoClass/Textures/Unique/TX_Containers_01a_NRM.uasset" 2100
"C:/Users/Alvar/Downloads/Level Design/NAlvarez_SchoolMap/LevelDesign/Content/DekoClass/Textures/Unique/TX_Containers_01a_NRM.uexp" 2101
"C:/Users/Alvar/Downloads/Level Design/NAlvarez_SchoolMap/LevelDesign/Content/DekoClass/Textures/Unique/TX_Containers_01a_ALB.ubulk" 2102
"C:/Users/Alvar/Downloads/Level Design/NAlvarez_SchoolMap/LevelDesign/Content/DekoClass/Textures/Unique/TX_Containers_01a_ALB.uasset" 2103
"C:/Users/Alvar/Downloads/Level Design/NAlvarez_SchoolMap/LevelDesign/Content/DekoClass/Textures/Unique/TX_Containers_01a_ALB.uexp" 2104
"C:/Users/Alvar/Downloads/Level Design/NAlvarez_SchoolMap/LevelDesign/Content/DekoClass/Materials/MI_Containers_01a.uasset" 2105
"C:/Users/Alvar/Downloads/Level Design/NAlvarez_SchoolMap/LevelDesign/Content/DekoClass/Materials/MI_Containers_01a.uexp" 2106
"C:/Users/Alvar/Downloads/Level Design/NAlvarez_SchoolMap/LevelDesign/Content/DekoClass/Meshes/SM_Containers_01f.ubulk" 2107
"C:/Users/Alvar/Downloads/Level Design/NAlvarez_SchoolMap/LevelDesign/Content/DekoClass/Meshes/SM_Containers_01f.uasset" 2108
"C:/Users/Alvar/Downloads/Level Design/NAlvarez_SchoolMap/LevelDesign/Content/DekoClass/Meshes/SM_Containers_01f.uexp" 2109
"C:/Users/Alvar/Downloads/Level Design/NAlvarez_SchoolMap/LevelDesign/Content/DekoClass/Meshes/SM_Containers_01c.ubulk" 2110
"C:/Users/Alvar/Downloads/Level Design/NAlvarez_SchoolMap/LevelDesign/Content/DekoClass/Meshes/SM_Containers_01c.uasset" 2111
"C:/Users/Alvar/Downloads/Level Design/NAlvarez_SchoolMap/LevelDesign/Content/DekoClass/Meshes/SM_Containers_01c.uexp" 2112
"C:/Users/Alvar/Downloads/Level Design/NAlvarez_SchoolMap/LevelDesign/Content/DekoClass/Textures/Unique/TX_Computer_01b_RMA.ubulk" 2113
"C:/Users/Alvar/Downloads/Level Design/NAlvarez_SchoolMap/LevelDesign/Content/DekoClass/Textures/Unique/TX_Computer_01b_RMA.uasset" 2114
"C:/Users/Alvar/Downloads/Level Design/NAlvarez_SchoolMap/LevelDesign/Content/DekoClass/Textures/Unique/TX_Computer_01b_RMA.uexp" 2115
"C:/Users/Alvar/Downloads/Level Design/NAlvarez_SchoolMap/LevelDesign/Content/DekoClass/Textures/Unique/TX_Computer_01b_NRM.ubulk" 2116
"C:/Users/Alvar/Downloads/Level Design/NAlvarez_SchoolMap/LevelDesign/Content/DekoClass/Textures/Unique/TX_Computer_01b_NRM.uasset" 2117
"C:/Users/Alvar/Downloads/Level Design/NAlvarez_SchoolMap/LevelDesign/Content/DekoClass/Textures/Unique/TX_Computer_01b_NRM.uexp" 2118
"C:/Users/Alvar/Downloads/Level Design/NAlvarez_SchoolMap/LevelDesign/Content/DekoClass/Textures/Unique/TX_Computer_01b_EMM.ubulk" 2119
"C:/Users/Alvar/Downloads/Level Design/NAlvarez_SchoolMap/LevelDesign/Content/DekoClass/Textures/Unique/TX_Computer_01b_EMM.uasset" 2120
"C:/Users/Alvar/Downloads/Level Design/NAlvarez_SchoolMap/LevelDesign/Content/DekoClass/Textures/Unique/TX_Computer_01b_EMM.uexp" 2121
"C:/Users/Alvar/Downloads/Level Design/NAlvarez_SchoolMap/LevelDesign/Content/DekoClass/Textures/Unique/TX_Computer_01b_ALB.ubulk" 2122
"C:/Users/Alvar/Downloads/Level Design/NAlvarez_SchoolMap/LevelDesign/Content/DekoClass/Textures/Unique/TX_Computer_01b_ALB.uasset" 2123
"C:/Users/Alvar/Downloads/Level Design/NAlvarez_SchoolMap/LevelDesign/Content/DekoClass/Textures/Unique/TX_Computer_01b_ALB.uexp" 2124
"C:/Users/Alvar/Downloads/Level Design/NAlvarez_SchoolMap/LevelDesign/Content/DekoClass/Materials/MI_Computer_1b.uasset" 2125
"C:/Users/Alvar/Downloads/Level Design/NAlvarez_SchoolMap/LevelDesign/Content/DekoClass/Materials/MI_Computer_1b.uexp" 2126
"C:/Users/Alvar/Downloads/Level Design/NAlvarez_SchoolMap/LevelDesign/Content/DekoClass/Textures/Unique/TX_Computer_01a_RMA.ubulk" 2127
"C:/Users/Alvar/Downloads/Level Design/NAlvarez_SchoolMap/LevelDesign/Content/DekoClass/Textures/Unique/TX_Computer_01a_RMA.uasset" 2128
"C:/Users/Alvar/Downloads/Level Design/NAlvarez_SchoolMap/LevelDesign/Content/DekoClass/Textures/Unique/TX_Computer_01a_RMA.uexp" 2129
"C:/Users/Alvar/Downloads/Level Design/NAlvarez_SchoolMap/LevelDesign/Content/DekoClass/Textures/Unique/TX_Computer_01a_NRM.ubulk" 2130
"C:/Users/Alvar/Downloads/Level Design/NAlvarez_SchoolMap/LevelDesign/Content/DekoClass/Textures/Unique/TX_Computer_01a_NRM.uasset" 2131
"C:/Users/Alvar/Downloads/Level Design/NAlvarez_SchoolMap/LevelDesign/Content/DekoClass/Textures/Unique/TX_Computer_01a_NRM.uexp" 2132
"C:/Users/Alvar/Downloads/Level Design/NAlvarez_SchoolMap/LevelDesign/Content/DekoClass/Textures/Unique/TX_Computer_01a_EMM.ubulk" 2133
"C:/Users/Alvar/Downloads/Level Design/NAlvarez_SchoolMap/LevelDesign/Content/DekoClass/Textures/Unique/TX_Computer_01a_EMM.uasset" 2134
"C:/Users/Alvar/Downloads/Level Design/NAlvarez_SchoolMap/LevelDesign/Content/DekoClass/Textures/Unique/TX_Computer_01a_EMM.uexp" 2135
"C:/Users/Alvar/Downloads/Level Design/NAlvarez_SchoolMap/LevelDesign/Content/DekoClass/Textures/Unique/TX_Computer_01a_ALB.ubulk" 2136
"C:/Users/Alvar/Downloads/Level Design/NAlvarez_SchoolMap/LevelDesign/Content/DekoClass/Textures/Unique/TX_Computer_01a_ALB.uasset" 2137
"C:/Users/Alvar/Downloads/Level Design/NAlvarez_SchoolMap/LevelDesign/Content/DekoClass/Textures/Unique/TX_Computer_01a_ALB.uexp" 2138
"C:/Users/Alvar/Downloads/Level Design/NAlvarez_SchoolMap/LevelDesign/Content/DekoClass/Materials/MI_Computer_01a.uasset" 2139
"C:/Users/Alvar/Downloads/Level Design/NAlvarez_SchoolMap/LevelDesign/Content/DekoClass/Materials/MI_Computer_01a.uexp" 2140
"C:/Users/Alvar/Downloads/Level Design/NAlvarez_SchoolMap/LevelDesign/Content/DekoClass/Meshes/SM_Computer_01a.ubulk" 2141
"C:/Users/Alvar/Downloads/Level Design/NAlvarez_SchoolMap/LevelDesign/Content/DekoClass/Meshes/SM_Computer_01a.uasset" 2142
"C:/Users/Alvar/Downloads/Level Design/NAlvarez_SchoolMap/LevelDesign/Content/DekoClass/Meshes/SM_Computer_01a.uexp" 2143
"C:/Users/Alvar/Downloads/Level Design/NAlvarez_SchoolMap/LevelDesign/Content/DekoClass/Textures/Unique/TX_Clock_01a_RMA.ubulk" 2144
"C:/Users/Alvar/Downloads/Level Design/NAlvarez_SchoolMap/LevelDesign/Content/DekoClass/Textures/Unique/TX_Clock_01a_RMA.uasset" 2145
"C:/Users/Alvar/Downloads/Level Design/NAlvarez_SchoolMap/LevelDesign/Content/DekoClass/Textures/Unique/TX_Clock_01a_RMA.uexp" 2146
"C:/Users/Alvar/Downloads/Level Design/NAlvarez_SchoolMap/LevelDesign/Content/DekoClass/Textures/Unique/TX_Clock_01a_NRM.ubulk" 2147
"C:/Users/Alvar/Downloads/Level Design/NAlvarez_SchoolMap/LevelDesign/Content/DekoClass/Textures/Unique/TX_Clock_01a_NRM.uasset" 2148
"C:/Users/Alvar/Downloads/Level Design/NAlvarez_SchoolMap/LevelDesign/Content/DekoClass/Textures/Unique/TX_Clock_01a_NRM.uexp" 2149
"C:/Users/Alvar/Downloads/Level Design/NAlvarez_SchoolMap/LevelDesign/Content/DekoClass/Textures/Unique/TX_Clock_01a_ALB.ubulk" 2150
"C:/Users/Alvar/Downloads/Level Design/NAlvarez_SchoolMap/LevelDesign/Content/DekoClass/Textures/Unique/TX_Clock_01a_ALB.uasset" 2151
"C:/Users/Alvar/Downloads/Level Design/NAlvarez_SchoolMap/LevelDesign/Content/DekoClass/Textures/Unique/TX_Clock_01a_ALB.uexp" 2152
"C:/Users/Alvar/Downloads/Level Design/NAlvarez_SchoolMap/LevelDesign/Content/DekoClass/Materials/MI_Clock_01a.uasset" 2153
"C:/Users/Alvar/Downloads/Level Design/NAlvarez_SchoolMap/LevelDesign/Content/DekoClass/Materials/MI_Clock_01a.uexp" 2154
"C:/Users/Alvar/Downloads/Level Design/NAlvarez_SchoolMap/LevelDesign/Content/DekoClass/Meshes/SM_Clock_01d.ubulk" 2155
"C:/Users/Alvar/Downloads/Level Design/NAlvarez_SchoolMap/LevelDesign/Content/DekoClass/Meshes/SM_Clock_01d.uasset" 2156
"C:/Users/Alvar/Downloads/Level Design/NAlvarez_SchoolMap/LevelDesign/Content/DekoClass/Meshes/SM_Clock_01d.uexp" 2157
"C:/Users/Alvar/Downloads/Level Design/NAlvarez_SchoolMap/LevelDesign/Content/DekoClass/Meshes/SM_Clock_01c.ubulk" 2158
"C:/Users/Alvar/Downloads/Level Design/NAlvarez_SchoolMap/LevelDesign/Content/DekoClass/Meshes/SM_Clock_01c.uasset" 2159
"C:/Users/Alvar/Downloads/Level Design/NAlvarez_SchoolMap/LevelDesign/Content/DekoClass/Meshes/SM_Clock_01c.uexp" 2160
"C:/Users/Alvar/Downloads/Level Design/NAlvarez_SchoolMap/LevelDesign/Content/DekoClass/Meshes/SM_Clock_01b.ubulk" 2161
"C:/Users/Alvar/Downloads/Level Design/NAlvarez_SchoolMap/LevelDesign/Content/DekoClass/Meshes/SM_Clock_01b.uasset" 2162
"C:/Users/Alvar/Downloads/Level Design/NAlvarez_SchoolMap/LevelDesign/Content/DekoClass/Meshes/SM_Clock_01b.uexp" 2163
"C:/Users/Alvar/Downloads/Level Design/NAlvarez_SchoolMap/LevelDesign/Content/DekoClass/Materials/MI_Glass_01c.uasset" 2164
"C:/Users/Alvar/Downloads/Level Design/NAlvarez_SchoolMap/LevelDesign/Content/DekoClass/Materials/MI_Glass_01c.uexp" 2165
"C:/Users/Alvar/Downloads/Level Design/NAlvarez_SchoolMap/LevelDesign/Content/DekoClass/Meshes/SM_Clock_01a.ubulk" 2166
"C:/Users/Alvar/Downloads/Level Design/NAlvarez_SchoolMap/LevelDesign/Content/DekoClass/Meshes/SM_Clock_01a.uasset" 2167
"C:/Users/Alvar/Downloads/Level Design/NAlvarez_SchoolMap/LevelDesign/Content/DekoClass/Meshes/SM_Clock_01a.uexp" 2168
"C:/Users/Alvar/Downloads/Level Design/NAlvarez_SchoolMap/LevelDesign/Content/DekoClass/Textures/Unique/TX_Chalk_01a_RMA.ubulk" 2169
"C:/Users/Alvar/Downloads/Level Design/NAlvarez_SchoolMap/LevelDesign/Content/DekoClass/Textures/Unique/TX_Chalk_01a_RMA.uasset" 2170
"C:/Users/Alvar/Downloads/Level Design/NAlvarez_SchoolMap/LevelDesign/Content/DekoClass/Textures/Unique/TX_Chalk_01a_RMA.uexp" 2171
"C:/Users/Alvar/Downloads/Level Design/NAlvarez_SchoolMap/LevelDesign/Content/DekoClass/Textures/Unique/TX_Chalk_01a_NRM.ubulk" 2172
"C:/Users/Alvar/Downloads/Level Design/NAlvarez_SchoolMap/LevelDesign/Content/DekoClass/Textures/Unique/TX_Chalk_01a_NRM.uasset" 2173
"C:/Users/Alvar/Downloads/Level Design/NAlvarez_SchoolMap/LevelDesign/Content/DekoClass/Textures/Unique/TX_Chalk_01a_NRM.uexp" 2174
"C:/Users/Alvar/Downloads/Level Design/NAlvarez_SchoolMap/LevelDesign/Content/DekoClass/Textures/Unique/TX_Chalk_01a_ALB.ubulk" 2175
"C:/Users/Alvar/Downloads/Level Design/NAlvarez_SchoolMap/LevelDesign/Content/DekoClass/Textures/Unique/TX_Chalk_01a_ALB.uasset" 2176
"C:/Users/Alvar/Downloads/Level Design/NAlvarez_SchoolMap/LevelDesign/Content/DekoClass/Textures/Unique/TX_Chalk_01a_ALB.uexp" 2177
"C:/Users/Alvar/Downloads/Level Design/NAlvarez_SchoolMap/LevelDesign/Content/DekoClass/Materials/MI_Chalk_01a.uasset" 2178
"C:/Users/Alvar/Downloads/Level Design/NAlvarez_SchoolMap/LevelDesign/Content/DekoClass/Materials/MI_Chalk_01a.uexp" 2179
"C:/Users/Alvar/Downloads/Level Design/NAlvarez_SchoolMap/LevelDesign/Content/DekoClass/Meshes/SM_Chalk_02a.ubulk" 2180
"C:/Users/Alvar/Downloads/Level Design/NAlvarez_SchoolMap/LevelDesign/Content/DekoClass/Meshes/SM_Chalk_02a.uasset" 2181
"C:/Users/Alvar/Downloads/Level Design/NAlvarez_SchoolMap/LevelDesign/Content/DekoClass/Meshes/SM_Chalk_02a.uexp" 2182
"C:/Users/Alvar/Downloads/Level Design/NAlvarez_SchoolMap/LevelDesign/Content/DekoClass/Meshes/SM_Chalk_01a.ubulk" 2183
"C:/Users/Alvar/Downloads/Level Design/NAlvarez_SchoolMap/LevelDesign/Content/DekoClass/Meshes/SM_Chalk_01a.uasset" 2184
"C:/Users/Alvar/Downloads/Level Design/NAlvarez_SchoolMap/LevelDesign/Content/DekoClass/Meshes/SM_Chalk_01a.uexp" 2185
"C:/Users/Alvar/Downloads/Level Design/NAlvarez_SchoolMap/LevelDesign/Content/DekoClass/Textures/Unique/TX_Chalkboard_01a_RMA.ubulk" 2186
"C:/Users/Alvar/Downloads/Level Design/NAlvarez_SchoolMap/LevelDesign/Content/DekoClass/Textures/Unique/TX_Chalkboard_01a_RMA.uasset" 2187
"C:/Users/Alvar/Downloads/Level Design/NAlvarez_SchoolMap/LevelDesign/Content/DekoClass/Textures/Unique/TX_Chalkboard_01a_RMA.uexp" 2188
"C:/Users/Alvar/Downloads/Level Design/NAlvarez_SchoolMap/LevelDesign/Content/DekoClass/Textures/Unique/TX_Chalkboard_01a_NRM.ubulk" 2189
"C:/Users/Alvar/Downloads/Level Design/NAlvarez_SchoolMap/LevelDesign/Content/DekoClass/Textures/Unique/TX_Chalkboard_01a_NRM.uasset" 2190
"C:/Users/Alvar/Downloads/Level Design/NAlvarez_SchoolMap/LevelDesign/Content/DekoClass/Textures/Unique/TX_Chalkboard_01a_NRM.uexp" 2191
"C:/Users/Alvar/Downloads/Level Design/NAlvarez_SchoolMap/LevelDesign/Content/DekoClass/Textures/Unique/TX_Chalkboard_01a_ALB.ubulk" 2192
"C:/Users/Alvar/Downloads/Level Design/NAlvarez_SchoolMap/LevelDesign/Content/DekoClass/Textures/Unique/TX_Chalkboard_01a_ALB.uasset" 2193
"C:/Users/Alvar/Downloads/Level Design/NAlvarez_SchoolMap/LevelDesign/Content/DekoClass/Textures/Unique/TX_Chalkboard_01a_ALB.uexp" 2194
"C:/Users/Alvar/Downloads/Level Design/NAlvarez_SchoolMap/LevelDesign/Content/DekoClass/Materials/MI_Chalkboard_01a.uasset" 2195
"C:/Users/Alvar/Downloads/Level Design/NAlvarez_SchoolMap/LevelDesign/Content/DekoClass/Materials/MI_Chalkboard_01a.uexp" 2196
"C:/Users/Alvar/Downloads/Level Design/NAlvarez_SchoolMap/LevelDesign/Content/DekoClass/Meshes/SM_Chalkboard_02a.ubulk" 2197
"C:/Users/Alvar/Downloads/Level Design/NAlvarez_SchoolMap/LevelDesign/Content/DekoClass/Meshes/SM_Chalkboard_02a.uasset" 2198
"C:/Users/Alvar/Downloads/Level Design/NAlvarez_SchoolMap/LevelDesign/Content/DekoClass/Meshes/SM_Chalkboard_02a.uexp" 2199
"C:/Users/Alvar/Downloads/Level Design/NAlvarez_SchoolMap/LevelDesign/Content/DekoClass/Meshes/SM_Chalkboard_01a.ubulk" 2200
"C:/Users/Alvar/Downloads/Level Design/NAlvarez_SchoolMap/LevelDesign/Content/DekoClass/Meshes/SM_Chalkboard_01a.uasset" 2201
"C:/Users/Alvar/Downloads/Level Design/NAlvarez_SchoolMap/LevelDesign/Content/DekoClass/Meshes/SM_Chalkboard_01a.uexp" 2202
"C:/Users/Alvar/Downloads/Level Design/NAlvarez_SchoolMap/LevelDesign/Content/DekoClass/Textures/Unique/TX_Carton_01a_RMA.ubulk" 2203
"C:/Users/Alvar/Downloads/Level Design/NAlvarez_SchoolMap/LevelDesign/Content/DekoClass/Textures/Unique/TX_Carton_01a_RMA.uasset" 2204
"C:/Users/Alvar/Downloads/Level Design/NAlvarez_SchoolMap/LevelDesign/Content/DekoClass/Textures/Unique/TX_Carton_01a_RMA.uexp" 2205
"C:/Users/Alvar/Downloads/Level Design/NAlvarez_SchoolMap/LevelDesign/Content/DekoClass/Textures/Unique/TX_Carton_01a_NRM.ubulk" 2206
"C:/Users/Alvar/Downloads/Level Design/NAlvarez_SchoolMap/LevelDesign/Content/DekoClass/Textures/Unique/TX_Carton_01a_NRM.uasset" 2207
"C:/Users/Alvar/Downloads/Level Design/NAlvarez_SchoolMap/LevelDesign/Content/DekoClass/Textures/Unique/TX_Carton_01a_NRM.uexp" 2208
"C:/Users/Alvar/Downloads/Level Design/NAlvarez_SchoolMap/LevelDesign/Content/DekoClass/Textures/Unique/TX_Carton_01a_ALB.ubulk" 2209
"C:/Users/Alvar/Downloads/Level Design/NAlvarez_SchoolMap/LevelDesign/Content/DekoClass/Textures/Unique/TX_Carton_01a_ALB.uasset" 2210
"C:/Users/Alvar/Downloads/Level Design/NAlvarez_SchoolMap/LevelDesign/Content/DekoClass/Textures/Unique/TX_Carton_01a_ALB.uexp" 2211
"C:/Users/Alvar/Downloads/Level Design/NAlvarez_SchoolMap/LevelDesign/Content/DekoClass/Materials/MI_Carton_01a.uasset" 2212
"C:/Users/Alvar/Downloads/Level Design/NAlvarez_SchoolMap/LevelDesign/Content/DekoClass/Materials/MI_Carton_01a.uexp" 2213
"C:/Users/Alvar/Downloads/Level Design/NAlvarez_SchoolMap/LevelDesign/Content/DekoClass/Meshes/SM_Carton_01b.ubulk" 2214
"C:/Users/Alvar/Downloads/Level Design/NAlvarez_SchoolMap/LevelDesign/Content/DekoClass/Meshes/SM_Carton_01b.uasset" 2215
"C:/Users/Alvar/Downloads/Level Design/NAlvarez_SchoolMap/LevelDesign/Content/DekoClass/Meshes/SM_Carton_01b.uexp" 2216
"C:/Users/Alvar/Downloads/Level Design/NAlvarez_SchoolMap/LevelDesign/Content/DekoClass/Meshes/SM_Carton_01a.ubulk" 2217
"C:/Users/Alvar/Downloads/Level Design/NAlvarez_SchoolMap/LevelDesign/Content/DekoClass/Meshes/SM_Carton_01a.uasset" 2218
"C:/Users/Alvar/Downloads/Level Design/NAlvarez_SchoolMap/LevelDesign/Content/DekoClass/Meshes/SM_Carton_01a.uexp" 2219
"C:/Users/Alvar/Downloads/Level Design/NAlvarez_SchoolMap/LevelDesign/Content/DekoClass/Textures/Unique/TX_Calendar_01a_RMA.ubulk" 2220
"C:/Users/Alvar/Downloads/Level Design/NAlvarez_SchoolMap/LevelDesign/Content/DekoClass/Textures/Unique/TX_Calendar_01a_RMA.uasset" 2221
"C:/Users/Alvar/Downloads/Level Design/NAlvarez_SchoolMap/LevelDesign/Content/DekoClass/Textures/Unique/TX_Calendar_01a_RMA.uexp" 2222
"C:/Users/Alvar/Downloads/Level Design/NAlvarez_SchoolMap/LevelDesign/Content/DekoClass/Textures/Unique/TX_Calendar_01a_NRM.ubulk" 2223
"C:/Users/Alvar/Downloads/Level Design/NAlvarez_SchoolMap/LevelDesign/Content/DekoClass/Textures/Unique/TX_Calendar_01a_NRM.uasset" 2224
"C:/Users/Alvar/Downloads/Level Design/NAlvarez_SchoolMap/LevelDesign/Content/DekoClass/Textures/Unique/TX_Calendar_01a_NRM.uexp" 2225
"C:/Users/Alvar/Downloads/Level Design/NAlvarez_SchoolMap/LevelDesign/Content/DekoClass/Textures/Unique/TX_Calendar_01a_ALB.ubulk" 2226
"C:/Users/Alvar/Downloads/Level Design/NAlvarez_SchoolMap/LevelDesign/Content/DekoClass/Textures/Unique/TX_Calendar_01a_ALB.uasset" 2227
"C:/Users/Alvar/Downloads/Level Design/NAlvarez_SchoolMap/LevelDesign/Content/DekoClass/Textures/Unique/TX_Calendar_01a_ALB.uexp" 2228
"C:/Users/Alvar/Downloads/Level Design/NAlvarez_SchoolMap/LevelDesign/Content/DekoClass/Materials/MI_Calendar_01a.uasset" 2229
"C:/Users/Alvar/Downloads/Level Design/NAlvarez_SchoolMap/LevelDesign/Content/DekoClass/Materials/MI_Calendar_01a.uexp" 2230
"C:/Users/Alvar/Downloads/Level Design/NAlvarez_SchoolMap/LevelDesign/Content/DekoClass/Meshes/SM_Calendar_01a.ubulk" 2231
"C:/Users/Alvar/Downloads/Level Design/NAlvarez_SchoolMap/LevelDesign/Content/DekoClass/Meshes/SM_Calendar_01a.uasset" 2232
"C:/Users/Alvar/Downloads/Level Design/NAlvarez_SchoolMap/LevelDesign/Content/DekoClass/Meshes/SM_Calendar_01a.uexp" 2233
"C:/Users/Alvar/Downloads/Level Design/NAlvarez_SchoolMap/LevelDesign/Content/DekoClass/Textures/Unique/TX_Calculator_And_Case_01a_RMA.ubulk" 2234
"C:/Users/Alvar/Downloads/Level Design/NAlvarez_SchoolMap/LevelDesign/Content/DekoClass/Textures/Unique/TX_Calculator_And_Case_01a_RMA.uasset" 2235
"C:/Users/Alvar/Downloads/Level Design/NAlvarez_SchoolMap/LevelDesign/Content/DekoClass/Textures/Unique/TX_Calculator_And_Case_01a_RMA.uexp" 2236
"C:/Users/Alvar/Downloads/Level Design/NAlvarez_SchoolMap/LevelDesign/Content/DekoClass/Textures/Unique/TX_Calculator_And_Case_01a_NRM.ubulk" 2237
"C:/Users/Alvar/Downloads/Level Design/NAlvarez_SchoolMap/LevelDesign/Content/DekoClass/Textures/Unique/TX_Calculator_And_Case_01a_NRM.uasset" 2238
"C:/Users/Alvar/Downloads/Level Design/NAlvarez_SchoolMap/LevelDesign/Content/DekoClass/Textures/Unique/TX_Calculator_And_Case_01a_NRM.uexp" 2239
"C:/Users/Alvar/Downloads/Level Design/NAlvarez_SchoolMap/LevelDesign/Content/DekoClass/Textures/Unique/TX_Calculator_And_Case_01a_ALB.ubulk" 2240
"C:/Users/Alvar/Downloads/Level Design/NAlvarez_SchoolMap/LevelDesign/Content/DekoClass/Textures/Unique/TX_Calculator_And_Case_01a_ALB.uasset" 2241
"C:/Users/Alvar/Downloads/Level Design/NAlvarez_SchoolMap/LevelDesign/Content/DekoClass/Textures/Unique/TX_Calculator_And_Case_01a_ALB.uexp" 2242
"C:/Users/Alvar/Downloads/Level Design/NAlvarez_SchoolMap/LevelDesign/Content/DekoClass/Materials/MI_Calculator_Case_01a.uasset" 2243
"C:/Users/Alvar/Downloads/Level Design/NAlvarez_SchoolMap/LevelDesign/Content/DekoClass/Materials/MI_Calculator_Case_01a.uexp" 2244
"C:/Users/Alvar/Downloads/Level Design/NAlvarez_SchoolMap/LevelDesign/Content/DekoClass/Meshes/SM_Calculator_And_Case_01c.ubulk" 2245
"C:/Users/Alvar/Downloads/Level Design/NAlvarez_SchoolMap/LevelDesign/Content/DekoClass/Meshes/SM_Calculator_And_Case_01c.uasset" 2246
"C:/Users/Alvar/Downloads/Level Design/NAlvarez_SchoolMap/LevelDesign/Content/DekoClass/Meshes/SM_Calculator_And_Case_01c.uexp" 2247
"C:/Users/Alvar/Downloads/Level Design/NAlvarez_SchoolMap/LevelDesign/Content/DekoClass/Meshes/SM_Calculator_and_Case_01a.ubulk" 2248
"C:/Users/Alvar/Downloads/Level Design/NAlvarez_SchoolMap/LevelDesign/Content/DekoClass/Meshes/SM_Calculator_and_Case_01a.uasset" 2249
"C:/Users/Alvar/Downloads/Level Design/NAlvarez_SchoolMap/LevelDesign/Content/DekoClass/Meshes/SM_Calculator_and_Case_01a.uexp" 2250
"C:/Users/Alvar/Downloads/Level Design/NAlvarez_SchoolMap/LevelDesign/Content/DekoClass/Textures/Unique/TX_Cabinets_01a_RMA.ubulk" 2251
"C:/Users/Alvar/Downloads/Level Design/NAlvarez_SchoolMap/LevelDesign/Content/DekoClass/Textures/Unique/TX_Cabinets_01a_RMA.uasset" 2252
"C:/Users/Alvar/Downloads/Level Design/NAlvarez_SchoolMap/LevelDesign/Content/DekoClass/Textures/Unique/TX_Cabinets_01a_RMA.uexp" 2253
"C:/Users/Alvar/Downloads/Level Design/NAlvarez_SchoolMap/LevelDesign/Content/DekoClass/Textures/Unique/TX_Cabinets_01a_NRM.ubulk" 2254
"C:/Users/Alvar/Downloads/Level Design/NAlvarez_SchoolMap/LevelDesign/Content/DekoClass/Textures/Unique/TX_Cabinets_01a_NRM.uasset" 2255
"C:/Users/Alvar/Downloads/Level Design/NAlvarez_SchoolMap/LevelDesign/Content/DekoClass/Textures/Unique/TX_Cabinets_01a_NRM.uexp" 2256
"C:/Users/Alvar/Downloads/Level Design/NAlvarez_SchoolMap/LevelDesign/Content/DekoClass/Textures/Unique/TX_Cabinets_01a_ALB.ubulk" 2257
"C:/Users/Alvar/Downloads/Level Design/NAlvarez_SchoolMap/LevelDesign/Content/DekoClass/Textures/Unique/TX_Cabinets_01a_ALB.uasset" 2258
"C:/Users/Alvar/Downloads/Level Design/NAlvarez_SchoolMap/LevelDesign/Content/DekoClass/Textures/Unique/TX_Cabinets_01a_ALB.uexp" 2259
"C:/Users/Alvar/Downloads/Level Design/NAlvarez_SchoolMap/LevelDesign/Content/DekoClass/Materials/MI_Cabinets_01a.uasset" 2260
"C:/Users/Alvar/Downloads/Level Design/NAlvarez_SchoolMap/LevelDesign/Content/DekoClass/Materials/MI_Cabinets_01a.uexp" 2261
"C:/Users/Alvar/Downloads/Level Design/NAlvarez_SchoolMap/LevelDesign/Content/DekoClass/Meshes/SM_Cabinet_Desk_01a.ubulk" 2262
"C:/Users/Alvar/Downloads/Level Design/NAlvarez_SchoolMap/LevelDesign/Content/DekoClass/Meshes/SM_Cabinet_Desk_01a.uasset" 2263
"C:/Users/Alvar/Downloads/Level Design/NAlvarez_SchoolMap/LevelDesign/Content/DekoClass/Meshes/SM_Cabinet_Desk_01a.uexp" 2264
"C:/Users/Alvar/Downloads/Level Design/NAlvarez_SchoolMap/LevelDesign/Content/DekoClass/Meshes/SM_Cabinets_01d.ubulk" 2265
"C:/Users/Alvar/Downloads/Level Design/NAlvarez_SchoolMap/LevelDesign/Content/DekoClass/Meshes/SM_Cabinets_01d.uasset" 2266
"C:/Users/Alvar/Downloads/Level Design/NAlvarez_SchoolMap/LevelDesign/Content/DekoClass/Meshes/SM_Cabinets_01d.uexp" 2267
"C:/Users/Alvar/Downloads/Level Design/NAlvarez_SchoolMap/LevelDesign/Content/DekoClass/Meshes/SM_Cabinets_01a.ubulk" 2268
"C:/Users/Alvar/Downloads/Level Design/NAlvarez_SchoolMap/LevelDesign/Content/DekoClass/Meshes/SM_Cabinets_01a.uasset" 2269
"C:/Users/Alvar/Downloads/Level Design/NAlvarez_SchoolMap/LevelDesign/Content/DekoClass/Meshes/SM_Cabinets_01a.uexp" 2270
"C:/Users/Alvar/Downloads/Level Design/NAlvarez_SchoolMap/LevelDesign/Content/DekoClass/Textures/Unique/TX_Brown_Lunch_Bag_01a_RMA.ubulk" 2271
"C:/Users/Alvar/Downloads/Level Design/NAlvarez_SchoolMap/LevelDesign/Content/DekoClass/Textures/Unique/TX_Brown_Lunch_Bag_01a_RMA.uasset" 2272
"C:/Users/Alvar/Downloads/Level Design/NAlvarez_SchoolMap/LevelDesign/Content/DekoClass/Textures/Unique/TX_Brown_Lunch_Bag_01a_RMA.uexp" 2273
"C:/Users/Alvar/Downloads/Level Design/NAlvarez_SchoolMap/LevelDesign/Content/DekoClass/Textures/Unique/TX_Brown_Lunch_Bag_01a_NRM.ubulk" 2274
"C:/Users/Alvar/Downloads/Level Design/NAlvarez_SchoolMap/LevelDesign/Content/DekoClass/Textures/Unique/TX_Brown_Lunch_Bag_01a_NRM.uasset" 2275
"C:/Users/Alvar/Downloads/Level Design/NAlvarez_SchoolMap/LevelDesign/Content/DekoClass/Textures/Unique/TX_Brown_Lunch_Bag_01a_NRM.uexp" 2276
"C:/Users/Alvar/Downloads/Level Design/NAlvarez_SchoolMap/LevelDesign/Content/DekoClass/Textures/Unique/TX_Brown_Lunch_Bag_01a_ALB.ubulk" 2277
"C:/Users/Alvar/Downloads/Level Design/NAlvarez_SchoolMap/LevelDesign/Content/DekoClass/Textures/Unique/TX_Brown_Lunch_Bag_01a_ALB.uasset" 2278
"C:/Users/Alvar/Downloads/Level Design/NAlvarez_SchoolMap/LevelDesign/Content/DekoClass/Textures/Unique/TX_Brown_Lunch_Bag_01a_ALB.uexp" 2279
"C:/Users/Alvar/Downloads/Level Design/NAlvarez_SchoolMap/LevelDesign/Content/DekoClass/Materials/MI_Brown_Lunch_Bag_01a.uasset" 2280
"C:/Users/Alvar/Downloads/Level Design/NAlvarez_SchoolMap/LevelDesign/Content/DekoClass/Materials/MI_Brown_Lunch_Bag_01a.uexp" 2281
"C:/Users/Alvar/Downloads/Level Design/NAlvarez_SchoolMap/LevelDesign/Content/DekoClass/Meshes/SM_Brown_Lunch_Bag_01b.ubulk" 2282
"C:/Users/Alvar/Downloads/Level Design/NAlvarez_SchoolMap/LevelDesign/Content/DekoClass/Meshes/SM_Brown_Lunch_Bag_01b.uasset" 2283
"C:/Users/Alvar/Downloads/Level Design/NAlvarez_SchoolMap/LevelDesign/Content/DekoClass/Meshes/SM_Brown_Lunch_Bag_01b.uexp" 2284
"C:/Users/Alvar/Downloads/Level Design/NAlvarez_SchoolMap/LevelDesign/Content/DekoClass/Textures/Unique/TX_Boxes_01a_RMA.ubulk" 2285
"C:/Users/Alvar/Downloads/Level Design/NAlvarez_SchoolMap/LevelDesign/Content/DekoClass/Textures/Unique/TX_Boxes_01a_RMA.uasset" 2286
"C:/Users/Alvar/Downloads/Level Design/NAlvarez_SchoolMap/LevelDesign/Content/DekoClass/Textures/Unique/TX_Boxes_01a_RMA.uexp" 2287
"C:/Users/Alvar/Downloads/Level Design/NAlvarez_SchoolMap/LevelDesign/Content/DekoClass/Textures/Unique/TX_Boxes_01a_NRM.ubulk" 2288
"C:/Users/Alvar/Downloads/Level Design/NAlvarez_SchoolMap/LevelDesign/Content/DekoClass/Textures/Unique/TX_Boxes_01a_NRM.uasset" 2289
"C:/Users/Alvar/Downloads/Level Design/NAlvarez_SchoolMap/LevelDesign/Content/DekoClass/Textures/Unique/TX_Boxes_01a_NRM.uexp" 2290
"C:/Users/Alvar/Downloads/Level Design/NAlvarez_SchoolMap/LevelDesign/Content/DekoClass/Textures/Unique/TX_Boxes_01a_ALB.ubulk" 2291
"C:/Users/Alvar/Downloads/Level Design/NAlvarez_SchoolMap/LevelDesign/Content/DekoClass/Textures/Unique/TX_Boxes_01a_ALB.uasset" 2292
"C:/Users/Alvar/Downloads/Level Design/NAlvarez_SchoolMap/LevelDesign/Content/DekoClass/Textures/Unique/TX_Boxes_01a_ALB.uexp" 2293
"C:/Users/Alvar/Downloads/Level Design/NAlvarez_SchoolMap/LevelDesign/Content/DekoClass/Materials/MI_Boxes_01a.uasset" 2294
"C:/Users/Alvar/Downloads/Level Design/NAlvarez_SchoolMap/LevelDesign/Content/DekoClass/Materials/MI_Boxes_01a.uexp" 2295
"C:/Users/Alvar/Downloads/Level Design/NAlvarez_SchoolMap/LevelDesign/Content/DekoClass/Meshes/SM_Boxes_01d.ubulk" 2296
"C:/Users/Alvar/Downloads/Level Design/NAlvarez_SchoolMap/LevelDesign/Content/DekoClass/Meshes/SM_Boxes_01d.uasset" 2297
"C:/Users/Alvar/Downloads/Level Design/NAlvarez_SchoolMap/LevelDesign/Content/DekoClass/Meshes/SM_Boxes_01d.uexp" 2298
"C:/Users/Alvar/Downloads/Level Design/NAlvarez_SchoolMap/LevelDesign/Content/DekoClass/Meshes/SM_Boxes_01c.ubulk" 2299
"C:/Users/Alvar/Downloads/Level Design/NAlvarez_SchoolMap/LevelDesign/Content/DekoClass/Meshes/SM_Boxes_01c.uasset" 2300
"C:/Users/Alvar/Downloads/Level Design/NAlvarez_SchoolMap/LevelDesign/Content/DekoClass/Meshes/SM_Boxes_01c.uexp" 2301
"C:/Users/Alvar/Downloads/Level Design/NAlvarez_SchoolMap/LevelDesign/Content/DekoClass/Meshes/SM_Boxes_01a.ubulk" 2302
"C:/Users/Alvar/Downloads/Level Design/NAlvarez_SchoolMap/LevelDesign/Content/DekoClass/Meshes/SM_Boxes_01a.uasset" 2303
"C:/Users/Alvar/Downloads/Level Design/NAlvarez_SchoolMap/LevelDesign/Content/DekoClass/Meshes/SM_Boxes_01a.uexp" 2304
"C:/Users/Alvar/Downloads/Level Design/NAlvarez_SchoolMap/LevelDesign/Content/DekoClass/Textures/Unique/TX_Books_03a_RMA.ubulk" 2305
"C:/Users/Alvar/Downloads/Level Design/NAlvarez_SchoolMap/LevelDesign/Content/DekoClass/Textures/Unique/TX_Books_03a_RMA.uasset" 2306
"C:/Users/Alvar/Downloads/Level Design/NAlvarez_SchoolMap/LevelDesign/Content/DekoClass/Textures/Unique/TX_Books_03a_RMA.uexp" 2307
"C:/Users/Alvar/Downloads/Level Design/NAlvarez_SchoolMap/LevelDesign/Content/DekoClass/Textures/Unique/TX_Books_03a_NRM.ubulk" 2308
"C:/Users/Alvar/Downloads/Level Design/NAlvarez_SchoolMap/LevelDesign/Content/DekoClass/Textures/Unique/TX_Books_03a_NRM.uasset" 2309
"C:/Users/Alvar/Downloads/Level Design/NAlvarez_SchoolMap/LevelDesign/Content/DekoClass/Textures/Unique/TX_Books_03a_NRM.uexp" 2310
"C:/Users/Alvar/Downloads/Level Design/NAlvarez_SchoolMap/LevelDesign/Content/DekoClass/Textures/Unique/TX_Books_03a_ALB.ubulk" 2311
"C:/Users/Alvar/Downloads/Level Design/NAlvarez_SchoolMap/LevelDesign/Content/DekoClass/Textures/Unique/TX_Books_03a_ALB.uasset" 2312
"C:/Users/Alvar/Downloads/Level Design/NAlvarez_SchoolMap/LevelDesign/Content/DekoClass/Textures/Unique/TX_Books_03a_ALB.uexp" 2313
"C:/Users/Alvar/Downloads/Level Design/NAlvarez_SchoolMap/LevelDesign/Content/DekoClass/Materials/MI_Books_03a.uasset" 2314
"C:/Users/Alvar/Downloads/Level Design/NAlvarez_SchoolMap/LevelDesign/Content/DekoClass/Materials/MI_Books_03a.uexp" 2315
"C:/Users/Alvar/Downloads/Level Design/NAlvarez_SchoolMap/LevelDesign/Content/DekoClass/Meshes/SM_Books_03g.ubulk" 2316
"C:/Users/Alvar/Downloads/Level Design/NAlvarez_SchoolMap/LevelDesign/Content/DekoClass/Meshes/SM_Books_03g.uasset" 2317
"C:/Users/Alvar/Downloads/Level Design/NAlvarez_SchoolMap/LevelDesign/Content/DekoClass/Meshes/SM_Books_03g.uexp" 2318
"C:/Users/Alvar/Downloads/Level Design/NAlvarez_SchoolMap/LevelDesign/Content/DekoClass/Meshes/SM_Books_03f.ubulk" 2319
"C:/Users/Alvar/Downloads/Level Design/NAlvarez_SchoolMap/LevelDesign/Content/DekoClass/Meshes/SM_Books_03f.uasset" 2320
"C:/Users/Alvar/Downloads/Level Design/NAlvarez_SchoolMap/LevelDesign/Content/DekoClass/Meshes/SM_Books_03f.uexp" 2321
"C:/Users/Alvar/Downloads/Level Design/NAlvarez_SchoolMap/LevelDesign/Content/DekoClass/Textures/Unique/TX_Books_03b_RMA.ubulk" 2322
"C:/Users/Alvar/Downloads/Level Design/NAlvarez_SchoolMap/LevelDesign/Content/DekoClass/Textures/Unique/TX_Books_03b_RMA.uasset" 2323
"C:/Users/Alvar/Downloads/Level Design/NAlvarez_SchoolMap/LevelDesign/Content/DekoClass/Textures/Unique/TX_Books_03b_RMA.uexp" 2324
"C:/Users/Alvar/Downloads/Level Design/NAlvarez_SchoolMap/LevelDesign/Content/DekoClass/Textures/Unique/TX_Books_03b_NRM.ubulk" 2325
"C:/Users/Alvar/Downloads/Level Design/NAlvarez_SchoolMap/LevelDesign/Content/DekoClass/Textures/Unique/TX_Books_03b_NRM.uasset" 2326
"C:/Users/Alvar/Downloads/Level Design/NAlvarez_SchoolMap/LevelDesign/Content/DekoClass/Textures/Unique/TX_Books_03b_NRM.uexp" 2327
"C:/Users/Alvar/Downloads/Level Design/NAlvarez_SchoolMap/LevelDesign/Content/DekoClass/Textures/Unique/TX_Books_03b_ALB.ubulk" 2328
"C:/Users/Alvar/Downloads/Level Design/NAlvarez_SchoolMap/LevelDesign/Content/DekoClass/Textures/Unique/TX_Books_03b_ALB.uasset" 2329
"C:/Users/Alvar/Downloads/Level Design/NAlvarez_SchoolMap/LevelDesign/Content/DekoClass/Textures/Unique/TX_Books_03b_ALB.uexp" 2330
"C:/Users/Alvar/Downloads/Level Design/NAlvarez_SchoolMap/LevelDesign/Content/DekoClass/Materials/MI_Books_03b.uasset" 2331
"C:/Users/Alvar/Downloads/Level Design/NAlvarez_SchoolMap/LevelDesign/Content/DekoClass/Materials/MI_Books_03b.uexp" 2332
"C:/Users/Alvar/Downloads/Level Design/NAlvarez_SchoolMap/LevelDesign/Content/DekoClass/Meshes/SM_Books_03e.ubulk" 2333
"C:/Users/Alvar/Downloads/Level Design/NAlvarez_SchoolMap/LevelDesign/Content/DekoClass/Meshes/SM_Books_03e.uasset" 2334
"C:/Users/Alvar/Downloads/Level Design/NAlvarez_SchoolMap/LevelDesign/Content/DekoClass/Meshes/SM_Books_03e.uexp" 2335
"C:/Users/Alvar/Downloads/Level Design/NAlvarez_SchoolMap/LevelDesign/Content/DekoClass/Meshes/SM_Books_03d.ubulk" 2336
"C:/Users/Alvar/Downloads/Level Design/NAlvarez_SchoolMap/LevelDesign/Content/DekoClass/Meshes/SM_Books_03d.uasset" 2337
"C:/Users/Alvar/Downloads/Level Design/NAlvarez_SchoolMap/LevelDesign/Content/DekoClass/Meshes/SM_Books_03d.uexp" 2338
"C:/Users/Alvar/Downloads/Level Design/NAlvarez_SchoolMap/LevelDesign/Content/DekoClass/Textures/Unique/TX_Book_03a_RMA.ubulk" 2339
"C:/Users/Alvar/Downloads/Level Design/NAlvarez_SchoolMap/LevelDesign/Content/DekoClass/Textures/Unique/TX_Book_03a_RMA.uasset" 2340
"C:/Users/Alvar/Downloads/Level Design/NAlvarez_SchoolMap/LevelDesign/Content/DekoClass/Textures/Unique/TX_Book_03a_RMA.uexp" 2341
"C:/Users/Alvar/Downloads/Level Design/NAlvarez_SchoolMap/LevelDesign/Content/DekoClass/Textures/Unique/TX_Book_03a_NRM.ubulk" 2342
"C:/Users/Alvar/Downloads/Level Design/NAlvarez_SchoolMap/LevelDesign/Content/DekoClass/Textures/Unique/TX_Book_03a_NRM.uasset" 2343
"C:/Users/Alvar/Downloads/Level Design/NAlvarez_SchoolMap/LevelDesign/Content/DekoClass/Textures/Unique/TX_Book_03a_NRM.uexp" 2344
"C:/Users/Alvar/Downloads/Level Design/NAlvarez_SchoolMap/LevelDesign/Content/DekoClass/Textures/Unique/TX_Book_03a_ALB.ubulk" 2345
"C:/Users/Alvar/Downloads/Level Design/NAlvarez_SchoolMap/LevelDesign/Content/DekoClass/Textures/Unique/TX_Book_03a_ALB.uasset" 2346
"C:/Users/Alvar/Downloads/Level Design/NAlvarez_SchoolMap/LevelDesign/Content/DekoClass/Textures/Unique/TX_Book_03a_ALB.uexp" 2347
"C:/Users/Alvar/Downloads/Level Design/NAlvarez_SchoolMap/LevelDesign/Content/DekoClass/Materials/MI_Books_02c.uasset" 2348
"C:/Users/Alvar/Downloads/Level Design/NAlvarez_SchoolMap/LevelDesign/Content/DekoClass/Materials/MI_Books_02c.uexp" 2349
"C:/Users/Alvar/Downloads/Level Design/NAlvarez_SchoolMap/LevelDesign/Content/DekoClass/Meshes/SM_Books_02e.ubulk" 2350
"C:/Users/Alvar/Downloads/Level Design/NAlvarez_SchoolMap/LevelDesign/Content/DekoClass/Meshes/SM_Books_02e.uasset" 2351
"C:/Users/Alvar/Downloads/Level Design/NAlvarez_SchoolMap/LevelDesign/Content/DekoClass/Meshes/SM_Books_02e.uexp" 2352
"C:/Users/Alvar/Downloads/Level Design/NAlvarez_SchoolMap/LevelDesign/Content/DekoClass/Textures/Unique/TX_Book_01b_ALB.ubulk" 2353
"C:/Users/Alvar/Downloads/Level Design/NAlvarez_SchoolMap/LevelDesign/Content/DekoClass/Textures/Unique/TX_Book_01b_ALB.uasset" 2354
"C:/Users/Alvar/Downloads/Level Design/NAlvarez_SchoolMap/LevelDesign/Content/DekoClass/Textures/Unique/TX_Book_01b_ALB.uexp" 2355
"C:/Users/Alvar/Downloads/Level Design/NAlvarez_SchoolMap/LevelDesign/Content/DekoClass/Textures/Unique/TX_Book_01a_RMA.ubulk" 2356
"C:/Users/Alvar/Downloads/Level Design/NAlvarez_SchoolMap/LevelDesign/Content/DekoClass/Textures/Unique/TX_Book_01a_RMA.uasset" 2357
"C:/Users/Alvar/Downloads/Level Design/NAlvarez_SchoolMap/LevelDesign/Content/DekoClass/Textures/Unique/TX_Book_01a_RMA.uexp" 2358
"C:/Users/Alvar/Downloads/Level Design/NAlvarez_SchoolMap/LevelDesign/Content/DekoClass/Textures/Unique/TX_Book_01a_NRM.ubulk" 2359
"C:/Users/Alvar/Downloads/Level Design/NAlvarez_SchoolMap/LevelDesign/Content/DekoClass/Textures/Unique/TX_Book_01a_NRM.uasset" 2360
"C:/Users/Alvar/Downloads/Level Design/NAlvarez_SchoolMap/LevelDesign/Content/DekoClass/Textures/Unique/TX_Book_01a_NRM.uexp" 2361
"C:/Users/Alvar/Downloads/Level Design/NAlvarez_SchoolMap/LevelDesign/Content/DekoClass/Materials/MI_Books_02b.uasset" 2362
"C:/Users/Alvar/Downloads/Level Design/NAlvarez_SchoolMap/LevelDesign/Content/DekoClass/Materials/MI_Books_02b.uexp" 2363
"C:/Users/Alvar/Downloads/Level Design/NAlvarez_SchoolMap/LevelDesign/Content/DekoClass/Meshes/SM_Books_02c.ubulk" 2364
"C:/Users/Alvar/Downloads/Level Design/NAlvarez_SchoolMap/LevelDesign/Content/DekoClass/Meshes/SM_Books_02c.uasset" 2365
"C:/Users/Alvar/Downloads/Level Design/NAlvarez_SchoolMap/LevelDesign/Content/DekoClass/Meshes/SM_Books_02c.uexp" 2366
"C:/Users/Alvar/Downloads/Level Design/NAlvarez_SchoolMap/LevelDesign/Content/DekoClass/Textures/Unique/TX_Blinds_01a_RMA.ubulk" 2367
"C:/Users/Alvar/Downloads/Level Design/NAlvarez_SchoolMap/LevelDesign/Content/DekoClass/Textures/Unique/TX_Blinds_01a_RMA.uasset" 2368
"C:/Users/Alvar/Downloads/Level Design/NAlvarez_SchoolMap/LevelDesign/Content/DekoClass/Textures/Unique/TX_Blinds_01a_RMA.uexp" 2369
"C:/Users/Alvar/Downloads/Level Design/NAlvarez_SchoolMap/LevelDesign/Content/DekoClass/Textures/Unique/TX_Blinds_01a_NRM.ubulk" 2370
"C:/Users/Alvar/Downloads/Level Design/NAlvarez_SchoolMap/LevelDesign/Content/DekoClass/Textures/Unique/TX_Blinds_01a_NRM.uasset" 2371
"C:/Users/Alvar/Downloads/Level Design/NAlvarez_SchoolMap/LevelDesign/Content/DekoClass/Textures/Unique/TX_Blinds_01a_NRM.uexp" 2372
"C:/Users/Alvar/Downloads/Level Design/NAlvarez_SchoolMap/LevelDesign/Content/DekoClass/Textures/Unique/TX_Blinds_01a_ALB.ubulk" 2373
"C:/Users/Alvar/Downloads/Level Design/NAlvarez_SchoolMap/LevelDesign/Content/DekoClass/Textures/Unique/TX_Blinds_01a_ALB.uasset" 2374
"C:/Users/Alvar/Downloads/Level Design/NAlvarez_SchoolMap/LevelDesign/Content/DekoClass/Textures/Unique/TX_Blinds_01a_ALB.uexp" 2375
"C:/Users/Alvar/Downloads/Level Design/NAlvarez_SchoolMap/LevelDesign/Content/DekoClass/Materials/MI_Blinds_01a.uasset" 2376
"C:/Users/Alvar/Downloads/Level Design/NAlvarez_SchoolMap/LevelDesign/Content/DekoClass/Materials/MI_Blinds_01a.uexp" 2377
"C:/Users/Alvar/Downloads/Level Design/NAlvarez_SchoolMap/LevelDesign/Content/DekoClass/Meshes/SM_Blinds_01b.ubulk" 2378
"C:/Users/Alvar/Downloads/Level Design/NAlvarez_SchoolMap/LevelDesign/Content/DekoClass/Meshes/SM_Blinds_01b.uasset" 2379
"C:/Users/Alvar/Downloads/Level Design/NAlvarez_SchoolMap/LevelDesign/Content/DekoClass/Meshes/SM_Blinds_01b.uexp" 2380
"C:/Users/Alvar/Downloads/Level Design/NAlvarez_SchoolMap/LevelDesign/Content/DekoClass/Materials/MM_Metal_01a.uasset" 2381
"C:/Users/Alvar/Downloads/Level Design/NAlvarez_SchoolMap/LevelDesign/Content/DekoClass/Materials/MM_Metal_01a.uexp" 2382
"C:/Users/Alvar/Downloads/Level Design/NAlvarez_SchoolMap/LevelDesign/Content/DekoClass/Meshes/SM_Bin_01a.ubulk" 2383
"C:/Users/Alvar/Downloads/Level Design/NAlvarez_SchoolMap/LevelDesign/Content/DekoClass/Meshes/SM_Bin_01a.uasset" 2384
"C:/Users/Alvar/Downloads/Level Design/NAlvarez_SchoolMap/LevelDesign/Content/DekoClass/Meshes/SM_Bin_01a.uexp" 2385
"C:/Users/Alvar/Downloads/Level Design/NAlvarez_SchoolMap/LevelDesign/Content/DekoClass/Textures/Unique/TX_Binder_01a_RMA.ubulk" 2386
"C:/Users/Alvar/Downloads/Level Design/NAlvarez_SchoolMap/LevelDesign/Content/DekoClass/Textures/Unique/TX_Binder_01a_RMA.uasset" 2387
"C:/Users/Alvar/Downloads/Level Design/NAlvarez_SchoolMap/LevelDesign/Content/DekoClass/Textures/Unique/TX_Binder_01a_RMA.uexp" 2388
"C:/Users/Alvar/Downloads/Level Design/NAlvarez_SchoolMap/LevelDesign/Content/DekoClass/Textures/Unique/TX_Binder_01a_NRM.ubulk" 2389
"C:/Users/Alvar/Downloads/Level Design/NAlvarez_SchoolMap/LevelDesign/Content/DekoClass/Textures/Unique/TX_Binder_01a_NRM.uasset" 2390
"C:/Users/Alvar/Downloads/Level Design/NAlvarez_SchoolMap/LevelDesign/Content/DekoClass/Textures/Unique/TX_Binder_01a_NRM.uexp" 2391
"C:/Users/Alvar/Downloads/Level Design/NAlvarez_SchoolMap/LevelDesign/Content/DekoClass/Textures/Unique/TX_Binder_01a_ALB.ubulk" 2392
"C:/Users/Alvar/Downloads/Level Design/NAlvarez_SchoolMap/LevelDesign/Content/DekoClass/Textures/Unique/TX_Binder_01a_ALB.uasset" 2393
"C:/Users/Alvar/Downloads/Level Design/NAlvarez_SchoolMap/LevelDesign/Content/DekoClass/Textures/Unique/TX_Binder_01a_ALB.uexp" 2394
"C:/Users/Alvar/Downloads/Level Design/NAlvarez_SchoolMap/LevelDesign/Content/DekoClass/Materials/MI_Binders_01a.uasset" 2395
"C:/Users/Alvar/Downloads/Level Design/NAlvarez_SchoolMap/LevelDesign/Content/DekoClass/Materials/MI_Binders_01a.uexp" 2396
"C:/Users/Alvar/Downloads/Level Design/NAlvarez_SchoolMap/LevelDesign/Content/DekoClass/Meshes/SM_Binder_01e.ubulk" 2397
"C:/Users/Alvar/Downloads/Level Design/NAlvarez_SchoolMap/LevelDesign/Content/DekoClass/Meshes/SM_Binder_01e.uasset" 2398
"C:/Users/Alvar/Downloads/Level Design/NAlvarez_SchoolMap/LevelDesign/Content/DekoClass/Meshes/SM_Binder_01e.uexp" 2399
"C:/Users/Alvar/Downloads/Level Design/NAlvarez_SchoolMap/LevelDesign/Content/DekoClass/Textures/Unique/TX_Adjustable_Tv_Cart_01a_RMA.ubulk" 2400
"C:/Users/Alvar/Downloads/Level Design/NAlvarez_SchoolMap/LevelDesign/Content/DekoClass/Textures/Unique/TX_Adjustable_Tv_Cart_01a_RMA.uasset" 2401
"C:/Users/Alvar/Downloads/Level Design/NAlvarez_SchoolMap/LevelDesign/Content/DekoClass/Textures/Unique/TX_Adjustable_Tv_Cart_01a_RMA.uexp" 2402
"C:/Users/Alvar/Downloads/Level Design/NAlvarez_SchoolMap/LevelDesign/Content/DekoClass/Textures/Unique/TX_Adjustable_Tv_Cart_01a_NRM.ubulk" 2403
"C:/Users/Alvar/Downloads/Level Design/NAlvarez_SchoolMap/LevelDesign/Content/DekoClass/Textures/Unique/TX_Adjustable_Tv_Cart_01a_NRM.uasset" 2404
"C:/Users/Alvar/Downloads/Level Design/NAlvarez_SchoolMap/LevelDesign/Content/DekoClass/Textures/Unique/TX_Adjustable_Tv_Cart_01a_NRM.uexp" 2405
"C:/Users/Alvar/Downloads/Level Design/NAlvarez_SchoolMap/LevelDesign/Content/DekoClass/Textures/Unique/TX_Adjustable_Tv_Cart_01a_ALB.ubulk" 2406
"C:/Users/Alvar/Downloads/Level Design/NAlvarez_SchoolMap/LevelDesign/Content/DekoClass/Textures/Unique/TX_Adjustable_Tv_Cart_01a_ALB.uasset" 2407
"C:/Users/Alvar/Downloads/Level Design/NAlvarez_SchoolMap/LevelDesign/Content/DekoClass/Textures/Unique/TX_Adjustable_Tv_Cart_01a_ALB.uexp" 2408
"C:/Users/Alvar/Downloads/Level Design/NAlvarez_SchoolMap/LevelDesign/Content/DekoClass/Materials/MI_Adjustable_TV_Cart_01a.uasset" 2409
"C:/Users/Alvar/Downloads/Level Design/NAlvarez_SchoolMap/LevelDesign/Content/DekoClass/Materials/MI_Adjustable_TV_Cart_01a.uexp" 2410
"C:/Users/Alvar/Downloads/Level Design/NAlvarez_SchoolMap/LevelDesign/Content/DekoClass/Meshes/SM_Adjustable_Tv_Cart_01b.ubulk" 2411
"C:/Users/Alvar/Downloads/Level Design/NAlvarez_SchoolMap/LevelDesign/Content/DekoClass/Meshes/SM_Adjustable_Tv_Cart_01b.uasset" 2412
"C:/Users/Alvar/Downloads/Level Design/NAlvarez_SchoolMap/LevelDesign/Content/DekoClass/Meshes/SM_Adjustable_Tv_Cart_01b.uexp" 2413
"C:/Users/Alvar/Downloads/Level Design/NAlvarez_SchoolMap/LevelDesign/Content/DekoClass/Meshes/SM_Adjustable_Tv_Cart_01a.ubulk" 2414
"C:/Users/Alvar/Downloads/Level Design/NAlvarez_SchoolMap/LevelDesign/Content/DekoClass/Meshes/SM_Adjustable_Tv_Cart_01a.uasset" 2415
"C:/Users/Alvar/Downloads/Level Design/NAlvarez_SchoolMap/LevelDesign/Content/DekoClass/Meshes/SM_Adjustable_Tv_Cart_01a.uexp" 2416
"../../../Engine/Content/EngineMaterials/Substrate/Glints2/AGlintTex2dArray2.uasset" 2417
"../../../Engine/Content/EngineMaterials/Substrate/Glints2/AGlintTex2dArray2.uexp" 2418
"../../../Engine/Content/EngineMaterials/Substrate/GLints/AGlintTex2dArray.uasset" 2419
"../../../Engine/Content/EngineMaterials/Substrate/GLints/AGlintTex2dArray.uexp" 2420
"../../../Engine/Content/ArtTools/RenderToTexture/Meshes/S_1_Unit_Plane.ubulk" 2421
"../../../Engine/Content/ArtTools/RenderToTexture/Meshes/S_1_Unit_Plane.uasset" 2422
"../../../Engine/Content/ArtTools/RenderToTexture/Meshes/S_1_Unit_Plane.uexp" 2423
"../../../Engine/Content/ArtTools/RenderToTexture/Textures/127grey.uasset" 2424
"../../../Engine/Content/ArtTools/RenderToTexture/Textures/127grey.uexp" 2425
"../../../Engine/Content/EngineMaterials/DefaultDiffuse_TC_Masks.ubulk" 2426
"../../../Engine/Content/EngineMaterials/DefaultDiffuse_TC_Masks.uasset" 2427
"../../../Engine/Content/EngineMaterials/DefaultDiffuse_TC_Masks.uexp" 2428
"../../../Engine/Content/VREditor/Devices/Vive/VivePreController_MasksB.ubulk" 2429
"../../../Engine/Content/VREditor/Devices/Vive/VivePreController_MasksB.uasset" 2430
"../../../Engine/Content/VREditor/Devices/Vive/VivePreController_MasksB.uexp" 2431
"C:/Users/Alvar/Downloads/Level Design/NAlvarez_SchoolMap/LevelDesign/Content/AbandonedPowerPlant/Materials/M_Master_Masked.uasset" 2432
"C:/Users/Alvar/Downloads/Level Design/NAlvarez_SchoolMap/LevelDesign/Content/AbandonedPowerPlant/Materials/M_Master_Masked.uexp" 2433
"C:/Users/Alvar/Downloads/Level Design/NAlvarez_SchoolMap/LevelDesign/Content/AbandonedPowerPlant/Assets/Windows/Textures/T_Window_Tall_01_Rusty_Albedo.ubulk" 2434
"C:/Users/Alvar/Downloads/Level Design/NAlvarez_SchoolMap/LevelDesign/Content/AbandonedPowerPlant/Assets/Windows/Textures/T_Window_Tall_01_Rusty_Albedo.uasset" 2435
"C:/Users/Alvar/Downloads/Level Design/NAlvarez_SchoolMap/LevelDesign/Content/AbandonedPowerPlant/Assets/Windows/Textures/T_Window_Tall_01_Rusty_Albedo.uexp" 2436
"C:/Users/Alvar/Downloads/Level Design/NAlvarez_SchoolMap/LevelDesign/Content/AbandonedPowerPlant/Assets/Windows/Textures/T_Window_Tall_01_Rusty_Masks.ubulk" 2437
"C:/Users/Alvar/Downloads/Level Design/NAlvarez_SchoolMap/LevelDesign/Content/AbandonedPowerPlant/Assets/Windows/Textures/T_Window_Tall_01_Rusty_Masks.uasset" 2438
"C:/Users/Alvar/Downloads/Level Design/NAlvarez_SchoolMap/LevelDesign/Content/AbandonedPowerPlant/Assets/Windows/Textures/T_Window_Tall_01_Rusty_Masks.uexp" 2439
"C:/Users/Alvar/Downloads/Level Design/NAlvarez_SchoolMap/LevelDesign/Content/AbandonedPowerPlant/Assets/Windows/Textures/T_Window_Tall_01_Rusty_Normal.ubulk" 2440
"C:/Users/Alvar/Downloads/Level Design/NAlvarez_SchoolMap/LevelDesign/Content/AbandonedPowerPlant/Assets/Windows/Textures/T_Window_Tall_01_Rusty_Normal.uasset" 2441
"C:/Users/Alvar/Downloads/Level Design/NAlvarez_SchoolMap/LevelDesign/Content/AbandonedPowerPlant/Assets/Windows/Textures/T_Window_Tall_01_Rusty_Normal.uexp" 2442
"C:/Users/Alvar/Downloads/Level Design/NAlvarez_SchoolMap/LevelDesign/Content/AbandonedPowerPlant/Assets/Windows/MI_Windows_01.uasset" 2443
"C:/Users/Alvar/Downloads/Level Design/NAlvarez_SchoolMap/LevelDesign/Content/AbandonedPowerPlant/Assets/Windows/MI_Windows_01.uexp" 2444
"C:/Users/Alvar/Downloads/Level Design/NAlvarez_SchoolMap/LevelDesign/Content/AbandonedPowerPlant/Assets/Windows/SM_Window_Medium_01.ubulk" 2445
"C:/Users/Alvar/Downloads/Level Design/NAlvarez_SchoolMap/LevelDesign/Content/AbandonedPowerPlant/Assets/Windows/SM_Window_Medium_01.uasset" 2446
"C:/Users/Alvar/Downloads/Level Design/NAlvarez_SchoolMap/LevelDesign/Content/AbandonedPowerPlant/Assets/Windows/SM_Window_Medium_01.uexp" 2447
"C:/Users/Alvar/Downloads/Level Design/NAlvarez_SchoolMap/LevelDesign/Content/AbandonedPowerPlant/Assets/Walls/Textures/T_WallBare_Albedo.ubulk" 2448
"C:/Users/Alvar/Downloads/Level Design/NAlvarez_SchoolMap/LevelDesign/Content/AbandonedPowerPlant/Assets/Walls/Textures/T_WallBare_Albedo.uasset" 2449
"C:/Users/Alvar/Downloads/Level Design/NAlvarez_SchoolMap/LevelDesign/Content/AbandonedPowerPlant/Assets/Walls/Textures/T_WallBare_Albedo.uexp" 2450
"C:/Users/Alvar/Downloads/Level Design/NAlvarez_SchoolMap/LevelDesign/Content/AbandonedPowerPlant/Assets/Walls/Textures/T_WallBare_Masks.ubulk" 2451
"C:/Users/Alvar/Downloads/Level Design/NAlvarez_SchoolMap/LevelDesign/Content/AbandonedPowerPlant/Assets/Walls/Textures/T_WallBare_Masks.uasset" 2452
"C:/Users/Alvar/Downloads/Level Design/NAlvarez_SchoolMap/LevelDesign/Content/AbandonedPowerPlant/Assets/Walls/Textures/T_WallBare_Masks.uexp" 2453
"C:/Users/Alvar/Downloads/Level Design/NAlvarez_SchoolMap/LevelDesign/Content/AbandonedPowerPlant/Assets/Walls/Textures/T_WallBare_Normal.ubulk" 2454
"C:/Users/Alvar/Downloads/Level Design/NAlvarez_SchoolMap/LevelDesign/Content/AbandonedPowerPlant/Assets/Walls/Textures/T_WallBare_Normal.uasset" 2455
"C:/Users/Alvar/Downloads/Level Design/NAlvarez_SchoolMap/LevelDesign/Content/AbandonedPowerPlant/Assets/Walls/Textures/T_WallBare_Normal.uexp" 2456
"C:/Users/Alvar/Downloads/Level Design/NAlvarez_SchoolMap/LevelDesign/Content/AbandonedPowerPlant/Assets/Walls/MI_Wall_Bare_01.uasset" 2457
"C:/Users/Alvar/Downloads/Level Design/NAlvarez_SchoolMap/LevelDesign/Content/AbandonedPowerPlant/Assets/Walls/MI_Wall_Bare_01.uexp" 2458
"C:/Users/Alvar/Downloads/Level Design/NAlvarez_SchoolMap/LevelDesign/Content/AbandonedPowerPlant/Assets/Walls/SM_Wall_Window_Wide_02.ubulk" 2459
"C:/Users/Alvar/Downloads/Level Design/NAlvarez_SchoolMap/LevelDesign/Content/AbandonedPowerPlant/Assets/Walls/SM_Wall_Window_Wide_02.uasset" 2460
"C:/Users/Alvar/Downloads/Level Design/NAlvarez_SchoolMap/LevelDesign/Content/AbandonedPowerPlant/Assets/Walls/SM_Wall_Window_Wide_02.uexp" 2461
"C:/Users/Alvar/Downloads/Level Design/NAlvarez_SchoolMap/LevelDesign/Content/AbandonedPowerPlant/Assets/Walls/Textures/T_WallPaintedBottom_Albedo.ubulk" 2462
"C:/Users/Alvar/Downloads/Level Design/NAlvarez_SchoolMap/LevelDesign/Content/AbandonedPowerPlant/Assets/Walls/Textures/T_WallPaintedBottom_Albedo.uasset" 2463
"C:/Users/Alvar/Downloads/Level Design/NAlvarez_SchoolMap/LevelDesign/Content/AbandonedPowerPlant/Assets/Walls/Textures/T_WallPaintedBottom_Albedo.uexp" 2464
"C:/Users/Alvar/Downloads/Level Design/NAlvarez_SchoolMap/LevelDesign/Content/AbandonedPowerPlant/Assets/Walls/Textures/T_WallPaintedBottom_Masks.ubulk" 2465
"C:/Users/Alvar/Downloads/Level Design/NAlvarez_SchoolMap/LevelDesign/Content/AbandonedPowerPlant/Assets/Walls/Textures/T_WallPaintedBottom_Masks.uasset" 2466
"C:/Users/Alvar/Downloads/Level Design/NAlvarez_SchoolMap/LevelDesign/Content/AbandonedPowerPlant/Assets/Walls/Textures/T_WallPaintedBottom_Masks.uexp" 2467
"C:/Users/Alvar/Downloads/Level Design/NAlvarez_SchoolMap/LevelDesign/Content/AbandonedPowerPlant/Assets/Walls/Textures/T_WallPaintedBottom_Normal.ubulk" 2468
"C:/Users/Alvar/Downloads/Level Design/NAlvarez_SchoolMap/LevelDesign/Content/AbandonedPowerPlant/Assets/Walls/Textures/T_WallPaintedBottom_Normal.uasset" 2469
"C:/Users/Alvar/Downloads/Level Design/NAlvarez_SchoolMap/LevelDesign/Content/AbandonedPowerPlant/Assets/Walls/Textures/T_WallPaintedBottom_Normal.uexp" 2470
"C:/Users/Alvar/Downloads/Level Design/NAlvarez_SchoolMap/LevelDesign/Content/AbandonedPowerPlant/Assets/Walls/MI_Wall_Painted_Bottom_01.uasset" 2471
"C:/Users/Alvar/Downloads/Level Design/NAlvarez_SchoolMap/LevelDesign/Content/AbandonedPowerPlant/Assets/Walls/MI_Wall_Painted_Bottom_01.uexp" 2472
"C:/Users/Alvar/Downloads/Level Design/NAlvarez_SchoolMap/LevelDesign/Content/AbandonedPowerPlant/Assets/Walls/SM_Wall_Window_Wide_01.ubulk" 2473
"C:/Users/Alvar/Downloads/Level Design/NAlvarez_SchoolMap/LevelDesign/Content/AbandonedPowerPlant/Assets/Walls/SM_Wall_Window_Wide_01.uasset" 2474
"C:/Users/Alvar/Downloads/Level Design/NAlvarez_SchoolMap/LevelDesign/Content/AbandonedPowerPlant/Assets/Walls/SM_Wall_Window_Wide_01.uexp" 2475
"C:/Users/Alvar/Downloads/Level Design/NAlvarez_SchoolMap/LevelDesign/Content/AbandonedPowerPlant/Assets/Walls/SM_Wall_Plain_Outward_300.ubulk" 2476
"C:/Users/Alvar/Downloads/Level Design/NAlvarez_SchoolMap/LevelDesign/Content/AbandonedPowerPlant/Assets/Walls/SM_Wall_Plain_Outward_300.uasset" 2477
"C:/Users/Alvar/Downloads/Level Design/NAlvarez_SchoolMap/LevelDesign/Content/AbandonedPowerPlant/Assets/Walls/SM_Wall_Plain_Outward_300.uexp" 2478
"C:/Users/Alvar/Downloads/Level Design/NAlvarez_SchoolMap/LevelDesign/Content/AbandonedPowerPlant/Assets/Walls/SM_Wall_Plain_Outward_200.ubulk" 2479
"C:/Users/Alvar/Downloads/Level Design/NAlvarez_SchoolMap/LevelDesign/Content/AbandonedPowerPlant/Assets/Walls/SM_Wall_Plain_Outward_200.uasset" 2480
"C:/Users/Alvar/Downloads/Level Design/NAlvarez_SchoolMap/LevelDesign/Content/AbandonedPowerPlant/Assets/Walls/SM_Wall_Plain_Outward_200.uexp" 2481
"C:/Users/Alvar/Downloads/Level Design/NAlvarez_SchoolMap/LevelDesign/Content/AbandonedPowerPlant/Assets/Walls/SM_Wall_Plain_300.ubulk" 2482
"C:/Users/Alvar/Downloads/Level Design/NAlvarez_SchoolMap/LevelDesign/Content/AbandonedPowerPlant/Assets/Walls/SM_Wall_Plain_300.uasset" 2483
"C:/Users/Alvar/Downloads/Level Design/NAlvarez_SchoolMap/LevelDesign/Content/AbandonedPowerPlant/Assets/Walls/SM_Wall_Plain_300.uexp" 2484
"C:/Users/Alvar/Downloads/Level Design/NAlvarez_SchoolMap/LevelDesign/Content/AbandonedPowerPlant/Assets/Walls/SM_Wall_Plain_200.ubulk" 2485
"C:/Users/Alvar/Downloads/Level Design/NAlvarez_SchoolMap/LevelDesign/Content/AbandonedPowerPlant/Assets/Walls/SM_Wall_Plain_200.uasset" 2486
"C:/Users/Alvar/Downloads/Level Design/NAlvarez_SchoolMap/LevelDesign/Content/AbandonedPowerPlant/Assets/Walls/SM_Wall_Plain_200.uexp" 2487
"C:/Users/Alvar/Downloads/Level Design/NAlvarez_SchoolMap/LevelDesign/Content/AbandonedPowerPlant/Assets/Walls/SM_Wall_Plain_100.ubulk" 2488
"C:/Users/Alvar/Downloads/Level Design/NAlvarez_SchoolMap/LevelDesign/Content/AbandonedPowerPlant/Assets/Walls/SM_Wall_Plain_100.uasset" 2489
"C:/Users/Alvar/Downloads/Level Design/NAlvarez_SchoolMap/LevelDesign/Content/AbandonedPowerPlant/Assets/Walls/SM_Wall_Plain_100.uexp" 2490
"C:/Users/Alvar/Downloads/Level Design/NAlvarez_SchoolMap/LevelDesign/Content/AbandonedPowerPlant/Assets/Walls/SM_Wall_Door_Large_01.ubulk" 2491
"C:/Users/Alvar/Downloads/Level Design/NAlvarez_SchoolMap/LevelDesign/Content/AbandonedPowerPlant/Assets/Walls/SM_Wall_Door_Large_01.uasset" 2492
"C:/Users/Alvar/Downloads/Level Design/NAlvarez_SchoolMap/LevelDesign/Content/AbandonedPowerPlant/Assets/Walls/SM_Wall_Door_Large_01.uexp" 2493
"C:/Users/Alvar/Downloads/Level Design/NAlvarez_SchoolMap/LevelDesign/Content/AbandonedPowerPlant/Assets/Walls/SM_Wall_Door_300_01.ubulk" 2494
"C:/Users/Alvar/Downloads/Level Design/NAlvarez_SchoolMap/LevelDesign/Content/AbandonedPowerPlant/Assets/Walls/SM_Wall_Door_300_01.uasset" 2495
"C:/Users/Alvar/Downloads/Level Design/NAlvarez_SchoolMap/LevelDesign/Content/AbandonedPowerPlant/Assets/Walls/SM_Wall_Door_300_01.uexp" 2496
"C:/Users/Alvar/Downloads/Level Design/NAlvarez_SchoolMap/LevelDesign/Content/AbandonedPowerPlant/Assets/Walls/SM_Pillar_Half_01.ubulk" 2497
"C:/Users/Alvar/Downloads/Level Design/NAlvarez_SchoolMap/LevelDesign/Content/AbandonedPowerPlant/Assets/Walls/SM_Pillar_Half_01.uasset" 2498
"C:/Users/Alvar/Downloads/Level Design/NAlvarez_SchoolMap/LevelDesign/Content/AbandonedPowerPlant/Assets/Walls/SM_Pillar_Half_01.uexp" 2499
"C:/Users/Alvar/Downloads/Level Design/NAlvarez_SchoolMap/LevelDesign/Content/AbandonedPowerPlant/Assets/Walls/SM_Corner_Bare.ubulk" 2500
"C:/Users/Alvar/Downloads/Level Design/NAlvarez_SchoolMap/LevelDesign/Content/AbandonedPowerPlant/Assets/Walls/SM_Corner_Bare.uasset" 2501
"C:/Users/Alvar/Downloads/Level Design/NAlvarez_SchoolMap/LevelDesign/Content/AbandonedPowerPlant/Assets/Walls/SM_Corner_Bare.uexp" 2502
"C:/Users/Alvar/Downloads/Level Design/NAlvarez_SchoolMap/LevelDesign/Content/AbandonedPowerPlant/Assets/Walls/SM_Corner_01.ubulk" 2503
"C:/Users/Alvar/Downloads/Level Design/NAlvarez_SchoolMap/LevelDesign/Content/AbandonedPowerPlant/Assets/Walls/SM_Corner_01.uasset" 2504
"C:/Users/Alvar/Downloads/Level Design/NAlvarez_SchoolMap/LevelDesign/Content/AbandonedPowerPlant/Assets/Walls/SM_Corner_01.uexp" 2505
"C:/Users/Alvar/Downloads/Level Design/NAlvarez_SchoolMap/LevelDesign/Content/AbandonedPowerPlant/Assets/Rubble/Textures/T_Rubble_01_Concrete_Albedo.ubulk" 2506
"C:/Users/Alvar/Downloads/Level Design/NAlvarez_SchoolMap/LevelDesign/Content/AbandonedPowerPlant/Assets/Rubble/Textures/T_Rubble_01_Concrete_Albedo.uasset" 2507
"C:/Users/Alvar/Downloads/Level Design/NAlvarez_SchoolMap/LevelDesign/Content/AbandonedPowerPlant/Assets/Rubble/Textures/T_Rubble_01_Concrete_Albedo.uexp" 2508
"C:/Users/Alvar/Downloads/Level Design/NAlvarez_SchoolMap/LevelDesign/Content/AbandonedPowerPlant/Assets/Rubble/Textures/T_Rubble_01_Concrete_Masks.ubulk" 2509
"C:/Users/Alvar/Downloads/Level Design/NAlvarez_SchoolMap/LevelDesign/Content/AbandonedPowerPlant/Assets/Rubble/Textures/T_Rubble_01_Concrete_Masks.uasset" 2510
"C:/Users/Alvar/Downloads/Level Design/NAlvarez_SchoolMap/LevelDesign/Content/AbandonedPowerPlant/Assets/Rubble/Textures/T_Rubble_01_Concrete_Masks.uexp" 2511
"C:/Users/Alvar/Downloads/Level Design/NAlvarez_SchoolMap/LevelDesign/Content/AbandonedPowerPlant/Assets/Rubble/Textures/T_Rubble_01_Concrete_Normal.ubulk" 2512
"C:/Users/Alvar/Downloads/Level Design/NAlvarez_SchoolMap/LevelDesign/Content/AbandonedPowerPlant/Assets/Rubble/Textures/T_Rubble_01_Concrete_Normal.uasset" 2513
"C:/Users/Alvar/Downloads/Level Design/NAlvarez_SchoolMap/LevelDesign/Content/AbandonedPowerPlant/Assets/Rubble/Textures/T_Rubble_01_Concrete_Normal.uexp" 2514
"C:/Users/Alvar/Downloads/Level Design/NAlvarez_SchoolMap/LevelDesign/Content/AbandonedPowerPlant/Assets/Rubble/MI_Rubble_01.uasset" 2515
"C:/Users/Alvar/Downloads/Level Design/NAlvarez_SchoolMap/LevelDesign/Content/AbandonedPowerPlant/Assets/Rubble/MI_Rubble_01.uexp" 2516
"C:/Users/Alvar/Downloads/Level Design/NAlvarez_SchoolMap/LevelDesign/Content/AbandonedPowerPlant/Assets/Rubble/SM_Rubble_04.ubulk" 2517
"C:/Users/Alvar/Downloads/Level Design/NAlvarez_SchoolMap/LevelDesign/Content/AbandonedPowerPlant/Assets/Rubble/SM_Rubble_04.uasset" 2518
"C:/Users/Alvar/Downloads/Level Design/NAlvarez_SchoolMap/LevelDesign/Content/AbandonedPowerPlant/Assets/Rubble/SM_Rubble_04.uexp" 2519
"C:/Users/Alvar/Downloads/Level Design/NAlvarez_SchoolMap/LevelDesign/Content/AbandonedPowerPlant/Assets/Rubble/SM_Rubble_02.ubulk" 2520
"C:/Users/Alvar/Downloads/Level Design/NAlvarez_SchoolMap/LevelDesign/Content/AbandonedPowerPlant/Assets/Rubble/SM_Rubble_02.uasset" 2521
"C:/Users/Alvar/Downloads/Level Design/NAlvarez_SchoolMap/LevelDesign/Content/AbandonedPowerPlant/Assets/Rubble/SM_Rubble_02.uexp" 2522
"C:/Users/Alvar/Downloads/Level Design/NAlvarez_SchoolMap/LevelDesign/Content/AbandonedPowerPlant/Assets/Floor/SM_Floor_01.ubulk" 2523
"C:/Users/Alvar/Downloads/Level Design/NAlvarez_SchoolMap/LevelDesign/Content/AbandonedPowerPlant/Assets/Floor/SM_Floor_01.uasset" 2524
"C:/Users/Alvar/Downloads/Level Design/NAlvarez_SchoolMap/LevelDesign/Content/AbandonedPowerPlant/Assets/Floor/SM_Floor_01.uexp" 2525
"C:/Users/Alvar/Downloads/Level Design/NAlvarez_SchoolMap/LevelDesign/Content/Suburbs/VOL21_RetroDecor/Textures/TX_Knick_Knacks_NN_01a_RMA.ubulk" 2526
"C:/Users/Alvar/Downloads/Level Design/NAlvarez_SchoolMap/LevelDesign/Content/Suburbs/VOL21_RetroDecor/Textures/TX_Knick_Knacks_NN_01a_RMA.uasset" 2527
"C:/Users/Alvar/Downloads/Level Design/NAlvarez_SchoolMap/LevelDesign/Content/Suburbs/VOL21_RetroDecor/Textures/TX_Knick_Knacks_NN_01a_RMA.uexp" 2528
"C:/Users/Alvar/Downloads/Level Design/NAlvarez_SchoolMap/LevelDesign/Content/Suburbs/VOL21_RetroDecor/Textures/TX_Knick_Knacks_NN_01a_NRM.ubulk" 2529
"C:/Users/Alvar/Downloads/Level Design/NAlvarez_SchoolMap/LevelDesign/Content/Suburbs/VOL21_RetroDecor/Textures/TX_Knick_Knacks_NN_01a_NRM.uasset" 2530
"C:/Users/Alvar/Downloads/Level Design/NAlvarez_SchoolMap/LevelDesign/Content/Suburbs/VOL21_RetroDecor/Textures/TX_Knick_Knacks_NN_01a_NRM.uexp" 2531
"C:/Users/Alvar/Downloads/Level Design/NAlvarez_SchoolMap/LevelDesign/Content/Suburbs/VOL21_RetroDecor/Textures/TX_Knick_Knacks_NN_01a_ALB.ubulk" 2532
"C:/Users/Alvar/Downloads/Level Design/NAlvarez_SchoolMap/LevelDesign/Content/Suburbs/VOL21_RetroDecor/Textures/TX_Knick_Knacks_NN_01a_ALB.uasset" 2533
"C:/Users/Alvar/Downloads/Level Design/NAlvarez_SchoolMap/LevelDesign/Content/Suburbs/VOL21_RetroDecor/Textures/TX_Knick_Knacks_NN_01a_ALB.uexp" 2534
"../../../Engine/Content/Functions/Engine_MaterialFunctions02/Math/InverseTransformMatrix.uasset" 2535
"../../../Engine/Content/Functions/Engine_MaterialFunctions02/Math/InverseTransformMatrix.uexp" 2536
"../../../Engine/Content/Functions/Engine_MaterialFunctions02/Math/CreateThirdOrthogonalVector.uasset" 2537
"../../../Engine/Content/Functions/Engine_MaterialFunctions02/Math/CreateThirdOrthogonalVector.uexp" 2538
"../../../Engine/Content/EngineVolumetrics/Fogsheet/Materials/T_EV_BlankWhite_01.uasset" 2539
"../../../Engine/Content/EngineVolumetrics/Fogsheet/Materials/T_EV_BlankWhite_01.uexp" 2540
"../../../Engine/Content/Functions/Engine_MaterialFunctions02/Math/TransformToZVector.uasset" 2541
"../../../Engine/Content/Functions/Engine_MaterialFunctions02/Math/TransformToZVector.uexp" 2542
"../../../Engine/Content/Functions/Engine_MaterialFunctions01/Texturing/ParallaxOcclusionMapping.uasset" 2543
"../../../Engine/Content/Functions/Engine_MaterialFunctions01/Texturing/ParallaxOcclusionMapping.uexp" 2544
"C:/Users/Alvar/Downloads/Level Design/NAlvarez_SchoolMap/LevelDesign/Content/Suburbs/VOL21_RetroDecor/Materials/MF_Detail_Normal_01a.uasset" 2545
"C:/Users/Alvar/Downloads/Level Design/NAlvarez_SchoolMap/LevelDesign/Content/Suburbs/VOL21_RetroDecor/Materials/MF_Detail_Normal_01a.uexp" 2546
"C:/Users/Alvar/Downloads/Level Design/NAlvarez_SchoolMap/LevelDesign/Content/Suburbs/VOL21_RetroDecor/Materials/MF_Dust_01a.uasset" 2547
"C:/Users/Alvar/Downloads/Level Design/NAlvarez_SchoolMap/LevelDesign/Content/Suburbs/VOL21_RetroDecor/Materials/MF_Dust_01a.uexp" 2548
"C:/Users/Alvar/Downloads/Level Design/NAlvarez_SchoolMap/LevelDesign/Content/Suburbs/VOL21_RetroDecor/Materials/MF_LampOffset.uasset" 2549
"C:/Users/Alvar/Downloads/Level Design/NAlvarez_SchoolMap/LevelDesign/Content/Suburbs/VOL21_RetroDecor/Materials/MF_LampOffset.uexp" 2550
"C:/Users/Alvar/Downloads/Level Design/NAlvarez_SchoolMap/LevelDesign/Content/Suburbs/VOL21_RetroDecor/Materials/MF_SplictComponentsPlusAlpha.uasset" 2551
"C:/Users/Alvar/Downloads/Level Design/NAlvarez_SchoolMap/LevelDesign/Content/Suburbs/VOL21_RetroDecor/Materials/MF_SplictComponentsPlusAlpha.uexp" 2552
"C:/Users/Alvar/Downloads/Level Design/NAlvarez_SchoolMap/LevelDesign/Content/Suburbs/VOL21_RetroDecor/Materials/MM_MasterMaterial_01a.uasset" 2553
"C:/Users/Alvar/Downloads/Level Design/NAlvarez_SchoolMap/LevelDesign/Content/Suburbs/VOL21_RetroDecor/Materials/MM_MasterMaterial_01a.uexp" 2554
"C:/Users/Alvar/Downloads/Level Design/NAlvarez_SchoolMap/LevelDesign/Content/Suburbs/VOL21_RetroDecor/Materials/MI_Knickknacks_NN_01a.uasset" 2555
"C:/Users/Alvar/Downloads/Level Design/NAlvarez_SchoolMap/LevelDesign/Content/Suburbs/VOL21_RetroDecor/Materials/MI_Knickknacks_NN_01a.uexp" 2556
"C:/Users/Alvar/Downloads/Level Design/NAlvarez_SchoolMap/LevelDesign/Content/Suburbs/VOL21_RetroDecor/Meshes/NN/SM_Knick_Knacks_NN_01d.ubulk" 2557
"C:/Users/Alvar/Downloads/Level Design/NAlvarez_SchoolMap/LevelDesign/Content/Suburbs/VOL21_RetroDecor/Meshes/NN/SM_Knick_Knacks_NN_01d.uasset" 2558
"C:/Users/Alvar/Downloads/Level Design/NAlvarez_SchoolMap/LevelDesign/Content/Suburbs/VOL21_RetroDecor/Meshes/NN/SM_Knick_Knacks_NN_01d.uexp" 2559
"C:/Users/Alvar/Downloads/Level Design/NAlvarez_SchoolMap/LevelDesign/Content/Suburbs/VOL21_RetroDecor/Textures/TX_Shells_01a_RMA.ubulk" 2560
"C:/Users/Alvar/Downloads/Level Design/NAlvarez_SchoolMap/LevelDesign/Content/Suburbs/VOL21_RetroDecor/Textures/TX_Shells_01a_RMA.uasset" 2561
"C:/Users/Alvar/Downloads/Level Design/NAlvarez_SchoolMap/LevelDesign/Content/Suburbs/VOL21_RetroDecor/Textures/TX_Shells_01a_RMA.uexp" 2562
"C:/Users/Alvar/Downloads/Level Design/NAlvarez_SchoolMap/LevelDesign/Content/Suburbs/VOL21_RetroDecor/Textures/TX_Shells_01a_NRM.ubulk" 2563
"C:/Users/Alvar/Downloads/Level Design/NAlvarez_SchoolMap/LevelDesign/Content/Suburbs/VOL21_RetroDecor/Textures/TX_Shells_01a_NRM.uasset" 2564
"C:/Users/Alvar/Downloads/Level Design/NAlvarez_SchoolMap/LevelDesign/Content/Suburbs/VOL21_RetroDecor/Textures/TX_Shells_01a_NRM.uexp" 2565
"C:/Users/Alvar/Downloads/Level Design/NAlvarez_SchoolMap/LevelDesign/Content/Suburbs/VOL21_RetroDecor/Textures/TX_Shells_01a_ALB.ubulk" 2566
"C:/Users/Alvar/Downloads/Level Design/NAlvarez_SchoolMap/LevelDesign/Content/Suburbs/VOL21_RetroDecor/Textures/TX_Shells_01a_ALB.uasset" 2567
"C:/Users/Alvar/Downloads/Level Design/NAlvarez_SchoolMap/LevelDesign/Content/Suburbs/VOL21_RetroDecor/Textures/TX_Shells_01a_ALB.uexp" 2568
"C:/Users/Alvar/Downloads/Level Design/NAlvarez_SchoolMap/LevelDesign/Content/Suburbs/VOL21_RetroDecor/Materials/MI_Shells_01a.uasset" 2569
"C:/Users/Alvar/Downloads/Level Design/NAlvarez_SchoolMap/LevelDesign/Content/Suburbs/VOL21_RetroDecor/Materials/MI_Shells_01a.uexp" 2570
"C:/Users/Alvar/Downloads/Level Design/NAlvarez_SchoolMap/LevelDesign/Content/Suburbs/VOL21_RetroDecor/Meshes/LP/SM_Shells_01g.ubulk" 2571
"C:/Users/Alvar/Downloads/Level Design/NAlvarez_SchoolMap/LevelDesign/Content/Suburbs/VOL21_RetroDecor/Meshes/LP/SM_Shells_01g.uasset" 2572
"C:/Users/Alvar/Downloads/Level Design/NAlvarez_SchoolMap/LevelDesign/Content/Suburbs/VOL21_RetroDecor/Meshes/LP/SM_Shells_01g.uexp" 2573
"C:/Users/Alvar/Downloads/Level Design/NAlvarez_SchoolMap/LevelDesign/Content/Suburbs/VOL21_RetroDecor/Meshes/LP/SM_Shells_01c.ubulk" 2574
"C:/Users/Alvar/Downloads/Level Design/NAlvarez_SchoolMap/LevelDesign/Content/Suburbs/VOL21_RetroDecor/Meshes/LP/SM_Shells_01c.uasset" 2575
"C:/Users/Alvar/Downloads/Level Design/NAlvarez_SchoolMap/LevelDesign/Content/Suburbs/VOL21_RetroDecor/Meshes/LP/SM_Shells_01c.uexp" 2576
"C:/Users/Alvar/Downloads/Level Design/NAlvarez_SchoolMap/LevelDesign/Content/Suburbs/VOL21_RetroDecor/Textures/TX_Knick_Knacks_99a_RMA.ubulk" 2577
"C:/Users/Alvar/Downloads/Level Design/NAlvarez_SchoolMap/LevelDesign/Content/Suburbs/VOL21_RetroDecor/Textures/TX_Knick_Knacks_99a_RMA.uasset" 2578
"C:/Users/Alvar/Downloads/Level Design/NAlvarez_SchoolMap/LevelDesign/Content/Suburbs/VOL21_RetroDecor/Textures/TX_Knick_Knacks_99a_RMA.uexp" 2579
"C:/Users/Alvar/Downloads/Level Design/NAlvarez_SchoolMap/LevelDesign/Content/Suburbs/VOL21_RetroDecor/Textures/TX_Knick_Knacks_99a_NRM.ubulk" 2580
"C:/Users/Alvar/Downloads/Level Design/NAlvarez_SchoolMap/LevelDesign/Content/Suburbs/VOL21_RetroDecor/Textures/TX_Knick_Knacks_99a_NRM.uasset" 2581
"C:/Users/Alvar/Downloads/Level Design/NAlvarez_SchoolMap/LevelDesign/Content/Suburbs/VOL21_RetroDecor/Textures/TX_Knick_Knacks_99a_NRM.uexp" 2582
"C:/Users/Alvar/Downloads/Level Design/NAlvarez_SchoolMap/LevelDesign/Content/Suburbs/VOL21_RetroDecor/Textures/TX_Knick_Knacks_99a_ALB.ubulk" 2583
"C:/Users/Alvar/Downloads/Level Design/NAlvarez_SchoolMap/LevelDesign/Content/Suburbs/VOL21_RetroDecor/Textures/TX_Knick_Knacks_99a_ALB.uasset" 2584
"C:/Users/Alvar/Downloads/Level Design/NAlvarez_SchoolMap/LevelDesign/Content/Suburbs/VOL21_RetroDecor/Textures/TX_Knick_Knacks_99a_ALB.uexp" 2585
"C:/Users/Alvar/Downloads/Level Design/NAlvarez_SchoolMap/LevelDesign/Content/Suburbs/VOL21_RetroDecor/Materials/MI_Knick_Knacks_99a.uasset" 2586
"C:/Users/Alvar/Downloads/Level Design/NAlvarez_SchoolMap/LevelDesign/Content/Suburbs/VOL21_RetroDecor/Materials/MI_Knick_Knacks_99a.uexp" 2587
"C:/Users/Alvar/Downloads/Level Design/NAlvarez_SchoolMap/LevelDesign/Content/Suburbs/VOL21_RetroDecor/Meshes/LP/SM_Knick_Knacks_99e.ubulk" 2588
"C:/Users/Alvar/Downloads/Level Design/NAlvarez_SchoolMap/LevelDesign/Content/Suburbs/VOL21_RetroDecor/Meshes/LP/SM_Knick_Knacks_99e.uasset" 2589
"C:/Users/Alvar/Downloads/Level Design/NAlvarez_SchoolMap/LevelDesign/Content/Suburbs/VOL21_RetroDecor/Meshes/LP/SM_Knick_Knacks_99e.uexp" 2590
"C:/Users/Alvar/Downloads/Level Design/NAlvarez_SchoolMap/LevelDesign/Content/Suburbs/VOL21_RetroDecor/Meshes/LP/SM_Knick_Knacks_99b.ubulk" 2591
"C:/Users/Alvar/Downloads/Level Design/NAlvarez_SchoolMap/LevelDesign/Content/Suburbs/VOL21_RetroDecor/Meshes/LP/SM_Knick_Knacks_99b.uasset" 2592
"C:/Users/Alvar/Downloads/Level Design/NAlvarez_SchoolMap/LevelDesign/Content/Suburbs/VOL21_RetroDecor/Meshes/LP/SM_Knick_Knacks_99b.uexp" 2593
"C:/Users/Alvar/Downloads/Level Design/NAlvarez_SchoolMap/LevelDesign/Content/Suburbs/VOL21_RetroDecor/Textures/TX_Knick_Knacks_53a_RMA.ubulk" 2594
"C:/Users/Alvar/Downloads/Level Design/NAlvarez_SchoolMap/LevelDesign/Content/Suburbs/VOL21_RetroDecor/Textures/TX_Knick_Knacks_53a_RMA.uasset" 2595
"C:/Users/Alvar/Downloads/Level Design/NAlvarez_SchoolMap/LevelDesign/Content/Suburbs/VOL21_RetroDecor/Textures/TX_Knick_Knacks_53a_RMA.uexp" 2596
"C:/Users/Alvar/Downloads/Level Design/NAlvarez_SchoolMap/LevelDesign/Content/Suburbs/VOL21_RetroDecor/Textures/TX_Knick_Knacks_53a_NRM.ubulk" 2597
"C:/Users/Alvar/Downloads/Level Design/NAlvarez_SchoolMap/LevelDesign/Content/Suburbs/VOL21_RetroDecor/Textures/TX_Knick_Knacks_53a_NRM.uasset" 2598
"C:/Users/Alvar/Downloads/Level Design/NAlvarez_SchoolMap/LevelDesign/Content/Suburbs/VOL21_RetroDecor/Textures/TX_Knick_Knacks_53a_NRM.uexp" 2599
"C:/Users/Alvar/Downloads/Level Design/NAlvarez_SchoolMap/LevelDesign/Content/Suburbs/VOL21_RetroDecor/Textures/TX_Knick_Knacks_53a_ALB.ubulk" 2600
"C:/Users/Alvar/Downloads/Level Design/NAlvarez_SchoolMap/LevelDesign/Content/Suburbs/VOL21_RetroDecor/Textures/TX_Knick_Knacks_53a_ALB.uasset" 2601
"C:/Users/Alvar/Downloads/Level Design/NAlvarez_SchoolMap/LevelDesign/Content/Suburbs/VOL21_RetroDecor/Textures/TX_Knick_Knacks_53a_ALB.uexp" 2602
"C:/Users/Alvar/Downloads/Level Design/NAlvarez_SchoolMap/LevelDesign/Content/Suburbs/VOL21_RetroDecor/Materials/MI_Knickknacks_53a.uasset" 2603
"C:/Users/Alvar/Downloads/Level Design/NAlvarez_SchoolMap/LevelDesign/Content/Suburbs/VOL21_RetroDecor/Materials/MI_Knickknacks_53a.uexp" 2604
"C:/Users/Alvar/Downloads/Level Design/NAlvarez_SchoolMap/LevelDesign/Content/Suburbs/VOL21_RetroDecor/Meshes/LP/SM_Knick_Knacks_53f.ubulk" 2605
"C:/Users/Alvar/Downloads/Level Design/NAlvarez_SchoolMap/LevelDesign/Content/Suburbs/VOL21_RetroDecor/Meshes/LP/SM_Knick_Knacks_53f.uasset" 2606
"C:/Users/Alvar/Downloads/Level Design/NAlvarez_SchoolMap/LevelDesign/Content/Suburbs/VOL21_RetroDecor/Meshes/LP/SM_Knick_Knacks_53f.uexp" 2607
"C:/Users/Alvar/Downloads/Level Design/NAlvarez_SchoolMap/LevelDesign/Content/Suburbs/VOL21_RetroDecor/Meshes/LP/SM_Knick_Knacks_53e.ubulk" 2608
"C:/Users/Alvar/Downloads/Level Design/NAlvarez_SchoolMap/LevelDesign/Content/Suburbs/VOL21_RetroDecor/Meshes/LP/SM_Knick_Knacks_53e.uasset" 2609
"C:/Users/Alvar/Downloads/Level Design/NAlvarez_SchoolMap/LevelDesign/Content/Suburbs/VOL21_RetroDecor/Meshes/LP/SM_Knick_Knacks_53e.uexp" 2610
"C:/Users/Alvar/Downloads/Level Design/NAlvarez_SchoolMap/LevelDesign/Content/Suburbs/VOL21_RetroDecor/Textures/TX_Knick_Knacks_34a_RMA.ubulk" 2611
"C:/Users/Alvar/Downloads/Level Design/NAlvarez_SchoolMap/LevelDesign/Content/Suburbs/VOL21_RetroDecor/Textures/TX_Knick_Knacks_34a_RMA.uasset" 2612
"C:/Users/Alvar/Downloads/Level Design/NAlvarez_SchoolMap/LevelDesign/Content/Suburbs/VOL21_RetroDecor/Textures/TX_Knick_Knacks_34a_RMA.uexp" 2613
"C:/Users/Alvar/Downloads/Level Design/NAlvarez_SchoolMap/LevelDesign/Content/Suburbs/VOL21_RetroDecor/Textures/TX_Knick_Knacks_34a_NRM.ubulk" 2614
"C:/Users/Alvar/Downloads/Level Design/NAlvarez_SchoolMap/LevelDesign/Content/Suburbs/VOL21_RetroDecor/Textures/TX_Knick_Knacks_34a_NRM.uasset" 2615
"C:/Users/Alvar/Downloads/Level Design/NAlvarez_SchoolMap/LevelDesign/Content/Suburbs/VOL21_RetroDecor/Textures/TX_Knick_Knacks_34a_NRM.uexp" 2616
"C:/Users/Alvar/Downloads/Level Design/NAlvarez_SchoolMap/LevelDesign/Content/Suburbs/VOL21_RetroDecor/Textures/TX_Knick_Knacks_34a_ALB.ubulk" 2617
"C:/Users/Alvar/Downloads/Level Design/NAlvarez_SchoolMap/LevelDesign/Content/Suburbs/VOL21_RetroDecor/Textures/TX_Knick_Knacks_34a_ALB.uasset" 2618
"C:/Users/Alvar/Downloads/Level Design/NAlvarez_SchoolMap/LevelDesign/Content/Suburbs/VOL21_RetroDecor/Textures/TX_Knick_Knacks_34a_ALB.uexp" 2619
"C:/Users/Alvar/Downloads/Level Design/NAlvarez_SchoolMap/LevelDesign/Content/Suburbs/VOL21_RetroDecor/Materials/MI_Knick_Knacks_34a.uasset" 2620
"C:/Users/Alvar/Downloads/Level Design/NAlvarez_SchoolMap/LevelDesign/Content/Suburbs/VOL21_RetroDecor/Materials/MI_Knick_Knacks_34a.uexp" 2621
"C:/Users/Alvar/Downloads/Level Design/NAlvarez_SchoolMap/LevelDesign/Content/Suburbs/VOL21_RetroDecor/Meshes/LP/SM_Knick_Knacks_34c.ubulk" 2622
"C:/Users/Alvar/Downloads/Level Design/NAlvarez_SchoolMap/LevelDesign/Content/Suburbs/VOL21_RetroDecor/Meshes/LP/SM_Knick_Knacks_34c.uasset" 2623
"C:/Users/Alvar/Downloads/Level Design/NAlvarez_SchoolMap/LevelDesign/Content/Suburbs/VOL21_RetroDecor/Meshes/LP/SM_Knick_Knacks_34c.uexp" 2624
"C:/Users/Alvar/Downloads/Level Design/NAlvarez_SchoolMap/LevelDesign/Content/Suburbs/VOL21_RetroDecor/Textures/TX_Knick_Knacks_09a_RMA.ubulk" 2625
"C:/Users/Alvar/Downloads/Level Design/NAlvarez_SchoolMap/LevelDesign/Content/Suburbs/VOL21_RetroDecor/Textures/TX_Knick_Knacks_09a_RMA.uasset" 2626
"C:/Users/Alvar/Downloads/Level Design/NAlvarez_SchoolMap/LevelDesign/Content/Suburbs/VOL21_RetroDecor/Textures/TX_Knick_Knacks_09a_RMA.uexp" 2627
"C:/Users/Alvar/Downloads/Level Design/NAlvarez_SchoolMap/LevelDesign/Content/Suburbs/VOL21_RetroDecor/Textures/TX_Knick_Knacks_09a_NRM.ubulk" 2628
"C:/Users/Alvar/Downloads/Level Design/NAlvarez_SchoolMap/LevelDesign/Content/Suburbs/VOL21_RetroDecor/Textures/TX_Knick_Knacks_09a_NRM.uasset" 2629
"C:/Users/Alvar/Downloads/Level Design/NAlvarez_SchoolMap/LevelDesign/Content/Suburbs/VOL21_RetroDecor/Textures/TX_Knick_Knacks_09a_NRM.uexp" 2630
"C:/Users/Alvar/Downloads/Level Design/NAlvarez_SchoolMap/LevelDesign/Content/Suburbs/VOL21_RetroDecor/Textures/TX_Knick_Knacks_09a_ALB.ubulk" 2631
"C:/Users/Alvar/Downloads/Level Design/NAlvarez_SchoolMap/LevelDesign/Content/Suburbs/VOL21_RetroDecor/Textures/TX_Knick_Knacks_09a_ALB.uasset" 2632
"C:/Users/Alvar/Downloads/Level Design/NAlvarez_SchoolMap/LevelDesign/Content/Suburbs/VOL21_RetroDecor/Textures/TX_Knick_Knacks_09a_ALB.uexp" 2633
"C:/Users/Alvar/Downloads/Level Design/NAlvarez_SchoolMap/LevelDesign/Content/Suburbs/VOL21_RetroDecor/Materials/MI_Knickknacks_09a.uasset" 2634
"C:/Users/Alvar/Downloads/Level Design/NAlvarez_SchoolMap/LevelDesign/Content/Suburbs/VOL21_RetroDecor/Materials/MI_Knickknacks_09a.uexp" 2635
"C:/Users/Alvar/Downloads/Level Design/NAlvarez_SchoolMap/LevelDesign/Content/Suburbs/VOL21_RetroDecor/Meshes/LP/SM_Knick_Knacks_09a.ubulk" 2636
"C:/Users/Alvar/Downloads/Level Design/NAlvarez_SchoolMap/LevelDesign/Content/Suburbs/VOL21_RetroDecor/Meshes/LP/SM_Knick_Knacks_09a.uasset" 2637
"C:/Users/Alvar/Downloads/Level Design/NAlvarez_SchoolMap/LevelDesign/Content/Suburbs/VOL21_RetroDecor/Meshes/LP/SM_Knick_Knacks_09a.uexp" 2638
"C:/Users/Alvar/Downloads/Level Design/NAlvarez_SchoolMap/LevelDesign/Content/Suburbs/VOL21_RetroDecor/Textures/TX_Knick_Knacks_08a_RMA.ubulk" 2639
"C:/Users/Alvar/Downloads/Level Design/NAlvarez_SchoolMap/LevelDesign/Content/Suburbs/VOL21_RetroDecor/Textures/TX_Knick_Knacks_08a_RMA.uasset" 2640
"C:/Users/Alvar/Downloads/Level Design/NAlvarez_SchoolMap/LevelDesign/Content/Suburbs/VOL21_RetroDecor/Textures/TX_Knick_Knacks_08a_RMA.uexp" 2641
"C:/Users/Alvar/Downloads/Level Design/NAlvarez_SchoolMap/LevelDesign/Content/Suburbs/VOL21_RetroDecor/Textures/TX_Knick_Knacks_08a_NRM.ubulk" 2642
"C:/Users/Alvar/Downloads/Level Design/NAlvarez_SchoolMap/LevelDesign/Content/Suburbs/VOL21_RetroDecor/Textures/TX_Knick_Knacks_08a_NRM.uasset" 2643
"C:/Users/Alvar/Downloads/Level Design/NAlvarez_SchoolMap/LevelDesign/Content/Suburbs/VOL21_RetroDecor/Textures/TX_Knick_Knacks_08a_NRM.uexp" 2644
"C:/Users/Alvar/Downloads/Level Design/NAlvarez_SchoolMap/LevelDesign/Content/Suburbs/VOL21_RetroDecor/Textures/TX_Knick_Knacks_08a_ALB.ubulk" 2645
"C:/Users/Alvar/Downloads/Level Design/NAlvarez_SchoolMap/LevelDesign/Content/Suburbs/VOL21_RetroDecor/Textures/TX_Knick_Knacks_08a_ALB.uasset" 2646
"C:/Users/Alvar/Downloads/Level Design/NAlvarez_SchoolMap/LevelDesign/Content/Suburbs/VOL21_RetroDecor/Textures/TX_Knick_Knacks_08a_ALB.uexp" 2647
"C:/Users/Alvar/Downloads/Level Design/NAlvarez_SchoolMap/LevelDesign/Content/Suburbs/VOL21_RetroDecor/Materials/MI_Knick_Knacks_08a.uasset" 2648
"C:/Users/Alvar/Downloads/Level Design/NAlvarez_SchoolMap/LevelDesign/Content/Suburbs/VOL21_RetroDecor/Materials/MI_Knick_Knacks_08a.uexp" 2649
"C:/Users/Alvar/Downloads/Level Design/NAlvarez_SchoolMap/LevelDesign/Content/Suburbs/VOL21_RetroDecor/Meshes/LP/SM_Knick_Knacks_08e.ubulk" 2650
"C:/Users/Alvar/Downloads/Level Design/NAlvarez_SchoolMap/LevelDesign/Content/Suburbs/VOL21_RetroDecor/Meshes/LP/SM_Knick_Knacks_08e.uasset" 2651
"C:/Users/Alvar/Downloads/Level Design/NAlvarez_SchoolMap/LevelDesign/Content/Suburbs/VOL21_RetroDecor/Meshes/LP/SM_Knick_Knacks_08e.uexp" 2652
"C:/Users/Alvar/Downloads/Level Design/NAlvarez_SchoolMap/LevelDesign/Content/Suburbs/VOL21_RetroDecor/Meshes/LP/SM_Knick_Knacks_08a.ubulk" 2653
"C:/Users/Alvar/Downloads/Level Design/NAlvarez_SchoolMap/LevelDesign/Content/Suburbs/VOL21_RetroDecor/Meshes/LP/SM_Knick_Knacks_08a.uasset" 2654
"C:/Users/Alvar/Downloads/Level Design/NAlvarez_SchoolMap/LevelDesign/Content/Suburbs/VOL21_RetroDecor/Meshes/LP/SM_Knick_Knacks_08a.uexp" 2655
"C:/Users/Alvar/Downloads/Level Design/NAlvarez_SchoolMap/LevelDesign/Content/Suburbs/VOL21_RetroDecor/Textures/TX_Knick_Knacks_03a_RMA.ubulk" 2656
"C:/Users/Alvar/Downloads/Level Design/NAlvarez_SchoolMap/LevelDesign/Content/Suburbs/VOL21_RetroDecor/Textures/TX_Knick_Knacks_03a_RMA.uasset" 2657
"C:/Users/Alvar/Downloads/Level Design/NAlvarez_SchoolMap/LevelDesign/Content/Suburbs/VOL21_RetroDecor/Textures/TX_Knick_Knacks_03a_RMA.uexp" 2658
"C:/Users/Alvar/Downloads/Level Design/NAlvarez_SchoolMap/LevelDesign/Content/Suburbs/VOL21_RetroDecor/Textures/TX_Knick_Knacks_03a_NRM.ubulk" 2659
"C:/Users/Alvar/Downloads/Level Design/NAlvarez_SchoolMap/LevelDesign/Content/Suburbs/VOL21_RetroDecor/Textures/TX_Knick_Knacks_03a_NRM.uasset" 2660
"C:/Users/Alvar/Downloads/Level Design/NAlvarez_SchoolMap/LevelDesign/Content/Suburbs/VOL21_RetroDecor/Textures/TX_Knick_Knacks_03a_NRM.uexp" 2661
"C:/Users/Alvar/Downloads/Level Design/NAlvarez_SchoolMap/LevelDesign/Content/Suburbs/VOL21_RetroDecor/Textures/TX_Knick_Knacks_03a_ALB.ubulk" 2662
"C:/Users/Alvar/Downloads/Level Design/NAlvarez_SchoolMap/LevelDesign/Content/Suburbs/VOL21_RetroDecor/Textures/TX_Knick_Knacks_03a_ALB.uasset" 2663
"C:/Users/Alvar/Downloads/Level Design/NAlvarez_SchoolMap/LevelDesign/Content/Suburbs/VOL21_RetroDecor/Textures/TX_Knick_Knacks_03a_ALB.uexp" 2664
"C:/Users/Alvar/Downloads/Level Design/NAlvarez_SchoolMap/LevelDesign/Content/Suburbs/VOL21_RetroDecor/Materials/MI_Knick_Knacks_03a.uasset" 2665
"C:/Users/Alvar/Downloads/Level Design/NAlvarez_SchoolMap/LevelDesign/Content/Suburbs/VOL21_RetroDecor/Materials/MI_Knick_Knacks_03a.uexp" 2666
"C:/Users/Alvar/Downloads/Level Design/NAlvarez_SchoolMap/LevelDesign/Content/Suburbs/VOL21_RetroDecor/Meshes/LP/SM_Knick_Knacks_03e.ubulk" 2667
"C:/Users/Alvar/Downloads/Level Design/NAlvarez_SchoolMap/LevelDesign/Content/Suburbs/VOL21_RetroDecor/Meshes/LP/SM_Knick_Knacks_03e.uasset" 2668
"C:/Users/Alvar/Downloads/Level Design/NAlvarez_SchoolMap/LevelDesign/Content/Suburbs/VOL21_RetroDecor/Meshes/LP/SM_Knick_Knacks_03e.uexp" 2669
"C:/Users/Alvar/Downloads/Level Design/NAlvarez_SchoolMap/LevelDesign/Content/Suburbs/VOL21_RetroDecor/Textures/TX_Knickknacks_05a_RMA.ubulk" 2670
"C:/Users/Alvar/Downloads/Level Design/NAlvarez_SchoolMap/LevelDesign/Content/Suburbs/VOL21_RetroDecor/Textures/TX_Knickknacks_05a_RMA.uasset" 2671
"C:/Users/Alvar/Downloads/Level Design/NAlvarez_SchoolMap/LevelDesign/Content/Suburbs/VOL21_RetroDecor/Textures/TX_Knickknacks_05a_RMA.uexp" 2672
"C:/Users/Alvar/Downloads/Level Design/NAlvarez_SchoolMap/LevelDesign/Content/Suburbs/VOL21_RetroDecor/Textures/TX_Knickknacks_05a_NRM.ubulk" 2673
"C:/Users/Alvar/Downloads/Level Design/NAlvarez_SchoolMap/LevelDesign/Content/Suburbs/VOL21_RetroDecor/Textures/TX_Knickknacks_05a_NRM.uasset" 2674
"C:/Users/Alvar/Downloads/Level Design/NAlvarez_SchoolMap/LevelDesign/Content/Suburbs/VOL21_RetroDecor/Textures/TX_Knickknacks_05a_NRM.uexp" 2675
"C:/Users/Alvar/Downloads/Level Design/NAlvarez_SchoolMap/LevelDesign/Content/Suburbs/VOL21_RetroDecor/Textures/TX_Knickknacks_05a_ALB.ubulk" 2676
"C:/Users/Alvar/Downloads/Level Design/NAlvarez_SchoolMap/LevelDesign/Content/Suburbs/VOL21_RetroDecor/Textures/TX_Knickknacks_05a_ALB.uasset" 2677
"C:/Users/Alvar/Downloads/Level Design/NAlvarez_SchoolMap/LevelDesign/Content/Suburbs/VOL21_RetroDecor/Textures/TX_Knickknacks_05a_ALB.uexp" 2678
"C:/Users/Alvar/Downloads/Level Design/NAlvarez_SchoolMap/LevelDesign/Content/Suburbs/VOL21_RetroDecor/Materials/MI_Knickknacks_05a.uasset" 2679
"C:/Users/Alvar/Downloads/Level Design/NAlvarez_SchoolMap/LevelDesign/Content/Suburbs/VOL21_RetroDecor/Materials/MI_Knickknacks_05a.uexp" 2680
"C:/Users/Alvar/Downloads/Level Design/NAlvarez_SchoolMap/LevelDesign/Content/Suburbs/VOL21_RetroDecor/Meshes/LP/SM_Knickknacks_05c.ubulk" 2681
"C:/Users/Alvar/Downloads/Level Design/NAlvarez_SchoolMap/LevelDesign/Content/Suburbs/VOL21_RetroDecor/Meshes/LP/SM_Knickknacks_05c.uasset" 2682
"C:/Users/Alvar/Downloads/Level Design/NAlvarez_SchoolMap/LevelDesign/Content/Suburbs/VOL21_RetroDecor/Meshes/LP/SM_Knickknacks_05c.uexp" 2683
"C:/Users/Alvar/Downloads/Level Design/NAlvarez_SchoolMap/LevelDesign/Content/Fab/Wooden_Bookcases_with_Books/wooden_bookcases_with_books/Textures/wooden_bookcases_with_books_texture_0.ubulk" 2684
"C:/Users/Alvar/Downloads/Level Design/NAlvarez_SchoolMap/LevelDesign/Content/Fab/Wooden_Bookcases_with_Books/wooden_bookcases_with_books/Textures/wooden_bookcases_with_books_texture_0.uasset" 2685
"C:/Users/Alvar/Downloads/Level Design/NAlvarez_SchoolMap/LevelDesign/Content/Fab/Wooden_Bookcases_with_Books/wooden_bookcases_with_books/Textures/wooden_bookcases_with_books_texture_0.uexp" 2686
"C:/Users/Alvar/Downloads/Level Design/NAlvarez_SchoolMap/LevelDesign/Content/Fab/Wooden_Bookcases_with_Books/wooden_bookcases_with_books/Textures/wooden_bookcases_with_books_texture_1.ubulk" 2687
"C:/Users/Alvar/Downloads/Level Design/NAlvarez_SchoolMap/LevelDesign/Content/Fab/Wooden_Bookcases_with_Books/wooden_bookcases_with_books/Textures/wooden_bookcases_with_books_texture_1.uasset" 2688
"C:/Users/Alvar/Downloads/Level Design/NAlvarez_SchoolMap/LevelDesign/Content/Fab/Wooden_Bookcases_with_Books/wooden_bookcases_with_books/Textures/wooden_bookcases_with_books_texture_1.uexp" 2689
"C:/Users/Alvar/Downloads/Level Design/NAlvarez_SchoolMap/LevelDesign/Content/Fab/Wooden_Bookcases_with_Books/wooden_bookcases_with_books/Textures/wooden_bookcases_with_books_texture_2.ubulk" 2690
"C:/Users/Alvar/Downloads/Level Design/NAlvarez_SchoolMap/LevelDesign/Content/Fab/Wooden_Bookcases_with_Books/wooden_bookcases_with_books/Textures/wooden_bookcases_with_books_texture_2.uasset" 2691
"C:/Users/Alvar/Downloads/Level Design/NAlvarez_SchoolMap/LevelDesign/Content/Fab/Wooden_Bookcases_with_Books/wooden_bookcases_with_books/Textures/wooden_bookcases_with_books_texture_2.uexp" 2692
"C:/Users/Alvar/Downloads/Level Design/NAlvarez_SchoolMap/LevelDesign/Content/Fab/Wooden_Bookcases_with_Books/wooden_bookcases_with_books/Materials/Victorian_Bookcase_Tall.uasset" 2693
"C:/Users/Alvar/Downloads/Level Design/NAlvarez_SchoolMap/LevelDesign/Content/Fab/Wooden_Bookcases_with_Books/wooden_bookcases_with_books/Materials/Victorian_Bookcase_Tall.uexp" 2694
"C:/Users/Alvar/Downloads/Level Design/NAlvarez_SchoolMap/LevelDesign/Content/Fab/Wooden_Bookcases_with_Books/wooden_bookcases_with_books/StaticMeshes/wooden_bookcases_with_books.ubulk" 2695
"C:/Users/Alvar/Downloads/Level Design/NAlvarez_SchoolMap/LevelDesign/Content/Fab/Wooden_Bookcases_with_Books/wooden_bookcases_with_books/StaticMeshes/wooden_bookcases_with_books.uasset" 2696
"C:/Users/Alvar/Downloads/Level Design/NAlvarez_SchoolMap/LevelDesign/Content/Fab/Wooden_Bookcases_with_Books/wooden_bookcases_with_books/StaticMeshes/wooden_bookcases_with_books.uexp" 2697
"../../../Engine/Plugins/Interchange/Assets/Content/gltf/MaterialInstances/MI_Default_Opaque.uasset" 2698
"../../../Engine/Plugins/Interchange/Assets/Content/gltf/MaterialInstances/MI_Default_Opaque.uexp" 2699
"C:/Users/Alvar/Downloads/Level Design/NAlvarez_SchoolMap/LevelDesign/Content/Fab/SCHOOL_DESK_LOW_POLY/BANCO_SCUOLA/Textures/BANCO_SCUOLA_M_set1_NORMAL_GL.ubulk" 2700
"C:/Users/Alvar/Downloads/Level Design/NAlvarez_SchoolMap/LevelDesign/Content/Fab/SCHOOL_DESK_LOW_POLY/BANCO_SCUOLA/Textures/BANCO_SCUOLA_M_set1_NORMAL_GL.uasset" 2701
"C:/Users/Alvar/Downloads/Level Design/NAlvarez_SchoolMap/LevelDesign/Content/Fab/SCHOOL_DESK_LOW_POLY/BANCO_SCUOLA/Textures/BANCO_SCUOLA_M_set1_NORMAL_GL.uexp" 2702
"C:/Users/Alvar/Downloads/Level Design/NAlvarez_SchoolMap/LevelDesign/Content/Fab/SCHOOL_DESK_LOW_POLY/BANCO_SCUOLA/Textures/BANCO_SCUOLA_M_set1_METALLIC-BANCO_SCUOLA_M_set1_ROUGHNESS.ubulk" 2703
"C:/Users/Alvar/Downloads/Level Design/NAlvarez_SchoolMap/LevelDesign/Content/Fab/SCHOOL_DESK_LOW_POLY/BANCO_SCUOLA/Textures/BANCO_SCUOLA_M_set1_METALLIC-BANCO_SCUOLA_M_set1_ROUGHNESS.uasset" 2704
"C:/Users/Alvar/Downloads/Level Design/NAlvarez_SchoolMap/LevelDesign/Content/Fab/SCHOOL_DESK_LOW_POLY/BANCO_SCUOLA/Textures/BANCO_SCUOLA_M_set1_METALLIC-BANCO_SCUOLA_M_set1_ROUGHNESS.uexp" 2705
"C:/Users/Alvar/Downloads/Level Design/NAlvarez_SchoolMap/LevelDesign/Content/Fab/SCHOOL_DESK_LOW_POLY/BANCO_SCUOLA/Textures/BANCO_SCUOLA_M_set1_DIFFUSE.ubulk" 2706
"C:/Users/Alvar/Downloads/Level Design/NAlvarez_SchoolMap/LevelDesign/Content/Fab/SCHOOL_DESK_LOW_POLY/BANCO_SCUOLA/Textures/BANCO_SCUOLA_M_set1_DIFFUSE.uasset" 2707
"C:/Users/Alvar/Downloads/Level Design/NAlvarez_SchoolMap/LevelDesign/Content/Fab/SCHOOL_DESK_LOW_POLY/BANCO_SCUOLA/Textures/BANCO_SCUOLA_M_set1_DIFFUSE.uexp" 2708
"C:/Users/Alvar/Downloads/Level Design/NAlvarez_SchoolMap/LevelDesign/Content/Fab/SCHOOL_DESK_LOW_POLY/BANCO_SCUOLA/Materials/M_BANCO_SCUOLA.uasset" 2709
"C:/Users/Alvar/Downloads/Level Design/NAlvarez_SchoolMap/LevelDesign/Content/Fab/SCHOOL_DESK_LOW_POLY/BANCO_SCUOLA/Materials/M_BANCO_SCUOLA.uexp" 2710
"C:/Users/Alvar/Downloads/Level Design/NAlvarez_SchoolMap/LevelDesign/Content/Fab/SCHOOL_DESK_LOW_POLY/BANCO_SCUOLA/StaticMeshes/BANCO_SCUOLA.ubulk" 2711
"C:/Users/Alvar/Downloads/Level Design/NAlvarez_SchoolMap/LevelDesign/Content/Fab/SCHOOL_DESK_LOW_POLY/BANCO_SCUOLA/StaticMeshes/BANCO_SCUOLA.uasset" 2712
"C:/Users/Alvar/Downloads/Level Design/NAlvarez_SchoolMap/LevelDesign/Content/Fab/SCHOOL_DESK_LOW_POLY/BANCO_SCUOLA/StaticMeshes/BANCO_SCUOLA.uexp" 2713
"C:/Users/Alvar/Downloads/Level Design/NAlvarez_SchoolMap/LevelDesign/Content/Fab/Mid_Century_Atomic_Age_1960s_Vintage_Bookshelf/mid_century_atomic_age_1960s_vintage_bookshelf/Textures/mid_century_atomic_age__tage_bookshelf_texture_0.ubulk" 2714
"C:/Users/Alvar/Downloads/Level Design/NAlvarez_SchoolMap/LevelDesign/Content/Fab/Mid_Century_Atomic_Age_1960s_Vintage_Bookshelf/mid_century_atomic_age_1960s_vintage_bookshelf/Textures/mid_century_atomic_age__tage_bookshelf_texture_0.uasset" 2715
"C:/Users/Alvar/Downloads/Level Design/NAlvarez_SchoolMap/LevelDesign/Content/Fab/Mid_Century_Atomic_Age_1960s_Vintage_Bookshelf/mid_century_atomic_age_1960s_vintage_bookshelf/Textures/mid_century_atomic_age__tage_bookshelf_texture_0.uexp" 2716
"C:/Users/Alvar/Downloads/Level Design/NAlvarez_SchoolMap/LevelDesign/Content/Fab/Mid_Century_Atomic_Age_1960s_Vintage_Bookshelf/mid_century_atomic_age_1960s_vintage_bookshelf/Textures/mid_century_atomic_age__tage_bookshelf_texture_1.ubulk" 2717
"C:/Users/Alvar/Downloads/Level Design/NAlvarez_SchoolMap/LevelDesign/Content/Fab/Mid_Century_Atomic_Age_1960s_Vintage_Bookshelf/mid_century_atomic_age_1960s_vintage_bookshelf/Textures/mid_century_atomic_age__tage_bookshelf_texture_1.uasset" 2718
"C:/Users/Alvar/Downloads/Level Design/NAlvarez_SchoolMap/LevelDesign/Content/Fab/Mid_Century_Atomic_Age_1960s_Vintage_Bookshelf/mid_century_atomic_age_1960s_vintage_bookshelf/Textures/mid_century_atomic_age__tage_bookshelf_texture_1.uexp" 2719
"C:/Users/Alvar/Downloads/Level Design/NAlvarez_SchoolMap/LevelDesign/Content/Fab/Mid_Century_Atomic_Age_1960s_Vintage_Bookshelf/mid_century_atomic_age_1960s_vintage_bookshelf/Textures/mid_century_atomic_age__tage_bookshelf_texture_2.ubulk" 2720
"C:/Users/Alvar/Downloads/Level Design/NAlvarez_SchoolMap/LevelDesign/Content/Fab/Mid_Century_Atomic_Age_1960s_Vintage_Bookshelf/mid_century_atomic_age_1960s_vintage_bookshelf/Textures/mid_century_atomic_age__tage_bookshelf_texture_2.uasset" 2721
"C:/Users/Alvar/Downloads/Level Design/NAlvarez_SchoolMap/LevelDesign/Content/Fab/Mid_Century_Atomic_Age_1960s_Vintage_Bookshelf/mid_century_atomic_age_1960s_vintage_bookshelf/Textures/mid_century_atomic_age__tage_bookshelf_texture_2.uexp" 2722
"C:/Users/Alvar/Downloads/Level Design/NAlvarez_SchoolMap/LevelDesign/Content/Fab/Mid_Century_Atomic_Age_1960s_Vintage_Bookshelf/mid_century_atomic_age_1960s_vintage_bookshelf/Materials/1960sBookshelf.uasset" 2723
"C:/Users/Alvar/Downloads/Level Design/NAlvarez_SchoolMap/LevelDesign/Content/Fab/Mid_Century_Atomic_Age_1960s_Vintage_Bookshelf/mid_century_atomic_age_1960s_vintage_bookshelf/Materials/1960sBookshelf.uexp" 2724
"C:/Users/Alvar/Downloads/Level Design/NAlvarez_SchoolMap/LevelDesign/Content/Fab/Mid_Century_Atomic_Age_1960s_Vintage_Bookshelf/mid_century_atomic_age_1960s_vintage_bookshelf/StaticMeshes/mid_century_atomic_ag_960s_vintage_bookshelf.ubulk" 2725
"C:/Users/Alvar/Downloads/Level Design/NAlvarez_SchoolMap/LevelDesign/Content/Fab/Mid_Century_Atomic_Age_1960s_Vintage_Bookshelf/mid_century_atomic_age_1960s_vintage_bookshelf/StaticMeshes/mid_century_atomic_ag_960s_vintage_bookshelf.uasset" 2726
"C:/Users/Alvar/Downloads/Level Design/NAlvarez_SchoolMap/LevelDesign/Content/Fab/Mid_Century_Atomic_Age_1960s_Vintage_Bookshelf/mid_century_atomic_age_1960s_vintage_bookshelf/StaticMeshes/mid_century_atomic_ag_960s_vintage_bookshelf.uexp" 2727
"../../../Engine/Plugins/Interchange/Assets/Content/gltf/MaterialFunctions/MF_Fresnel_DS.uasset" 2728
"../../../Engine/Plugins/Interchange/Assets/Content/gltf/MaterialFunctions/MF_Fresnel_DS.uexp" 2729
"../../../Engine/Plugins/Interchange/Assets/Content/gltf/MaterialFunctions/MF_Temporal_Blur.uasset" 2730
"../../../Engine/Plugins/Interchange/Assets/Content/gltf/MaterialFunctions/MF_Temporal_Blur.uexp" 2731
"../../../Engine/Plugins/Interchange/Assets/Content/gltf/MaterialFunctions/MF_Transmission.uasset" 2732
"../../../Engine/Plugins/Interchange/Assets/Content/gltf/MaterialFunctions/MF_Transmission.uexp" 2733
"../../../Engine/Plugins/Interchange/Assets/Content/gltf/MaterialBodies/MF_Transmission_Body.uasset" 2734
"../../../Engine/Plugins/Interchange/Assets/Content/gltf/MaterialBodies/MF_Transmission_Body.uexp" 2735
"../../../Engine/Plugins/Interchange/Assets/Content/gltf/M_Transmission.uasset" 2736
"../../../Engine/Plugins/Interchange/Assets/Content/gltf/M_Transmission.uexp" 2737
"../../../Engine/Plugins/Interchange/Assets/Content/gltf/MaterialInstances/MI_Transmission_DS.uasset" 2738
"../../../Engine/Plugins/Interchange/Assets/Content/gltf/MaterialInstances/MI_Transmission_DS.uexp" 2739
"C:/Users/Alvar/Downloads/Level Design/NAlvarez_SchoolMap/LevelDesign/Content/Fab/Library_table_with_studio_lights/library_table_with_studio_lights/Textures/library_table_with_studio_lights_texture_2.ubulk" 2740
"C:/Users/Alvar/Downloads/Level Design/NAlvarez_SchoolMap/LevelDesign/Content/Fab/Library_table_with_studio_lights/library_table_with_studio_lights/Textures/library_table_with_studio_lights_texture_2.uasset" 2741
"C:/Users/Alvar/Downloads/Level Design/NAlvarez_SchoolMap/LevelDesign/Content/Fab/Library_table_with_studio_lights/library_table_with_studio_lights/Textures/library_table_with_studio_lights_texture_2.uexp" 2742
"C:/Users/Alvar/Downloads/Level Design/NAlvarez_SchoolMap/LevelDesign/Content/Fab/Library_table_with_studio_lights/library_table_with_studio_lights/Textures/library_table_with_studio_lights_texture_3.ubulk" 2743
"C:/Users/Alvar/Downloads/Level Design/NAlvarez_SchoolMap/LevelDesign/Content/Fab/Library_table_with_studio_lights/library_table_with_studio_lights/Textures/library_table_with_studio_lights_texture_3.uasset" 2744
"C:/Users/Alvar/Downloads/Level Design/NAlvarez_SchoolMap/LevelDesign/Content/Fab/Library_table_with_studio_lights/library_table_with_studio_lights/Textures/library_table_with_studio_lights_texture_3.uexp" 2745
"C:/Users/Alvar/Downloads/Level Design/NAlvarez_SchoolMap/LevelDesign/Content/Fab/Library_table_with_studio_lights/library_table_with_studio_lights/Textures/library_table_with_studio_lights_texture_5.ubulk" 2746
"C:/Users/Alvar/Downloads/Level Design/NAlvarez_SchoolMap/LevelDesign/Content/Fab/Library_table_with_studio_lights/library_table_with_studio_lights/Textures/library_table_with_studio_lights_texture_5.uasset" 2747
"C:/Users/Alvar/Downloads/Level Design/NAlvarez_SchoolMap/LevelDesign/Content/Fab/Library_table_with_studio_lights/library_table_with_studio_lights/Textures/library_table_with_studio_lights_texture_5.uexp" 2748
"C:/Users/Alvar/Downloads/Level Design/NAlvarez_SchoolMap/LevelDesign/Content/Fab/Library_table_with_studio_lights/library_table_with_studio_lights/Materials/lambert3SG.uasset" 2749
"C:/Users/Alvar/Downloads/Level Design/NAlvarez_SchoolMap/LevelDesign/Content/Fab/Library_table_with_studio_lights/library_table_with_studio_lights/Materials/lambert3SG.uexp" 2750
"C:/Users/Alvar/Downloads/Level Design/NAlvarez_SchoolMap/LevelDesign/Content/Fab/Library_table_with_studio_lights/library_table_with_studio_lights/Textures/library_table_with_studio_lights_texture_0.ubulk" 2751
"C:/Users/Alvar/Downloads/Level Design/NAlvarez_SchoolMap/LevelDesign/Content/Fab/Library_table_with_studio_lights/library_table_with_studio_lights/Textures/library_table_with_studio_lights_texture_0.uasset" 2752
"C:/Users/Alvar/Downloads/Level Design/NAlvarez_SchoolMap/LevelDesign/Content/Fab/Library_table_with_studio_lights/library_table_with_studio_lights/Textures/library_table_with_studio_lights_texture_0.uexp" 2753
"C:/Users/Alvar/Downloads/Level Design/NAlvarez_SchoolMap/LevelDesign/Content/Fab/Library_table_with_studio_lights/library_table_with_studio_lights/Textures/library_table_with_studio_lights_texture_1.ubulk" 2754
"C:/Users/Alvar/Downloads/Level Design/NAlvarez_SchoolMap/LevelDesign/Content/Fab/Library_table_with_studio_lights/library_table_with_studio_lights/Textures/library_table_with_studio_lights_texture_1.uasset" 2755
"C:/Users/Alvar/Downloads/Level Design/NAlvarez_SchoolMap/LevelDesign/Content/Fab/Library_table_with_studio_lights/library_table_with_studio_lights/Textures/library_table_with_studio_lights_texture_1.uexp" 2756
"C:/Users/Alvar/Downloads/Level Design/NAlvarez_SchoolMap/LevelDesign/Content/Fab/Library_table_with_studio_lights/library_table_with_studio_lights/Materials/lambert2SG.uasset" 2757
"C:/Users/Alvar/Downloads/Level Design/NAlvarez_SchoolMap/LevelDesign/Content/Fab/Library_table_with_studio_lights/library_table_with_studio_lights/Materials/lambert2SG.uexp" 2758
"C:/Users/Alvar/Downloads/Level Design/NAlvarez_SchoolMap/LevelDesign/Content/Fab/Library_table_with_studio_lights/library_table_with_studio_lights/StaticMeshes/library_table_with_studio_lights.ubulk" 2759
"C:/Users/Alvar/Downloads/Level Design/NAlvarez_SchoolMap/LevelDesign/Content/Fab/Library_table_with_studio_lights/library_table_with_studio_lights/StaticMeshes/library_table_with_studio_lights.uasset" 2760
"C:/Users/Alvar/Downloads/Level Design/NAlvarez_SchoolMap/LevelDesign/Content/Fab/Library_table_with_studio_lights/library_table_with_studio_lights/StaticMeshes/library_table_with_studio_lights.uexp" 2761
"C:/Users/Alvar/Downloads/Level Design/NAlvarez_SchoolMap/LevelDesign/Content/Fab/Drinking_Fountain_with_Bottle_Filling_Station/drinking_fountain_with_bottle_filling_station/Textures/drinking_fountain_with_b_filling_station_texture_0.ubulk" 2762
"C:/Users/Alvar/Downloads/Level Design/NAlvarez_SchoolMap/LevelDesign/Content/Fab/Drinking_Fountain_with_Bottle_Filling_Station/drinking_fountain_with_bottle_filling_station/Textures/drinking_fountain_with_b_filling_station_texture_0.uasset" 2763
"C:/Users/Alvar/Downloads/Level Design/NAlvarez_SchoolMap/LevelDesign/Content/Fab/Drinking_Fountain_with_Bottle_Filling_Station/drinking_fountain_with_bottle_filling_station/Textures/drinking_fountain_with_b_filling_station_texture_0.uexp" 2764
"C:/Users/Alvar/Downloads/Level Design/NAlvarez_SchoolMap/LevelDesign/Content/Fab/Drinking_Fountain_with_Bottle_Filling_Station/drinking_fountain_with_bottle_filling_station/Textures/drinking_fountain_with_b_filling_station_texture_1.ubulk" 2765
"C:/Users/Alvar/Downloads/Level Design/NAlvarez_SchoolMap/LevelDesign/Content/Fab/Drinking_Fountain_with_Bottle_Filling_Station/drinking_fountain_with_bottle_filling_station/Textures/drinking_fountain_with_b_filling_station_texture_1.uasset" 2766
"C:/Users/Alvar/Downloads/Level Design/NAlvarez_SchoolMap/LevelDesign/Content/Fab/Drinking_Fountain_with_Bottle_Filling_Station/drinking_fountain_with_bottle_filling_station/Textures/drinking_fountain_with_b_filling_station_texture_1.uexp" 2767
"C:/Users/Alvar/Downloads/Level Design/NAlvarez_SchoolMap/LevelDesign/Content/Fab/Drinking_Fountain_with_Bottle_Filling_Station/drinking_fountain_with_bottle_filling_station/Textures/drinking_fountain_with_b_filling_station_texture_2.ubulk" 2768
"C:/Users/Alvar/Downloads/Level Design/NAlvarez_SchoolMap/LevelDesign/Content/Fab/Drinking_Fountain_with_Bottle_Filling_Station/drinking_fountain_with_bottle_filling_station/Textures/drinking_fountain_with_b_filling_station_texture_2.uasset" 2769
"C:/Users/Alvar/Downloads/Level Design/NAlvarez_SchoolMap/LevelDesign/Content/Fab/Drinking_Fountain_with_Bottle_Filling_Station/drinking_fountain_with_bottle_filling_station/Textures/drinking_fountain_with_b_filling_station_texture_2.uexp" 2770
"C:/Users/Alvar/Downloads/Level Design/NAlvarez_SchoolMap/LevelDesign/Content/Fab/Drinking_Fountain_with_Bottle_Filling_Station/drinking_fountain_with_bottle_filling_station/Materials/DF_Grey.uasset" 2771
"C:/Users/Alvar/Downloads/Level Design/NAlvarez_SchoolMap/LevelDesign/Content/Fab/Drinking_Fountain_with_Bottle_Filling_Station/drinking_fountain_with_bottle_filling_station/Materials/DF_Grey.uexp" 2772
"C:/Users/Alvar/Downloads/Level Design/NAlvarez_SchoolMap/LevelDesign/Content/Fab/Drinking_Fountain_with_Bottle_Filling_Station/drinking_fountain_with_bottle_filling_station/StaticMeshes/drinking_fountain_with_bottle_filling_station.ubulk" 2773
"C:/Users/Alvar/Downloads/Level Design/NAlvarez_SchoolMap/LevelDesign/Content/Fab/Drinking_Fountain_with_Bottle_Filling_Station/drinking_fountain_with_bottle_filling_station/StaticMeshes/drinking_fountain_with_bottle_filling_station.uasset" 2774
"C:/Users/Alvar/Downloads/Level Design/NAlvarez_SchoolMap/LevelDesign/Content/Fab/Drinking_Fountain_with_Bottle_Filling_Station/drinking_fountain_with_bottle_filling_station/StaticMeshes/drinking_fountain_with_bottle_filling_station.uexp" 2775
"C:/Users/Alvar/Downloads/Level Design/NAlvarez_SchoolMap/LevelDesign/Content/Fab/De_humani_corporis_fabrica/de_humani_corporis_fabrica/Textures/de_humani_corporis_fabrica_texture_0.ubulk" 2776
"C:/Users/Alvar/Downloads/Level Design/NAlvarez_SchoolMap/LevelDesign/Content/Fab/De_humani_corporis_fabrica/de_humani_corporis_fabrica/Textures/de_humani_corporis_fabrica_texture_0.uasset" 2777
"C:/Users/Alvar/Downloads/Level Design/NAlvarez_SchoolMap/LevelDesign/Content/Fab/De_humani_corporis_fabrica/de_humani_corporis_fabrica/Textures/de_humani_corporis_fabrica_texture_0.uexp" 2778
"C:/Users/Alvar/Downloads/Level Design/NAlvarez_SchoolMap/LevelDesign/Content/Fab/De_humani_corporis_fabrica/de_humani_corporis_fabrica/Textures/de_humani_corporis_fabrica_texture_1.ubulk" 2779
"C:/Users/Alvar/Downloads/Level Design/NAlvarez_SchoolMap/LevelDesign/Content/Fab/De_humani_corporis_fabrica/de_humani_corporis_fabrica/Textures/de_humani_corporis_fabrica_texture_1.uasset" 2780
"C:/Users/Alvar/Downloads/Level Design/NAlvarez_SchoolMap/LevelDesign/Content/Fab/De_humani_corporis_fabrica/de_humani_corporis_fabrica/Textures/de_humani_corporis_fabrica_texture_1.uexp" 2781
"C:/Users/Alvar/Downloads/Level Design/NAlvarez_SchoolMap/LevelDesign/Content/Fab/De_humani_corporis_fabrica/de_humani_corporis_fabrica/Materials/Book.uasset" 2782
"C:/Users/Alvar/Downloads/Level Design/NAlvarez_SchoolMap/LevelDesign/Content/Fab/De_humani_corporis_fabrica/de_humani_corporis_fabrica/Materials/Book.uexp" 2783
"C:/Users/Alvar/Downloads/Level Design/NAlvarez_SchoolMap/LevelDesign/Content/Fab/De_humani_corporis_fabrica/de_humani_corporis_fabrica/StaticMeshes/de_humani_corporis_fabrica.ubulk" 2784
"C:/Users/Alvar/Downloads/Level Design/NAlvarez_SchoolMap/LevelDesign/Content/Fab/De_humani_corporis_fabrica/de_humani_corporis_fabrica/StaticMeshes/de_humani_corporis_fabrica.uasset" 2785
"C:/Users/Alvar/Downloads/Level Design/NAlvarez_SchoolMap/LevelDesign/Content/Fab/De_humani_corporis_fabrica/de_humani_corporis_fabrica/StaticMeshes/de_humani_corporis_fabrica.uexp" 2786
"C:/Users/Alvar/Downloads/Level Design/NAlvarez_SchoolMap/LevelDesign/Content/Fab/Bottle/bottle/Materials/Material.uasset" 2787
"C:/Users/Alvar/Downloads/Level Design/NAlvarez_SchoolMap/LevelDesign/Content/Fab/Bottle/bottle/Materials/Material.uexp" 2788
"C:/Users/Alvar/Downloads/Level Design/NAlvarez_SchoolMap/LevelDesign/Content/Fab/Bottle/bottle/StaticMeshes/bottle.ubulk" 2789
"C:/Users/Alvar/Downloads/Level Design/NAlvarez_SchoolMap/LevelDesign/Content/Fab/Bottle/bottle/StaticMeshes/bottle.uasset" 2790
"C:/Users/Alvar/Downloads/Level Design/NAlvarez_SchoolMap/LevelDesign/Content/Fab/Bottle/bottle/StaticMeshes/bottle.uexp" 2791
"../../../Engine/Content/EngineResources/DefaultTextureCube.uasset" 2792
"../../../Engine/Content/EngineResources/DefaultTextureCube.uexp" 2793
"../../../Engine/Plugins/2D/Paper2D/Content/DefaultSpriteMaterial.uasset" 2794
"../../../Engine/Plugins/2D/Paper2D/Content/DefaultSpriteMaterial.uexp" 2795
"../../../Engine/Plugins/2D/Paper2D/Content/OpaqueUnlitSpriteMaterial.uasset" 2796
"../../../Engine/Plugins/2D/Paper2D/Content/OpaqueUnlitSpriteMaterial.uexp" 2797
"../../../Engine/Plugins/2D/Paper2D/Content/MaskedUnlitSpriteMaterial.uasset" 2798
"../../../Engine/Plugins/2D/Paper2D/Content/MaskedUnlitSpriteMaterial.uexp" 2799
"../../../Engine/Plugins/NNE/NNEDenoiser/Content/NNE_oidn2-3-0_rt_hdr_calb_cnrm_large__dyn__fp16_opset11_ForwardAlpha.uasset" 2800
"../../../Engine/Plugins/NNE/NNEDenoiser/Content/NNE_oidn2-3-0_rt_hdr_calb_cnrm_large__dyn__fp16_opset11_ForwardAlpha.uexp" 2801
"../../../Engine/Plugins/NNE/NNEDenoiser/Content/NNE_oidn2-3-0_rt_hdr_calb_cnrm_large__dyn__fp16_opset11_DenoiseAlpha.uasset" 2802
"../../../Engine/Plugins/NNE/NNEDenoiser/Content/NNE_oidn2-3-0_rt_hdr_calb_cnrm_large__dyn__fp16_opset11_DenoiseAlpha.uexp" 2803
"../../../Engine/Plugins/NNE/NNEDenoiser/Content/NNE_oidn2-3-0_rt_hdr_alb_nrm__dyn__fp16_opset11_ForwardAlpha.uasset" 2804
"../../../Engine/Plugins/NNE/NNEDenoiser/Content/NNE_oidn2-3-0_rt_hdr_alb_nrm__dyn__fp16_opset11_ForwardAlpha.uexp" 2805
"../../../Engine/Plugins/NNE/NNEDenoiser/Content/NNE_oidn2-3-0_rt_hdr_alb_nrm__dyn__fp16_opset11_DenoiseAlpha.uasset" 2806
"../../../Engine/Plugins/NNE/NNEDenoiser/Content/NNE_oidn2-3-0_rt_hdr_alb_nrm__dyn__fp16_opset11_DenoiseAlpha.uexp" 2807
"../../../Engine/Plugins/NNE/NNEDenoiser/Content/NNE_oidn2-3-0_rt_hdr_alb_nrm_small__dyn__fp16_opset11_ForwardAlpha.uasset" 2808
"../../../Engine/Plugins/NNE/NNEDenoiser/Content/NNE_oidn2-3-0_rt_hdr_alb_nrm_small__dyn__fp16_opset11_ForwardAlpha.uexp" 2809
"../../../Engine/Plugins/NNE/NNEDenoiser/Content/NNE_oidn2-3-0_rt_hdr_alb_nrm_small__dyn__fp16_opset11_DenoiseAlpha.uasset" 2810
"../../../Engine/Plugins/NNE/NNEDenoiser/Content/NNE_oidn2-3-0_rt_hdr_alb_nrm_small__dyn__fp16_opset11_DenoiseAlpha.uexp" 2811
"../../../Engine/Content/Functions/Engine_MaterialFunctions03/Math/WithinRangeFloat2.uasset" 2812
"../../../Engine/Content/Functions/Engine_MaterialFunctions03/Math/WithinRangeFloat2.uexp" 2813
"../../../Engine/Content/EditorLandscapeResources/SelectBrushMaterial.uasset" 2814
"../../../Engine/Content/EditorLandscapeResources/SelectBrushMaterial.uexp" 2815
"../../../Engine/Content/EditorLandscapeResources/SelectBrushMaterial_SelectedRegion.uasset" 2816
"../../../Engine/Content/EditorLandscapeResources/SelectBrushMaterial_SelectedRegion.uexp" 2817
"../../../Engine/Content/EditorLandscapeResources/SelectBrushMaterial_Selected.uasset" 2818
"../../../Engine/Content/EditorLandscapeResources/SelectBrushMaterial_Selected.uexp" 2819
"../../../Engine/Content/EditorLandscapeResources/MaskBrushMaterial.uasset" 2820
"../../../Engine/Content/EditorLandscapeResources/MaskBrushMaterial.uexp" 2821
"../../../Engine/Content/EditorLandscapeResources/MaskBrushMaterial_MaskedRegion.uasset" 2822
"../../../Engine/Content/EditorLandscapeResources/MaskBrushMaterial_MaskedRegion.uexp" 2823
"../../../Engine/Content/EditorLandscapeResources/ColorMaskBrushMaterial.uasset" 2824
"../../../Engine/Content/EditorLandscapeResources/ColorMaskBrushMaterial.uexp" 2825
"../../../Engine/Content/EditorLandscapeResources/ColorMaskBrushMaterial_MaskedRegion.uasset" 2826
"../../../Engine/Content/EditorLandscapeResources/ColorMaskBrushMaterial_MaskedRegion.uexp" 2827
"../../../Engine/Content/Functions/Engine_MaterialFunctions03/Blends/Blend_Screen.uasset" 2828
"../../../Engine/Content/Functions/Engine_MaterialFunctions03/Blends/Blend_Screen.uexp" 2829
"../../../Engine/Plugins/BlockoutToolPlugin/Content/Textures/T_Blockout_Grid.ubulk" 2830
"../../../Engine/Plugins/BlockoutToolPlugin/Content/Textures/T_Blockout_Grid.uasset" 2831
"../../../Engine/Plugins/BlockoutToolPlugin/Content/Textures/T_Blockout_Grid.uexp" 2832
"../../../Engine/Content/EngineMaterials/DefaultWhiteGrid.ubulk" 2833
"../../../Engine/Content/EngineMaterials/DefaultWhiteGrid.uasset" 2834
"../../../Engine/Content/EngineMaterials/DefaultWhiteGrid.uexp" 2835
"../../../Engine/Plugins/BlockoutToolPlugin/Content/Materials/Functions/MF_Blockout_Grid.uasset" 2836
"../../../Engine/Plugins/BlockoutToolPlugin/Content/Materials/Functions/MF_Blockout_Grid.uexp" 2837
"../../../Engine/Plugins/BlockoutToolPlugin/Content/Materials/Functions/MF_Blockout_Triplanar_Grid.uasset" 2838
"../../../Engine/Plugins/BlockoutToolPlugin/Content/Materials/Functions/MF_Blockout_Triplanar_Grid.uexp" 2839
"../../../Engine/Plugins/BlockoutToolPlugin/Content/Materials/M_BlockoutTools_Grid.uasset" 2840
"../../../Engine/Plugins/BlockoutToolPlugin/Content/Materials/M_BlockoutTools_Grid.uexp" 2841
"../../../Engine/Plugins/BlockoutToolPlugin/Content/Materials/MI_BlockoutTools_Grid.uasset" 2842
"../../../Engine/Plugins/BlockoutToolPlugin/Content/Materials/MI_BlockoutTools_Grid.uexp" 2843
"../../../Engine/Content/EngineMaterials/T_Default_Normal.ubulk" 2844
"../../../Engine/Content/EngineMaterials/T_Default_Normal.uasset" 2845
"../../../Engine/Content/EngineMaterials/T_Default_Normal.uexp" 2846
"../../../Engine/Content/EngineMaterials/T_Default_BaseColor.ubulk" 2847
"../../../Engine/Content/EngineMaterials/T_Default_BaseColor.uasset" 2848
"../../../Engine/Content/EngineMaterials/T_Default_BaseColor.uexp" 2849
"../../../Engine/Plugins/BlockoutToolPlugin/Content/Materials/Functions/MF_Blockout_Triplanar.uasset" 2850
"../../../Engine/Plugins/BlockoutToolPlugin/Content/Materials/Functions/MF_Blockout_Triplanar.uexp" 2851
"../../../Engine/Plugins/BlockoutToolPlugin/Content/Materials/Functions/MF_Blockout_Triplanar_Normal.uasset" 2852
"../../../Engine/Plugins/BlockoutToolPlugin/Content/Materials/Functions/MF_Blockout_Triplanar_Normal.uexp" 2853
"../../../Engine/Plugins/BlockoutToolPlugin/Content/Materials/M_BlockoutTools_Custom.uasset" 2854
"../../../Engine/Plugins/BlockoutToolPlugin/Content/Materials/M_BlockoutTools_Custom.uexp" 2855
"../../../Engine/Plugins/BlockoutToolPlugin/Content/Materials/MI_BlockoutTools_Custom.uasset" 2856
"../../../Engine/Plugins/BlockoutToolPlugin/Content/Materials/MI_BlockoutTools_Custom.uexp" 2857
"../../../Engine/Content/TemplateResources/M_Template_Master.uasset" 2858
"../../../Engine/Content/TemplateResources/M_Template_Master.uexp" 2859
"../../../Engine/Content/TemplateResources/MI_Template_BaseGray_03_Metal.uasset" 2860
"../../../Engine/Content/TemplateResources/MI_Template_BaseGray_03_Metal.uexp" 2861
"../../../Engine/Content/EngineResources/WhiteSquareTexture.uasset" 2862
"../../../Engine/Content/EngineResources/WhiteSquareTexture.uexp" 2863
"../../../Engine/Content/EngineMaterials/Widget3DPassThrough.uasset" 2864
"../../../Engine/Content/EngineMaterials/Widget3DPassThrough.uexp" 2865
"../../../Engine/Content/EngineMaterials/Widget3DPassThrough_Translucent.uasset" 2866
"../../../Engine/Content/EngineMaterials/Widget3DPassThrough_Translucent.uexp" 2867
"../../../Engine/Content/EngineMaterials/Widget3DPassThrough_Translucent_OneSided.uasset" 2868
"../../../Engine/Content/EngineMaterials/Widget3DPassThrough_Translucent_OneSided.uexp" 2869
"../../../Engine/Content/EngineMaterials/Widget3DPassThrough_Opaque.uasset" 2870
"../../../Engine/Content/EngineMaterials/Widget3DPassThrough_Opaque.uexp" 2871
"../../../Engine/Content/EngineMaterials/Widget3DPassThrough_Opaque_OneSided.uasset" 2872
"../../../Engine/Content/EngineMaterials/Widget3DPassThrough_Opaque_OneSided.uexp" 2873
"../../../Engine/Content/EngineMaterials/Widget3DPassThrough_Masked_OneSided.uasset" 2874
"../../../Engine/Content/EngineMaterials/Widget3DPassThrough_Masked_OneSided.uexp" 2875
"../../../Engine/Content/EngineMaterials/Widget3DPassThrough_Masked.uasset" 2876
"../../../Engine/Content/EngineMaterials/Widget3DPassThrough_Masked.uexp" 2877
"../../../Engine/Content/EngineSky/VolumetricClouds/VT_PerlinWorley_Balanced.uasset" 2878
"../../../Engine/Content/EngineSky/VolumetricClouds/VT_PerlinWorley_Balanced.uexp" 2879
"../../../Engine/Content/EngineSky/VolumetricClouds/T_Profile_08.ubulk" 2880
"../../../Engine/Content/EngineSky/VolumetricClouds/T_Profile_08.uasset" 2881
"../../../Engine/Content/EngineSky/VolumetricClouds/T_Profile_08.uexp" 2882
"../../../Engine/Content/EngineSky/VolumetricClouds/T_CloudPattern.ubulk" 2883
"../../../Engine/Content/EngineSky/VolumetricClouds/T_CloudPattern.uasset" 2884
"../../../Engine/Content/EngineSky/VolumetricClouds/T_CloudPattern.uexp" 2885
"../../../Engine/Content/EngineSky/VolumetricClouds/T_CloudMask.ubulk" 2886
"../../../Engine/Content/EngineSky/VolumetricClouds/T_CloudMask.uasset" 2887
"../../../Engine/Content/EngineSky/VolumetricClouds/T_CloudMask.uexp" 2888
"../../../Engine/Content/Functions/Engine_MaterialFunctions02/Utility/BreakOutFloat4Components.uasset" 2889
"../../../Engine/Content/Functions/Engine_MaterialFunctions02/Utility/BreakOutFloat4Components.uexp" 2890
"../../../Engine/Content/Functions/Engine_MaterialFunctions02/Utility/MakeFloat4.uasset" 2891
"../../../Engine/Content/Functions/Engine_MaterialFunctions02/Utility/MakeFloat4.uexp" 2892
"../../../Engine/Content/EngineResources/DefaultVolumeTexture2D.uasset" 2893
"../../../Engine/Content/EngineResources/DefaultVolumeTexture2D.uexp" 2894
"../../../Engine/Content/EngineResources/DefaultVolumeTexture.uasset" 2895
"../../../Engine/Content/EngineResources/DefaultVolumeTexture.uexp" 2896
"../../../Engine/Content/EngineSky/VolumetricClouds/VT_Lightning.uasset" 2897
"../../../Engine/Content/EngineSky/VolumetricClouds/VT_Lightning.uexp" 2898
"../../../Engine/Content/Functions/Engine_MaterialFunctions01/Units/Km-to-Cm.uasset" 2899
"../../../Engine/Content/Functions/Engine_MaterialFunctions01/Units/Km-to-Cm.uexp" 2900
"../../../Engine/Content/EngineSky/VolumetricClouds/m_SimpleVolumetricCloud.uasset" 2901
"../../../Engine/Content/EngineSky/VolumetricClouds/m_SimpleVolumetricCloud.uexp" 2902
"../../../Engine/Content/EngineSky/VolumetricClouds/m_SimpleVolumetricCloud_Inst.uasset" 2903
"../../../Engine/Content/EngineSky/VolumetricClouds/m_SimpleVolumetricCloud_Inst.uexp" 2904
"../../../Engine/Plugins/Interchange/Assets/Content/gltf/MaterialBodies/MF_Unlit_Body.uasset" 2905
"../../../Engine/Plugins/Interchange/Assets/Content/gltf/MaterialBodies/MF_Unlit_Body.uexp" 2906
"../../../Engine/Plugins/Interchange/Assets/Content/gltf/M_Unlit.uasset" 2907
"../../../Engine/Plugins/Interchange/Assets/Content/gltf/M_Unlit.uexp" 2908
"../../../Engine/Plugins/Interchange/Assets/Content/gltf/MaterialInstances/MI_Unlit_Opaque_DS.uasset" 2909
"../../../Engine/Plugins/Interchange/Assets/Content/gltf/MaterialInstances/MI_Unlit_Opaque_DS.uexp" 2910
"../../../Engine/Plugins/Interchange/Assets/Content/gltf/MaterialInstances/MI_Unlit_Opaque.uasset" 2911
"../../../Engine/Plugins/Interchange/Assets/Content/gltf/MaterialInstances/MI_Unlit_Opaque.uexp" 2912
"../../../Engine/Plugins/Interchange/Assets/Content/gltf/MaterialInstances/MI_Unlit_Mask_DS.uasset" 2913
"../../../Engine/Plugins/Interchange/Assets/Content/gltf/MaterialInstances/MI_Unlit_Mask_DS.uexp" 2914
"../../../Engine/Plugins/Interchange/Assets/Content/gltf/MaterialInstances/MI_Unlit_Mask.uasset" 2915
"../../../Engine/Plugins/Interchange/Assets/Content/gltf/MaterialInstances/MI_Unlit_Mask.uexp" 2916
"../../../Engine/Plugins/Interchange/Assets/Content/gltf/MaterialInstances/MI_Unlit_Blend_DS.uasset" 2917
"../../../Engine/Plugins/Interchange/Assets/Content/gltf/MaterialInstances/MI_Unlit_Blend_DS.uexp" 2918
"../../../Engine/Plugins/Interchange/Assets/Content/gltf/MaterialInstances/MI_Unlit_Blend.uasset" 2919
"../../../Engine/Plugins/Interchange/Assets/Content/gltf/MaterialInstances/MI_Unlit_Blend.uexp" 2920
"../../../Engine/Plugins/Interchange/Assets/Content/gltf/MaterialInstances/MI_Transmission.uasset" 2921
"../../../Engine/Plugins/Interchange/Assets/Content/gltf/MaterialInstances/MI_Transmission.uexp" 2922
"../../../Engine/Content/Functions/Engine_MaterialFunctions02/Math/AddComponents.uasset" 2923
"../../../Engine/Content/Functions/Engine_MaterialFunctions02/Math/AddComponents.uexp" 2924
"../../../Engine/Plugins/Interchange/Assets/Content/gltf/MaterialFunctions/MF_DiffuseSpecGloss.uasset" 2925
"../../../Engine/Plugins/Interchange/Assets/Content/gltf/MaterialFunctions/MF_DiffuseSpecGloss.uexp" 2926
"../../../Engine/Plugins/Interchange/Assets/Content/gltf/MaterialFunctions/MF_MaxComponentValue.uasset" 2927
"../../../Engine/Plugins/Interchange/Assets/Content/gltf/MaterialFunctions/MF_MaxComponentValue.uexp" 2928
"../../../Engine/Plugins/Interchange/Assets/Content/gltf/MaterialFunctions/MF_PerceivedBrightness.uasset" 2929
"../../../Engine/Plugins/Interchange/Assets/Content/gltf/MaterialFunctions/MF_PerceivedBrightness.uexp" 2930
"../../../Engine/Plugins/Interchange/Assets/Content/gltf/MaterialFunctions/MF_SpecGlossToMetalRoughness.uasset" 2931
"../../../Engine/Plugins/Interchange/Assets/Content/gltf/MaterialFunctions/MF_SpecGlossToMetalRoughness.uexp" 2932
"../../../Engine/Plugins/Interchange/Assets/Content/gltf/MaterialBodies/MF_SpecularGlossiness_Body.uasset" 2933
"../../../Engine/Plugins/Interchange/Assets/Content/gltf/MaterialBodies/MF_SpecularGlossiness_Body.uexp" 2934
"../../../Engine/Plugins/Interchange/Assets/Content/gltf/M_SpecularGlossiness.uasset" 2935
"../../../Engine/Plugins/Interchange/Assets/Content/gltf/M_SpecularGlossiness.uexp" 2936
"../../../Engine/Plugins/Interchange/Assets/Content/gltf/MaterialInstances/MI_SpecularGlossiness_Opaque_DS.uasset" 2937
"../../../Engine/Plugins/Interchange/Assets/Content/gltf/MaterialInstances/MI_SpecularGlossiness_Opaque_DS.uexp" 2938
"../../../Engine/Plugins/Interchange/Assets/Content/gltf/MaterialInstances/MI_SpecularGlossiness_Opaque.uasset" 2939
"../../../Engine/Plugins/Interchange/Assets/Content/gltf/MaterialInstances/MI_SpecularGlossiness_Opaque.uexp" 2940
"../../../Engine/Plugins/Interchange/Assets/Content/gltf/MaterialInstances/MI_SpecularGlossiness_Mask_DS.uasset" 2941
"../../../Engine/Plugins/Interchange/Assets/Content/gltf/MaterialInstances/MI_SpecularGlossiness_Mask_DS.uexp" 2942
"../../../Engine/Plugins/Interchange/Assets/Content/gltf/MaterialInstances/MI_SpecularGlossiness_Mask.uasset" 2943
"../../../Engine/Plugins/Interchange/Assets/Content/gltf/MaterialInstances/MI_SpecularGlossiness_Mask.uexp" 2944
"../../../Engine/Plugins/Interchange/Assets/Content/gltf/MaterialInstances/MI_SpecularGlossiness_Blend_DS.uasset" 2945
"../../../Engine/Plugins/Interchange/Assets/Content/gltf/MaterialInstances/MI_SpecularGlossiness_Blend_DS.uexp" 2946
"../../../Engine/Plugins/Interchange/Assets/Content/gltf/MaterialInstances/MI_SpecularGlossiness_Blend.uasset" 2947
"../../../Engine/Plugins/Interchange/Assets/Content/gltf/MaterialInstances/MI_SpecularGlossiness_Blend.uexp" 2948
"../../../Engine/Plugins/Interchange/Assets/Content/Utilities/New_LUT.uasset" 2949
"../../../Engine/Plugins/Interchange/Assets/Content/Utilities/New_LUT.uexp" 2950
"../../../Engine/Content/Functions/Engine_MaterialFunctions03/Math/RemapValueRange.uasset" 2951
"../../../Engine/Content/Functions/Engine_MaterialFunctions03/Math/RemapValueRange.uexp" 2952
"../../../Engine/Plugins/Interchange/Assets/Content/Functions/MF_Iridescence.uasset" 2953
"../../../Engine/Plugins/Interchange/Assets/Content/Functions/MF_Iridescence.uexp" 2954
"../../../Engine/Plugins/Interchange/Assets/Content/gltf/MaterialFunctions/MF_Sheen.uasset" 2955
"../../../Engine/Plugins/Interchange/Assets/Content/gltf/MaterialFunctions/MF_Sheen.uexp" 2956
"../../../Engine/Plugins/Interchange/Assets/Content/gltf/MaterialBodies/MF_Sheen_Body.uasset" 2957
"../../../Engine/Plugins/Interchange/Assets/Content/gltf/MaterialBodies/MF_Sheen_Body.uexp" 2958
"../../../Engine/Plugins/Interchange/Assets/Content/gltf/M_Sheen.uasset" 2959
"../../../Engine/Plugins/Interchange/Assets/Content/gltf/M_Sheen.uexp" 2960
"../../../Engine/Plugins/Interchange/Assets/Content/gltf/MaterialInstances/MI_Sheen_Opaque_DS.uasset" 2961
"../../../Engine/Plugins/Interchange/Assets/Content/gltf/MaterialInstances/MI_Sheen_Opaque_DS.uexp" 2962
"../../../Engine/Plugins/Interchange/Assets/Content/gltf/MaterialInstances/MI_Sheen_Opaque.uasset" 2963
"../../../Engine/Plugins/Interchange/Assets/Content/gltf/MaterialInstances/MI_Sheen_Opaque.uexp" 2964
"../../../Engine/Plugins/Interchange/Assets/Content/gltf/MaterialInstances/MI_Sheen_Mask_DS.uasset" 2965
"../../../Engine/Plugins/Interchange/Assets/Content/gltf/MaterialInstances/MI_Sheen_Mask_DS.uexp" 2966
"../../../Engine/Plugins/Interchange/Assets/Content/gltf/MaterialInstances/MI_Sheen_Mask.uasset" 2967
"../../../Engine/Plugins/Interchange/Assets/Content/gltf/MaterialInstances/MI_Sheen_Mask.uexp" 2968
"../../../Engine/Plugins/Interchange/Assets/Content/gltf/MaterialInstances/MI_Sheen_Blend_DS.uasset" 2969
"../../../Engine/Plugins/Interchange/Assets/Content/gltf/MaterialInstances/MI_Sheen_Blend_DS.uexp" 2970
"../../../Engine/Plugins/Interchange/Assets/Content/gltf/MaterialInstances/MI_Sheen_Blend.uasset" 2971
"../../../Engine/Plugins/Interchange/Assets/Content/gltf/MaterialInstances/MI_Sheen_Blend.uexp" 2972
"../../../Engine/Plugins/Interchange/Assets/Content/gltf/MaterialInstances/MI_Default_Mask_DS.uasset" 2973
"../../../Engine/Plugins/Interchange/Assets/Content/gltf/MaterialInstances/MI_Default_Mask_DS.uexp" 2974
"../../../Engine/Plugins/Interchange/Assets/Content/gltf/MaterialInstances/MI_Default_Mask.uasset" 2975
"../../../Engine/Plugins/Interchange/Assets/Content/gltf/MaterialInstances/MI_Default_Mask.uexp" 2976
"../../../Engine/Plugins/Interchange/Assets/Content/gltf/MaterialInstances/MI_Default_Blend_DS.uasset" 2977
"../../../Engine/Plugins/Interchange/Assets/Content/gltf/MaterialInstances/MI_Default_Blend_DS.uexp" 2978
"../../../Engine/Plugins/Interchange/Assets/Content/gltf/MaterialInstances/MI_Default_Blend.uasset" 2979
"../../../Engine/Plugins/Interchange/Assets/Content/gltf/MaterialInstances/MI_Default_Blend.uexp" 2980
"../../../Engine/Plugins/Interchange/Assets/Content/gltf/MaterialFunctions/MF_Clearcoat.uasset" 2981
"../../../Engine/Plugins/Interchange/Assets/Content/gltf/MaterialFunctions/MF_Clearcoat.uexp" 2982
"../../../Engine/Plugins/Interchange/Assets/Content/gltf/MaterialBodies/MF_ClearCoat_Body.uasset" 2983
"../../../Engine/Plugins/Interchange/Assets/Content/gltf/MaterialBodies/MF_ClearCoat_Body.uexp" 2984
"../../../Engine/Plugins/Interchange/Assets/Content/gltf/M_ClearCoat.uasset" 2985
"../../../Engine/Plugins/Interchange/Assets/Content/gltf/M_ClearCoat.uexp" 2986
"../../../Engine/Plugins/Interchange/Assets/Content/gltf/MaterialInstances/MI_ClearCoat_Opaque_DS.uasset" 2987
"../../../Engine/Plugins/Interchange/Assets/Content/gltf/MaterialInstances/MI_ClearCoat_Opaque_DS.uexp" 2988
"../../../Engine/Plugins/Interchange/Assets/Content/gltf/MaterialInstances/MI_ClearCoat_Opaque.uasset" 2989
"../../../Engine/Plugins/Interchange/Assets/Content/gltf/MaterialInstances/MI_ClearCoat_Opaque.uexp" 2990
"../../../Engine/Plugins/Interchange/Assets/Content/gltf/MaterialInstances/MI_ClearCoat_Mask_DS.uasset" 2991
"../../../Engine/Plugins/Interchange/Assets/Content/gltf/MaterialInstances/MI_ClearCoat_Mask_DS.uexp" 2992
"../../../Engine/Plugins/Interchange/Assets/Content/gltf/MaterialInstances/MI_ClearCoat_Mask.uasset" 2993
"../../../Engine/Plugins/Interchange/Assets/Content/gltf/MaterialInstances/MI_ClearCoat_Mask.uexp" 2994
"../../../Engine/Plugins/Interchange/Assets/Content/gltf/MaterialInstances/MI_ClearCoat_Blend_DS.uasset" 2995
"../../../Engine/Plugins/Interchange/Assets/Content/gltf/MaterialInstances/MI_ClearCoat_Blend_DS.uexp" 2996
"../../../Engine/Plugins/Interchange/Assets/Content/gltf/MaterialInstances/MI_ClearCoat_Blend.uasset" 2997
"../../../Engine/Plugins/Interchange/Assets/Content/gltf/MaterialInstances/MI_ClearCoat_Blend.uexp" 2998
"../../../Engine/Content/EngineMaterials/Substrate/Volume/SubstrateSimpleVolumeLUT3D.uasset" 2999
"../../../Engine/Content/EngineMaterials/Substrate/Volume/SubstrateSimpleVolumeLUT3D.uexp" 3000
"../../../Engine/Content/EngineMaterials/Substrate/Volume/SubstrateSimpleVolumeEnvLUT3D.uasset" 3001
"../../../Engine/Content/EngineMaterials/Substrate/Volume/SubstrateSimpleVolumeEnvLUT3D.uexp" 3002
"../../../Engine/Plugins/NNE/NNEDenoiser/Content/NNED_Oidn2-3_HighQuality_Alpha.uasset" 3003
"../../../Engine/Plugins/NNE/NNEDenoiser/Content/NNED_Oidn2-3_HighQuality_Alpha.uexp" 3004
"../../../Engine/Plugins/NNE/NNEDenoiser/Content/NNED_Oidn2-3_HighQuality.uasset" 3005
"../../../Engine/Plugins/NNE/NNEDenoiser/Content/NNED_Oidn2-3_HighQuality.uexp" 3006
"../../../Engine/Plugins/NNE/NNEDenoiser/Content/NNED_Oidn2-3_Fast_Alpha.uasset" 3007
"../../../Engine/Plugins/NNE/NNEDenoiser/Content/NNED_Oidn2-3_Fast_Alpha.uexp" 3008
"../../../Engine/Plugins/NNE/NNEDenoiser/Content/NNED_Oidn2-3_Fast.uasset" 3009
"../../../Engine/Plugins/NNE/NNEDenoiser/Content/NNED_Oidn2-3_Fast.uexp" 3010
"../../../Engine/Plugins/NNE/NNEDenoiser/Content/NNED_Oidn2-3_Balanced_Alpha.uasset" 3011
"../../../Engine/Plugins/NNE/NNEDenoiser/Content/NNED_Oidn2-3_Balanced_Alpha.uexp" 3012
"../../../Engine/Plugins/NNE/NNEDenoiser/Content/NNED_Oidn2-3_Balanced.uasset" 3013
"../../../Engine/Plugins/NNE/NNEDenoiser/Content/NNED_Oidn2-3_Balanced.uexp" 3014
"../../../Engine/Plugins/NNE/NNEDenoiser/Content/NNEDT_Oidn2-3_Balanced_Alpha.uasset" 3015
"../../../Engine/Plugins/NNE/NNEDenoiser/Content/NNEDT_Oidn2-3_Balanced_Alpha.uexp" 3016
"../../../Engine/Plugins/NNE/NNEDenoiser/Content/NNEDT_Oidn2-3_Balanced.uasset" 3017
"../../../Engine/Plugins/NNE/NNEDenoiser/Content/NNEDT_Oidn2-3_Balanced.uexp" 3018
"../../../Engine/Plugins/Animation/DeformerGraph/Content/DeformerFunctions/DG_Function_LinearBlendSkin_Morph_Cloth_PositionOnly.uasset" 3019
"../../../Engine/Plugins/Animation/DeformerGraph/Content/DeformerFunctions/DG_Function_LinearBlendSkin_Morph_Cloth_PositionOnly.uexp" 3020
"../../../Engine/Plugins/Animation/DeformerGraph/Content/DeformerFunctions/DG_Function_ComputeNormalsTangents.uasset" 3021
"../../../Engine/Plugins/Animation/DeformerGraph/Content/DeformerFunctions/DG_Function_ComputeNormalsTangents.uexp" 3022
"../../../Engine/Plugins/Animation/DeformerGraph/Content/Deformers/DG_LinearBlendSkin_Morph_Cloth_RecomputeNormals.uasset" 3023
"../../../Engine/Plugins/Animation/DeformerGraph/Content/Deformers/DG_LinearBlendSkin_Morph_Cloth_RecomputeNormals.uexp" 3024
"../../../Engine/Plugins/Animation/DeformerGraph/Content/DeformerFunctions/DG_Function_LinearBlendSkin_Morph_Cloth.uasset" 3025
"../../../Engine/Plugins/Animation/DeformerGraph/Content/DeformerFunctions/DG_Function_LinearBlendSkin_Morph_Cloth.uexp" 3026
"../../../Engine/Plugins/Animation/DeformerGraph/Content/Deformers/DG_LinearBlendSkin_Morph_Cloth.uasset" 3027
"../../../Engine/Plugins/Animation/DeformerGraph/Content/Deformers/DG_LinearBlendSkin_Morph_Cloth.uexp" 3028
"../../../Engine/Content/VREditor/Sounds/UI/Drop_Item_From_ContentBrowser.ubulk" 3029
"../../../Engine/Content/VREditor/Sounds/UI/Drop_Item_From_ContentBrowser.uasset" 3030
"../../../Engine/Content/VREditor/Sounds/UI/Drop_Item_From_ContentBrowser.uexp" 3031
"../../../Engine/Content/VREditor/TransformGizmo/TransformGizmoMaterial_Inst.uasset" 3032
"../../../Engine/Content/VREditor/TransformGizmo/TransformGizmoMaterial_Inst.uexp" 3033
"../../../Engine/Content/VREditor/TransformGizmo/TranslucentTransformGizmoMaterial_Inst.uasset" 3034
"../../../Engine/Content/VREditor/TransformGizmo/TranslucentTransformGizmoMaterial_Inst.uexp" 3035
"../../../Engine/Content/VREditor/SnapGrid/SnapGridMaterial.uasset" 3036
"../../../Engine/Content/VREditor/SnapGrid/SnapGridMaterial.uexp" 3037
"../../../Engine/Content/VREditor/SnapGrid/SnapGridPlaneMesh.ubulk" 3038
"../../../Engine/Content/VREditor/SnapGrid/SnapGridPlaneMesh.uasset" 3039
"../../../Engine/Content/VREditor/SnapGrid/SnapGridPlaneMesh.uexp" 3040
"../../../Engine/Content/VREditor/Sounds/UI/Gizmo_Handle_Clicked.ubulk" 3041
"../../../Engine/Content/VREditor/Sounds/UI/Gizmo_Handle_Clicked.uasset" 3042
"../../../Engine/Content/VREditor/Sounds/UI/Gizmo_Handle_Clicked.uexp" 3043
"../../../Engine/Content/VREditor/Sounds/UI/Object_PickUp.ubulk" 3044
"../../../Engine/Content/VREditor/Sounds/UI/Object_PickUp.uasset" 3045
"../../../Engine/Content/VREditor/Sounds/UI/Object_PickUp.uexp" 3046
"../../../Engine/Content/VREditor/Sounds/UI/Object_Snaps_To_Another_Actor.ubulk" 3047
"../../../Engine/Content/VREditor/Sounds/UI/Object_Snaps_To_Another_Actor.uasset" 3048
"../../../Engine/Content/VREditor/Sounds/UI/Object_Snaps_To_Another_Actor.uexp" 3049
"../../../Engine/Content/VREditor/Sounds/UI/Object_Snaps_To_Grid.ubulk" 3050
"../../../Engine/Content/VREditor/Sounds/UI/Object_Snaps_To_Grid.uasset" 3051
"../../../Engine/Content/VREditor/Sounds/UI/Object_Snaps_To_Grid.uexp" 3052
"../../../Engine/Content/VREditor/Sounds/UI/Scaling_Down.ubulk" 3053
"../../../Engine/Content/VREditor/Sounds/UI/Scaling_Down.uasset" 3054
"../../../Engine/Content/VREditor/Sounds/UI/Scaling_Down.uexp" 3055
"../../../Engine/Content/VREditor/Sounds/UI/Scaling_Up.ubulk" 3056
"../../../Engine/Content/VREditor/Sounds/UI/Scaling_Up.uasset" 3057
"../../../Engine/Content/VREditor/Sounds/UI/Scaling_Up.uexp" 3058
"../../../Engine/Content/VREditor/Sounds/UI/Selection_Changes.ubulk" 3059
"../../../Engine/Content/VREditor/Sounds/UI/Selection_Changes.uasset" 3060
"../../../Engine/Content/VREditor/Sounds/UI/Selection_Changes.uexp" 3061
"../../../Engine/Content/VREditor/TransformGizmo/PlaneTranslationHandle.ubulk" 3062
"../../../Engine/Content/VREditor/TransformGizmo/PlaneTranslationHandle.uasset" 3063
"../../../Engine/Content/VREditor/TransformGizmo/PlaneTranslationHandle.uexp" 3064
"../../../Engine/Content/VREditor/TransformGizmo/RotationHandleFull.ubulk" 3065
"../../../Engine/Content/VREditor/TransformGizmo/RotationHandleFull.uasset" 3066
"../../../Engine/Content/VREditor/TransformGizmo/RotationHandleFull.uexp" 3067
"../../../Engine/Content/VREditor/TransformGizmo/RotationHandleIndicator.ubulk" 3068
"../../../Engine/Content/VREditor/TransformGizmo/RotationHandleIndicator.uasset" 3069
"../../../Engine/Content/VREditor/TransformGizmo/RotationHandleIndicator.uexp" 3070
"../../../Engine/Content/VREditor/TransformGizmo/RotationHandleQuarter.ubulk" 3071
"../../../Engine/Content/VREditor/TransformGizmo/RotationHandleQuarter.uasset" 3072
"../../../Engine/Content/VREditor/TransformGizmo/RotationHandleQuarter.uexp" 3073
"../../../Engine/Content/VREditor/TransformGizmo/StartRotationHandleIndicator.ubulk" 3074
"../../../Engine/Content/VREditor/TransformGizmo/StartRotationHandleIndicator.uasset" 3075
"../../../Engine/Content/VREditor/TransformGizmo/StartRotationHandleIndicator.uexp" 3076
"../../../Engine/Content/VREditor/TransformGizmo/TransformGizmoFreeRotation.ubulk" 3077
"../../../Engine/Content/VREditor/TransformGizmo/TransformGizmoFreeRotation.uasset" 3078
"../../../Engine/Content/VREditor/TransformGizmo/TransformGizmoFreeRotation.uexp" 3079
"../../../Engine/Content/VREditor/TransformGizmo/TranslateArrowHandle.ubulk" 3080
"../../../Engine/Content/VREditor/TransformGizmo/TranslateArrowHandle.uasset" 3081
"../../../Engine/Content/VREditor/TransformGizmo/TranslateArrowHandle.uexp" 3082
"../../../Engine/Content/VREditor/TransformGizmo/UniformScaleHandle.ubulk" 3083
"../../../Engine/Content/VREditor/TransformGizmo/UniformScaleHandle.uasset" 3084
"../../../Engine/Content/VREditor/TransformGizmo/UniformScaleHandle.uexp" 3085
"../../../Engine/Content/EngineResources/LandscapeVisibilityLayerInfo.uasset" 3086
"../../../Engine/Content/EngineResources/LandscapeVisibilityLayerInfo.uexp" 3087
"C:/Users/Alvar/Downloads/Level Design/NAlvarez_SchoolMap/LevelDesign/Content/NAlvarez_SchoolLevel.uexp" 3088
"C:/Users/Alvar/Downloads/Level Design/NAlvarez_SchoolMap/LevelDesign/Content/NAlvarez_SchoolLevel.umap" 3089
"../../../Engine/Content/Maps/Entry_BuiltData.uasset" 3090
"../../../Engine/Content/Maps/Entry_BuiltData.uexp" 3091
"../../../Engine/Content/Maps/Entry.uexp" 3092
"../../../Engine/Content/Maps/Entry.umap" 3093
"C:/Users/Alvar/Downloads/Level Design/NAlvarez_SchoolMap/LevelDesign/Content/NAlvarez_SchoolLevel/_Generated_/63K666MHG8RZWISN1FL0R8T0B.uexp" 3094
"C:/Users/Alvar/Downloads/Level Design/NAlvarez_SchoolMap/LevelDesign/Content/NAlvarez_SchoolLevel/_Generated_/63K666MHG8RZWISN1FL0R8T0B.umap" 3095
"C:/Users/Alvar/Downloads/Level Design/NAlvarez_SchoolMap/LevelDesign/Content/NAlvarez_SchoolLevel/_Generated_/5DKZ5SQWKEO8NIOYMMHBVH69T.uexp" 3096
"C:/Users/Alvar/Downloads/Level Design/NAlvarez_SchoolMap/LevelDesign/Content/NAlvarez_SchoolLevel/_Generated_/5DKZ5SQWKEO8NIOYMMHBVH69T.umap" 3097
"C:/Users/Alvar/Downloads/Level Design/NAlvarez_SchoolMap/LevelDesign/Content/NAlvarez_SchoolLevel/_Generated_/BP92MCIQHCAGYSHXVHKUJY0QD.uexp" 3098
"C:/Users/Alvar/Downloads/Level Design/NAlvarez_SchoolMap/LevelDesign/Content/NAlvarez_SchoolLevel/_Generated_/BP92MCIQHCAGYSHXVHKUJY0QD.umap" 3099
"C:/Users/Alvar/Downloads/Level Design/NAlvarez_SchoolMap/LevelDesign/Content/NAlvarez_SchoolLevel/_Generated_/06D8MY7SOOIQUW2W1TZWC2EGE.uexp" 3100
"C:/Users/Alvar/Downloads/Level Design/NAlvarez_SchoolMap/LevelDesign/Content/NAlvarez_SchoolLevel/_Generated_/06D8MY7SOOIQUW2W1TZWC2EGE.umap" 3101
"C:/Users/Alvar/Downloads/Level Design/NAlvarez_SchoolMap/LevelDesign/Content/NAlvarez_SchoolLevel/_Generated_/5KRMGMB8VYXOQ3ESEAN4734I7.uexp" 3102
"C:/Users/Alvar/Downloads/Level Design/NAlvarez_SchoolMap/LevelDesign/Content/NAlvarez_SchoolLevel/_Generated_/5KRMGMB8VYXOQ3ESEAN4734I7.umap" 3103
